concept_id,label_ko,grade,domain,unit,confidence,source_ref_count,source_count,evidence_kind_count,sources,evidence_kinds,has_curriculum_evidence,has_achievement_evidence,has_textbook_evidence,evidence_depth,needs_textbook_evidence
m1_num_domain,수와 연산,중학교(교육과정 학년군: 중1-3),수와 연산,수와 연산,high,10,1,1,curriculum_math_2022,achievement_standard,yes,no,no,official_single_source,yes
m1_num_prime_factor_unit,소인수분해,중1(교육과정 학년군: 중1-3),수와 연산,소인수분해,high,5,2,3,achievement_math_2022; curriculum_math_2022,achievement_level; achievement_standard; teaching_note,yes,yes,no,official_dual_source,yes
m1_num_natural_number,자연수,중1(교육과정 학년군: 중1-3),수와 연산,소인수분해,high,3,2,3,achievement_math_2022; curriculum_math_2022,achievement_level; achievement_standard; teaching_note,yes,yes,no,official_dual_source,yes
m1_num_prime_number,소수,중1(교육과정 학년군: 중1-3),수와 연산,소인수분해,high,3,2,3,achievement_math_2022; curriculum_math_2022,achievement_level; achievement_standard; term_list,yes,yes,no,official_dual_source,yes
m1_num_composite_number,합성수,중1(교육과정 학년군: 중1-3),수와 연산,소인수분해,high,3,2,3,achievement_math_2022; curriculum_math_2022,achievement_level; achievement_standard; term_list,yes,yes,no,official_dual_source,yes
m1_num_prime_factor,소인수,중1(교육과정 학년군: 중1-3),수와 연산,소인수분해,high,3,2,3,achievement_math_2022; curriculum_math_2022,achievement_level; achievement_standard; term_list,yes,yes,no,official_dual_source,yes
m1_num_prime_factorization,소인수분해,중1(교육과정 학년군: 중1-3),수와 연산,소인수분해,high,3,2,3,achievement_math_2022; curriculum_math_2022,achievement_level; achievement_standard; term_list,yes,yes,no,official_dual_source,yes
m1_num_prime_factor_product,소인수의 곱으로 표현하기,중1(교육과정 학년군: 중1-3),수와 연산,소인수분해,high,2,2,2,achievement_math_2022; curriculum_math_2022,achievement_level; achievement_standard,yes,yes,no,official_dual_source,yes
m1_num_coprime,서로소,중1(교육과정 학년군: 중1-3),수와 연산,소인수분해,medium,2,1,2,curriculum_math_2022,achievement_standard; term_list,yes,no,no,official_single_source,yes
m1_num_divisor,약수,중1(교육과정 학년군: 중1-3),수와 연산,소인수분해,medium,3,2,3,achievement_math_2022; curriculum_math_2022,achievement_level; achievement_standard; teaching_note,yes,yes,no,official_dual_source,yes
m1_num_multiple,배수,중1(교육과정 학년군: 중1-3),수와 연산,소인수분해,medium,3,2,3,achievement_math_2022; curriculum_math_2022,achievement_level; achievement_standard; teaching_note,yes,yes,no,official_dual_source,yes
m1_num_gcd,최대공약수,중1(교육과정 학년군: 중1-3),수와 연산,소인수분해,high,3,2,3,achievement_math_2022; curriculum_math_2022,achievement_level; achievement_standard; teaching_note,yes,yes,no,official_dual_source,yes
m1_num_lcm,최소공배수,중1(교육과정 학년군: 중1-3),수와 연산,소인수분해,high,3,2,3,achievement_math_2022; curriculum_math_2022,achievement_level; achievement_standard; teaching_note,yes,yes,no,official_dual_source,yes
m1_num_find_gcd_lcm_prime_factorization,소인수분해로 최대공약수와 최소공배수 구하기,중1(교육과정 학년군: 중1-3),수와 연산,소인수분해,high,3,2,3,achievement_math_2022; curriculum_math_2022,achievement_level; achievement_standard; teaching_note,yes,yes,no,official_dual_source,yes
m1_mis_prime_one,1을 소수나 합성수로 보는 오류,중1(교육과정 학년군: 중1-3),수와 연산,소인수분해,low,2,2,2,achievement_math_2022; curriculum_math_2022,achievement_level; achievement_standard,yes,yes,no,official_dual_source,yes
m1_mis_gcd_lcm_scope,최대공약수·최소공배수 활용 문제를 범위로 오인하는 오류,중1(교육과정 학년군: 중1-3),수와 연산,소인수분해,low,1,1,1,curriculum_math_2022,teaching_note,yes,no,no,official_single_source,yes
m1_num_integer_rational_unit,정수와 유리수,중1(교육과정 학년군: 중1-3),수와 연산,정수와 유리수,high,7,2,3,achievement_math_2022; curriculum_math_2022,achievement_level; achievement_standard; teaching_note,yes,yes,no,official_dual_source,yes
m1_num_negative_need,음수의 필요성,중1(교육과정 학년군: 중1-3),수와 연산,정수와 유리수,high,2,2,2,achievement_math_2022; curriculum_math_2022,achievement_level; achievement_standard,yes,yes,no,official_dual_source,yes
m1_num_positive_number,양수,중1(교육과정 학년군: 중1-3),수와 연산,정수와 유리수,high,3,2,3,achievement_math_2022; curriculum_math_2022,achievement_level; achievement_standard; term_list,yes,yes,no,official_dual_source,yes
m1_num_negative_number,음수,중1(교육과정 학년군: 중1-3),수와 연산,정수와 유리수,high,3,2,3,achievement_math_2022; curriculum_math_2022,achievement_level; achievement_standard; term_list,yes,yes,no,official_dual_source,yes
m1_num_positive_integer,양의 정수,중1(교육과정 학년군: 중1-3),수와 연산,정수와 유리수,high,3,2,3,achievement_math_2022; curriculum_math_2022,achievement_level; achievement_standard; term_list,yes,yes,no,official_dual_source,yes
m1_num_negative_integer,음의 정수,중1(교육과정 학년군: 중1-3),수와 연산,정수와 유리수,high,3,2,3,achievement_math_2022; curriculum_math_2022,achievement_level; achievement_standard; term_list,yes,yes,no,official_dual_source,yes
m1_num_integer,정수,중1(교육과정 학년군: 중1-3),수와 연산,정수와 유리수,high,3,2,3,achievement_math_2022; curriculum_math_2022,achievement_level; achievement_standard; term_list,yes,yes,no,official_dual_source,yes
m1_num_rational_number,유리수,중1(교육과정 학년군: 중1-3),수와 연산,정수와 유리수,high,5,2,3,achievement_math_2022; curriculum_math_2022,achievement_level; achievement_standard; term_list,yes,yes,no,official_dual_source,yes
m1_num_ratio,비,중1(교육과정 학년군: 중1-3),수와 연산,공통 선수개념,low,15,3,5,achievement_math_2022; achievement_research_report_2022; curriculum_math_2022,achievement_level; achievement_standard; research_report_assessment_item_context; research_report_prerequisite_context; teaching_note,yes,yes,no,official_dual_source,yes
m1_num_positive_rational,양의 유리수,중1(교육과정 학년군: 중1-3),수와 연산,정수와 유리수,high,3,2,3,achievement_math_2022; curriculum_math_2022,achievement_level; achievement_standard; term_list,yes,yes,no,official_dual_source,yes
m1_num_negative_rational,음의 유리수,중1(교육과정 학년군: 중1-3),수와 연산,정수와 유리수,high,3,2,3,achievement_math_2022; curriculum_math_2022,achievement_level; achievement_standard; term_list,yes,yes,no,official_dual_source,yes
m1_num_number_line,수직선,중1(교육과정 학년군: 중1-3),수와 연산,정수와 유리수,high,3,2,3,achievement_math_2022; curriculum_math_2022,achievement_level; achievement_standard; term_list,yes,yes,no,official_dual_source,yes
m1_num_absolute_value,절댓값,중1(교육과정 학년군: 중1-3),수와 연산,정수와 유리수,high,3,2,3,achievement_math_2022; curriculum_math_2022,achievement_level; achievement_standard; term_list,yes,yes,no,official_dual_source,yes
m1_num_plus_sign,양의 부호,중1(교육과정 학년군: 중1-3),수와 연산,정수와 유리수,medium,1,1,1,curriculum_math_2022,term_list,yes,no,no,official_single_source,yes
m1_num_minus_sign,음의 부호,중1(교육과정 학년군: 중1-3),수와 연산,정수와 유리수,medium,1,1,1,curriculum_math_2022,term_list,yes,no,no,official_single_source,yes
m1_num_order_relation,정수와 유리수의 대소 관계,중1(교육과정 학년군: 중1-3),수와 연산,정수와 유리수,high,3,2,3,achievement_math_2022; curriculum_math_2022,achievement_level; achievement_standard; term_list,yes,yes,no,official_dual_source,yes
m1_num_four_operations,정수와 유리수의 사칙계산,중1(교육과정 학년군: 중1-3),수와 연산,정수와 유리수,high,3,2,3,achievement_math_2022; curriculum_math_2022,achievement_level; achievement_standard; teaching_note,yes,yes,no,official_dual_source,yes
m1_num_addition,덧셈,중1(교육과정 학년군: 중1-3),수와 연산,정수와 유리수,medium,2,2,2,achievement_math_2022; curriculum_math_2022,achievement_level; achievement_standard,yes,yes,no,official_dual_source,yes
m1_num_subtraction,뺄셈,중1(교육과정 학년군: 중1-3),수와 연산,정수와 유리수,medium,2,2,2,achievement_math_2022; curriculum_math_2022,achievement_level; achievement_standard,yes,yes,no,official_dual_source,yes
m1_num_multiplication,곱셈,중1(교육과정 학년군: 중1-3),수와 연산,정수와 유리수,medium,2,2,2,achievement_math_2022; curriculum_math_2022,achievement_level; achievement_standard,yes,yes,no,official_dual_source,yes
m1_num_division,나눗셈,중1(교육과정 학년군: 중1-3),수와 연산,정수와 유리수,medium,2,2,2,achievement_math_2022; curriculum_math_2022,achievement_level; achievement_standard,yes,yes,no,official_dual_source,yes
m1_num_integer_rational_add_sub,정수와 유리수의 덧셈과 뺄셈,중1(교육과정 학년군: 중1-3),수와 연산,정수와 유리수,high,2,2,2,achievement_math_2022; curriculum_math_2022,achievement_level; achievement_standard,yes,yes,no,official_dual_source,yes
m1_num_integer_rational_mul_div,정수와 유리수의 곱셈과 나눗셈,중1(교육과정 학년군: 중1-3),수와 연산,정수와 유리수,high,2,2,2,achievement_math_2022; curriculum_math_2022,achievement_level; achievement_standard,yes,yes,no,official_dual_source,yes
m1_num_operation_laws,연산 법칙,중1(교육과정 학년군: 중1-3),수와 연산,정수와 유리수,high,3,2,3,achievement_math_2022; curriculum_math_2022,achievement_level; achievement_standard; term_list,yes,yes,no,official_dual_source,yes
m1_num_commutative_law,교환법칙,중1(교육과정 학년군: 중1-3),수와 연산,정수와 유리수,high,2,2,2,achievement_math_2022; curriculum_math_2022,achievement_level; term_list,yes,yes,no,official_dual_source,yes
m1_num_associative_law,결합법칙,중1(교육과정 학년군: 중1-3),수와 연산,정수와 유리수,high,2,2,2,achievement_math_2022; curriculum_math_2022,achievement_level; term_list,yes,yes,no,official_dual_source,yes
m1_num_distributive_law,분배법칙,중1(교육과정 학년군: 중1-3),수와 연산,정수와 유리수,high,2,2,2,achievement_math_2022; curriculum_math_2022,achievement_level; term_list,yes,yes,no,official_dual_source,yes
m1_num_reciprocal,역수,중1(교육과정 학년군: 중1-3),수와 연산,정수와 유리수,high,3,2,3,achievement_math_2022; curriculum_math_2022,achievement_level; achievement_standard; term_list,yes,yes,no,official_dual_source,yes
m1_num_mixed_calculation,정수와 유리수의 혼합계산,중1(교육과정 학년군: 중1-3),수와 연산,정수와 유리수,medium,3,2,3,achievement_math_2022; curriculum_math_2022,achievement_level; achievement_standard; teaching_note,yes,yes,no,official_dual_source,yes
m1_mis_sign_operation,부호와 연산 기호를 혼동하는 오류,중1(교육과정 학년군: 중1-3),수와 연산,정수와 유리수,low,2,2,2,achievement_math_2022; curriculum_math_2022,achievement_level; term_list,yes,yes,no,official_dual_source,yes
m1_mis_absolute_value_positive,절댓값을 항상 양수로만 말하는 오류,중1(교육과정 학년군: 중1-3),수와 연산,정수와 유리수,low,2,2,2,achievement_math_2022; curriculum_math_2022,achievement_level; term_list,yes,yes,no,official_dual_source,yes
m1_mis_negative_order,음수의 대소를 절댓값 크기로 판단하는 오류,중1(교육과정 학년군: 중1-3),수와 연산,정수와 유리수,low,2,2,2,achievement_math_2022; curriculum_math_2022,achievement_level; achievement_standard,yes,yes,no,official_dual_source,yes
m1_num_repeating_decimal_unit,유리수와 순환소수,중2(교육과정 학년군: 중1-3),수와 연산,유리수와 순환소수,high,3,2,3,achievement_math_2022; curriculum_math_2022,achievement_level; achievement_standard; teaching_note,yes,yes,no,official_dual_source,yes
m1_num_finite_decimal,유한소수,중2(교육과정 학년군: 중1-3),수와 연산,유리수와 순환소수,high,3,2,3,achievement_math_2022; curriculum_math_2022,achievement_level; achievement_standard; term_list,yes,yes,no,official_dual_source,yes
m1_num_infinite_decimal,무한소수,중2(교육과정 학년군: 중1-3),수와 연산,유리수와 순환소수,high,3,2,3,achievement_math_2022; curriculum_math_2022,achievement_level; achievement_standard; term_list,yes,yes,no,official_dual_source,yes
m1_num_repeating_decimal,순환소수,중2(교육과정 학년군: 중1-3),수와 연산,유리수와 순환소수,high,3,2,3,achievement_math_2022; curriculum_math_2022,achievement_level; achievement_standard; term_list,yes,yes,no,official_dual_source,yes
m1_num_repetend,순환마디,중2(교육과정 학년군: 중1-3),수와 연산,유리수와 순환소수,high,3,2,3,achievement_math_2022; curriculum_math_2022,achievement_level; achievement_standard; term_list,yes,yes,no,official_dual_source,yes
m1_num_repeating_decimal_notation,순환소수 표현,중2(교육과정 학년군: 중1-3),수와 연산,유리수와 순환소수,high,3,2,3,achievement_math_2022; curriculum_math_2022,achievement_level; achievement_standard; term_list,yes,yes,no,official_dual_source,yes
m1_num_rational_repeating_relation,유리수와 순환소수의 관계,중2(교육과정 학년군: 중1-3),수와 연산,유리수와 순환소수,high,3,2,3,achievement_math_2022; curriculum_math_2022,achievement_level; achievement_standard; teaching_note,yes,yes,no,official_dual_source,yes
m1_num_repeating_decimal_to_fraction,순환소수를 분수로 나타내기,중2(교육과정 학년군: 중1-3),수와 연산,유리수와 순환소수,high,2,2,2,achievement_math_2022; curriculum_math_2022,achievement_level; teaching_note,yes,yes,no,official_dual_source,yes
m1_num_fraction_decimal_classification,분수가 유한소수 또는 순환소수로 나타나는지 구분하기,중2(교육과정 학년군: 중1-3),수와 연산,유리수와 순환소수,medium,1,1,1,achievement_math_2022,achievement_level,no,yes,no,official_single_source,yes
m1_mis_finite_to_repeating_scope,유한소수를 순환소수로 나타내는 활동을 범위로 오인하는 오류,중2(교육과정 학년군: 중1-3),수와 연산,유리수와 순환소수,low,1,1,1,curriculum_math_2022,teaching_note,yes,no,no,official_single_source,yes
m1_num_square_root_real_unit,제곱근과 실수,중3(교육과정 학년군: 중1-3),수와 연산,제곱근과 실수,high,9,2,3,achievement_math_2022; curriculum_math_2022,achievement_level; achievement_standard; teaching_note,yes,yes,no,official_dual_source,yes
m1_num_square_root,제곱근,중3(교육과정 학년군: 중1-3),수와 연산,제곱근과 실수,high,3,2,3,achievement_math_2022; curriculum_math_2022,achievement_level; achievement_standard; term_list,yes,yes,no,official_dual_source,yes
m1_num_square_root_property,제곱근의 성질,중3(교육과정 학년군: 중1-3),수와 연산,제곱근과 실수,high,2,2,2,achievement_math_2022; curriculum_math_2022,achievement_level; achievement_standard,yes,yes,no,official_dual_source,yes
m1_num_radical_sign,근호,중3(교육과정 학년군: 중1-3),수와 연산,제곱근과 실수,high,3,2,3,achievement_math_2022; curriculum_math_2022,achievement_level; achievement_standard; term_list,yes,yes,no,official_dual_source,yes
m1_num_compare_square_roots,제곱근의 대소 관계,중3(교육과정 학년군: 중1-3),수와 연산,제곱근과 실수,high,2,2,2,achievement_math_2022; curriculum_math_2022,achievement_level; achievement_standard,yes,yes,no,official_dual_source,yes
m1_num_irrational_number,무리수,중3(교육과정 학년군: 중1-3),수와 연산,제곱근과 실수,high,4,2,4,achievement_math_2022; curriculum_math_2022,achievement_level; achievement_standard; teaching_note; term_list,yes,yes,no,official_dual_source,yes
m1_num_real_number,실수,중3(교육과정 학년군: 중1-3),수와 연산,제곱근과 실수,high,5,2,3,achievement_math_2022; curriculum_math_2022,achievement_level; achievement_standard; term_list,yes,yes,no,official_dual_source,yes
m1_num_rational_irrational_classification,유리수와 무리수의 구분,중3(교육과정 학년군: 중1-3),수와 연산,제곱근과 실수,high,2,2,2,achievement_math_2022; curriculum_math_2022,achievement_level; achievement_standard,yes,yes,no,official_dual_source,yes
m1_num_real_order,실수의 대소 관계,중3(교육과정 학년군: 중1-3),수와 연산,제곱근과 실수,high,2,2,2,achievement_math_2022; curriculum_math_2022,achievement_level; achievement_standard,yes,yes,no,official_dual_source,yes
m1_num_radical_expression,근호를 포함한 식,중3(교육과정 학년군: 중1-3),수와 연산,제곱근과 실수,high,2,2,2,achievement_math_2022; curriculum_math_2022,achievement_level; achievement_standard,yes,yes,no,official_dual_source,yes
m1_num_radical_operations,근호를 포함한 식의 사칙계산,중3(교육과정 학년군: 중1-3),수와 연산,제곱근과 실수,high,2,2,2,achievement_math_2022; curriculum_math_2022,achievement_level; achievement_standard,yes,yes,no,official_dual_source,yes
m1_num_rationalize_denominator,분모의 유리화,중3(교육과정 학년군: 중1-3),수와 연산,제곱근과 실수,medium,3,2,3,achievement_math_2022; curriculum_math_2022,achievement_level; achievement_standard; term_list,yes,yes,no,official_dual_source,yes
m1_num_square_root_calculator,계산기로 제곱근 값 구하기,중3(교육과정 학년군: 중1-3),수와 연산,제곱근과 실수,medium,1,1,1,curriculum_math_2022,teaching_note,yes,no,no,official_single_source,yes
m1_num_unit_square_diagonal,한 변의 길이가 1인 정사각형의 대각선,중3(교육과정 학년군: 중1-3),수와 연산,제곱근과 실수,medium,3,3,3,achievement_math_2022; achievement_research_report_2022; curriculum_math_2022,achievement_level; research_report_achievement_level_context; teaching_note,yes,yes,no,official_dual_source,yes
m1_mis_radical_principal_root,근호가 나타내는 제곱근의 부호를 혼동하는 오류,중3(교육과정 학년군: 중1-3),수와 연산,제곱근과 실수,low,2,2,2,achievement_math_2022; curriculum_math_2022,achievement_level; achievement_standard,yes,yes,no,official_dual_source,yes
m1_mis_irrational_decimal,무한소수와 무리수를 같은 말로 보는 오류,중3(교육과정 학년군: 중1-3),수와 연산,제곱근과 실수,low,4,2,2,achievement_math_2022; curriculum_math_2022,achievement_level; achievement_standard,yes,yes,no,official_dual_source,yes
m1_mis_radical_like_terms,근호 안의 수가 다른 제곱근을 동류항처럼 더하는 오류,중3(교육과정 학년군: 중1-3),수와 연산,제곱근과 실수,low,1,1,1,achievement_math_2022,achievement_level,no,yes,no,official_single_source,yes
m1_expr_unit,문자의 사용과 식,중1(교육과정 학년군: 중1-3),변화와 관계,문자의 사용과 식,high,2,1,1,curriculum_math_2022,achievement_standard,yes,no,no,official_single_source,yes
m1_expr_letter,문자,중1(교육과정 학년군: 중1-3),변화와 관계,문자의 사용과 식,high,3,2,3,achievement_math_2022; curriculum_math_2022,achievement_level; achievement_standard; teaching_note,yes,yes,no,official_dual_source,yes
m1_expr_literal_expression,문자를 사용한 식,중1(교육과정 학년군: 중1-3),변화와 관계,문자의 사용과 식,high,2,2,2,achievement_math_2022; curriculum_math_2022,achievement_level; achievement_standard,yes,yes,no,official_dual_source,yes
m1_expr_value,식의 값,중1(교육과정 학년군: 중1-3),변화와 관계,문자의 사용과 식,high,3,2,3,achievement_math_2022; curriculum_math_2022,achievement_level; achievement_standard; instructional_term_list,yes,yes,no,official_dual_source,yes
m1_expr_substitution,대입,중1(교육과정 학년군: 중1-3),변화와 관계,문자의 사용과 식,high,3,2,3,achievement_math_2022; curriculum_math_2022,achievement_level; achievement_standard; term_list,yes,yes,no,official_dual_source,yes
m1_expr_usefulness,문자를 사용한 식의 유용성,중1(교육과정 학년군: 중1-3),변화와 관계,문자의 사용과 식,high,3,2,3,achievement_math_2022; curriculum_math_2022,achievement_level; achievement_standard; teaching_note,yes,yes,no,official_dual_source,yes
m1_expr_term,항,중1(교육과정 학년군: 중1-3),변화와 관계,문자의 사용과 식,high,1,1,1,curriculum_math_2022,term_list,yes,no,no,official_single_source,yes
m1_expr_monomial,단항식,중1(교육과정 학년군: 중1-3),변화와 관계,문자의 사용과 식,high,1,1,1,curriculum_math_2022,term_list,yes,no,no,official_single_source,yes
m1_expr_polynomial,다항식,중1(교육과정 학년군: 중1-3),변화와 관계,문자의 사용과 식,high,2,2,2,achievement_math_2022; curriculum_math_2022,achievement_level; term_list,yes,yes,no,official_dual_source,yes
m1_expr_constant_term,상수항,중1(교육과정 학년군: 중1-3),변화와 관계,문자의 사용과 식,high,1,1,1,curriculum_math_2022,term_list,yes,no,no,official_single_source,yes
m1_expr_coefficient,계수,중1(교육과정 학년군: 중1-3),변화와 관계,문자의 사용과 식,high,1,1,1,curriculum_math_2022,term_list,yes,no,no,official_single_source,yes
m1_expr_degree,차수,중1(교육과정 학년군: 중1-3),변화와 관계,문자의 사용과 식,high,1,1,1,curriculum_math_2022,term_list,yes,no,no,official_single_source,yes
m1_expr_linear_expression,일차식,중1(교육과정 학년군: 중1-3),변화와 관계,문자의 사용과 식,high,3,2,3,achievement_math_2022; curriculum_math_2022,achievement_level; achievement_standard; term_list,yes,yes,no,official_dual_source,yes
m1_expr_like_terms,동류항,중1(교육과정 학년군: 중1-3),변화와 관계,문자의 사용과 식,medium,2,2,2,achievement_math_2022; curriculum_math_2022,achievement_level; term_list,yes,yes,no,official_dual_source,yes
m1_expr_add_sub_linear_expression,일차식의 덧셈과 뺄셈,중1(교육과정 학년군: 중1-3),변화와 관계,문자의 사용과 식,high,2,2,2,achievement_math_2022; curriculum_math_2022,achievement_level; achievement_standard,yes,yes,no,official_dual_source,yes
m1_mis_letter_as_label_only,문자를 이름표로만 해석하는 오류,중1(교육과정 학년군: 중1-3),변화와 관계,문자의 사용과 식,low,2,2,2,achievement_math_2022; curriculum_math_2022,achievement_level; teaching_note,yes,yes,no,official_dual_source,yes
m1_mis_like_terms,동류항이 아닌 항을 합치는 오류,중1(교육과정 학년군: 중1-3),변화와 관계,문자의 사용과 식,low,2,2,2,achievement_math_2022; curriculum_math_2022,achievement_level; term_list,yes,yes,no,official_dual_source,yes
m1_mis_coefficient_constant_degree,계수·상수항·차수 혼동,중1(교육과정 학년군: 중1-3),변화와 관계,문자의 사용과 식,low,2,2,2,achievement_math_2022; curriculum_math_2022,achievement_level; term_list,yes,yes,no,official_dual_source,yes
m1_eq_unit,일차방정식,중1(교육과정 학년군: 중1-3),변화와 관계,일차방정식,high,2,1,1,curriculum_math_2022,achievement_standard,yes,no,no,official_single_source,yes
m1_eq_equality,등식,중1(교육과정 학년군: 중1-3),변화와 관계,일차방정식,high,3,2,3,achievement_math_2022; curriculum_math_2022,achievement_level; achievement_standard; term_list,yes,yes,no,official_dual_source,yes
m1_eq_equation,방정식,중1(교육과정 학년군: 중1-3),변화와 관계,일차방정식,high,3,2,3,achievement_math_2022; curriculum_math_2022,achievement_level; achievement_standard; term_list,yes,yes,no,official_dual_source,yes
m1_eq_unknown,미지수,중1(교육과정 학년군: 중1-3),변화와 관계,일차방정식,high,2,2,2,achievement_math_2022; curriculum_math_2022,achievement_level; term_list,yes,yes,no,official_dual_source,yes
m1_eq_solution,해,중1(교육과정 학년군: 중1-3),변화와 관계,일차방정식,high,3,2,3,achievement_math_2022; curriculum_math_2022,achievement_level; achievement_standard; term_list,yes,yes,no,official_dual_source,yes
m1_eq_root,근,중1(교육과정 학년군: 중1-3),변화와 관계,일차방정식,medium,2,2,2,achievement_math_2022; curriculum_math_2022,achievement_level; term_list,yes,yes,no,official_dual_source,yes
m1_eq_identity,항등식,중1(교육과정 학년군: 중1-3),변화와 관계,일차방정식,high,2,2,2,achievement_math_2022; curriculum_math_2022,achievement_level; term_list,yes,yes,no,official_dual_source,yes
m1_eq_equality_properties,등식의 성질,중1(교육과정 학년군: 중1-3),변화와 관계,일차방정식,high,2,2,2,achievement_math_2022; curriculum_math_2022,achievement_level; achievement_standard,yes,yes,no,official_dual_source,yes
m1_eq_left_side,좌변,중1(교육과정 학년군: 중1-3),변화와 관계,일차방정식,medium,1,1,1,curriculum_math_2022,instructional_term_list,yes,no,no,official_single_source,yes
m1_eq_right_side,우변,중1(교육과정 학년군: 중1-3),변화와 관계,일차방정식,medium,1,1,1,curriculum_math_2022,instructional_term_list,yes,no,no,official_single_source,yes
m1_eq_both_sides,양변,중1(교육과정 학년군: 중1-3),변화와 관계,일차방정식,medium,1,1,1,curriculum_math_2022,instructional_term_list,yes,no,no,official_single_source,yes
m1_eq_transposition,이항,중1(교육과정 학년군: 중1-3),변화와 관계,일차방정식,high,2,1,2,curriculum_math_2022,teaching_note; term_list,yes,no,no,official_single_source,yes
m1_eq_linear_equation,일차방정식,중1(교육과정 학년군: 중1-3),변화와 관계,일차방정식,high,3,2,3,achievement_math_2022; curriculum_math_2022,achievement_level; achievement_standard; term_list,yes,yes,no,official_dual_source,yes
m1_eq_solving_linear_equation,일차방정식 풀기,중1(교육과정 학년군: 중1-3),변화와 관계,일차방정식,high,3,2,3,achievement_math_2022; curriculum_math_2022,achievement_level; achievement_standard; teaching_note,yes,yes,no,official_dual_source,yes
m1_eq_modeling_linear_equation,일차방정식 세우기,중1(교육과정 학년군: 중1-3),변화와 관계,일차방정식,high,2,2,2,achievement_math_2022; curriculum_math_2022,achievement_level; achievement_standard,yes,yes,no,official_dual_source,yes
m1_eq_solution_check,해의 확인,중1(교육과정 학년군: 중1-3),변화와 관계,일차방정식,high,3,2,2,achievement_math_2022; curriculum_math_2022,achievement_level; teaching_note,yes,yes,no,official_dual_source,yes
m1_mis_expression_equation,식과 방정식 혼동,중1(교육과정 학년군: 중1-3),변화와 관계,일차방정식,low,2,2,2,achievement_math_2022; curriculum_math_2022,achievement_level; achievement_standard,yes,yes,no,official_dual_source,yes
m1_mis_transposition_sign,이항할 때 부호를 잘못 바꾸는 오류,중1(교육과정 학년군: 중1-3),변화와 관계,일차방정식,low,3,2,3,achievement_math_2022; curriculum_math_2022,achievement_level; teaching_note; term_list,yes,yes,no,official_dual_source,yes
m1_mis_solution_check,구한 해의 상황 적합성 확인 누락,중1(교육과정 학년군: 중1-3),변화와 관계,일차방정식,low,2,2,2,achievement_math_2022; curriculum_math_2022,achievement_level; teaching_note,yes,yes,no,official_dual_source,yes
m1_calc_unit,식의 계산,중1(교육과정 학년군: 중1-3),변화와 관계,식의 계산,high,3,1,1,curriculum_math_2022,achievement_standard,yes,no,no,official_single_source,yes
m1_calc_power,거듭제곱,중1(교육과정 학년군: 중1-3),변화와 관계,식의 계산,high,3,2,3,achievement_math_2022; curriculum_math_2022,achievement_level; achievement_standard; term_list,yes,yes,no,official_dual_source,yes
m1_calc_base,밑,중1(교육과정 학년군: 중1-3),변화와 관계,식의 계산,high,2,2,2,achievement_math_2022; curriculum_math_2022,achievement_level; term_list,yes,yes,no,official_dual_source,yes
m1_calc_exponent,지수,중1(교육과정 학년군: 중1-3),변화와 관계,식의 계산,high,3,2,3,achievement_math_2022; curriculum_math_2022,achievement_level; achievement_standard; term_list,yes,yes,no,official_dual_source,yes
m1_calc_exponent_laws,지수법칙,중1(교육과정 학년군: 중1-3),변화와 관계,식의 계산,high,3,2,3,achievement_math_2022; curriculum_math_2022,achievement_level; achievement_standard; teaching_note,yes,yes,no,official_dual_source,yes
m1_calc_simplify_expression,식을 간단히 하기,중1(교육과정 학년군: 중1-3),변화와 관계,식의 계산,high,2,2,2,achievement_math_2022; curriculum_math_2022,achievement_level; achievement_standard,yes,yes,no,official_dual_source,yes
m1_calc_polynomial_add_sub,다항식의 덧셈과 뺄셈,중1(교육과정 학년군: 중1-3),변화와 관계,식의 계산,high,2,2,2,achievement_math_2022; curriculum_math_2022,achievement_level; achievement_standard,yes,yes,no,official_dual_source,yes
m1_calc_monomial_mul_div,단항식의 곱셈과 나눗셈,중1(교육과정 학년군: 중1-3),변화와 관계,식의 계산,high,3,2,3,achievement_math_2022; curriculum_math_2022,achievement_level; achievement_standard; teaching_note,yes,yes,no,official_dual_source,yes
m1_calc_monomial_polynomial_mul_div,단항식과 다항식의 곱셈과 나눗셈,중1(교육과정 학년군: 중1-3),변화와 관계,식의 계산,high,3,2,3,achievement_math_2022; curriculum_math_2022,achievement_level; achievement_standard; teaching_note,yes,yes,no,official_dual_source,yes
m1_calc_expansion,전개,중1(교육과정 학년군: 중1-3),변화와 관계,식의 계산,medium,3,2,3,achievement_math_2022; curriculum_math_2022,achievement_level; instructional_term_list; term_list,yes,yes,no,official_dual_source,yes
m1_calc_arithmetic_to_polynomial_extension,수의 사칙연산에서 다항식 계산으로의 확장,중1(교육과정 학년군: 중1-3),변화와 관계,식의 계산,medium,1,1,1,curriculum_math_2022,teaching_note,yes,no,no,official_single_source,yes
m1_mis_exponent_base,밑이 다른 거듭제곱에 지수법칙을 잘못 적용하는 오류,중1(교육과정 학년군: 중1-3),변화와 관계,식의 계산,low,3,2,3,achievement_math_2022; curriculum_math_2022,achievement_level; achievement_standard; teaching_note,yes,yes,no,official_dual_source,yes
m1_mis_polynomial_like_terms,다항식에서 동류항 처리를 누락하는 오류,중1(교육과정 학년군: 중1-3),변화와 관계,식의 계산,low,2,2,2,achievement_math_2022; curriculum_math_2022,achievement_level; achievement_standard,yes,yes,no,official_dual_source,yes
m1_mis_polynomial_division_scope,다항식을 단항식으로 나누는 범위 혼동,중1(교육과정 학년군: 중1-3),변화와 관계,식의 계산,medium,3,2,3,achievement_math_2022; curriculum_math_2022,achievement_level; achievement_standard; teaching_note,yes,yes,no,official_dual_source,yes
m1_ineq_unit,일차부등식,중1(교육과정 학년군: 중1-3),변화와 관계,일차부등식,high,2,1,1,curriculum_math_2022,achievement_standard,yes,no,no,official_single_source,yes
m1_ineq_inequality,부등식,중1(교육과정 학년군: 중1-3),변화와 관계,일차부등식,high,3,2,3,achievement_math_2022; curriculum_math_2022,achievement_level; achievement_standard; term_list,yes,yes,no,official_dual_source,yes
m1_ineq_solution,부등식의 해,중1(교육과정 학년군: 중1-3),변화와 관계,일차부등식,high,2,2,2,achievement_math_2022; curriculum_math_2022,achievement_level; achievement_standard,yes,yes,no,official_dual_source,yes
m1_ineq_properties,부등식의 성질,중1(교육과정 학년군: 중1-3),변화와 관계,일차부등식,high,3,2,3,achievement_math_2022; curriculum_math_2022,achievement_level; achievement_standard; teaching_note,yes,yes,no,official_dual_source,yes
m1_ineq_compare_equality_properties,등식의 성질과 부등식의 성질 비교,중1(교육과정 학년군: 중1-3),변화와 관계,일차부등식,high,2,2,2,achievement_math_2022; curriculum_math_2022,achievement_level; achievement_standard,yes,yes,no,official_dual_source,yes
m1_ineq_linear_inequality,일차부등식,중1(교육과정 학년군: 중1-3),변화와 관계,일차부등식,high,3,2,3,achievement_math_2022; curriculum_math_2022,achievement_level; achievement_standard; term_list,yes,yes,no,official_dual_source,yes
m1_ineq_solving_linear_inequality,일차부등식 풀기,중1(교육과정 학년군: 중1-3),변화와 관계,일차부등식,high,3,2,3,achievement_math_2022; curriculum_math_2022,achievement_level; achievement_standard; teaching_note,yes,yes,no,official_dual_source,yes
m1_ineq_modeling_linear_inequality,일차부등식 세우기,중1(교육과정 학년군: 중1-3),변화와 관계,일차부등식,high,2,2,2,achievement_math_2022; curriculum_math_2022,achievement_level; achievement_standard,yes,yes,no,official_dual_source,yes
m1_ineq_solution_check,부등식 해의 확인,중1(교육과정 학년군: 중1-3),변화와 관계,일차부등식,high,3,2,2,achievement_math_2022; curriculum_math_2022,achievement_level; teaching_note,yes,yes,no,official_dual_source,yes
m1_mis_ineq_solution_single_value,부등식의 해를 한 값으로만 이해하는 오류,중1(교육과정 학년군: 중1-3),변화와 관계,일차부등식,low,2,2,2,achievement_math_2022; curriculum_math_2022,achievement_level; achievement_standard,yes,yes,no,official_dual_source,yes
m1_mis_ineq_negative,음수를 곱하거나 나눌 때 부등호 방향을 바꾸지 않는 오류,중1(교육과정 학년군: 중1-3),변화와 관계,일차부등식,low,2,2,2,achievement_math_2022; curriculum_math_2022,achievement_level; achievement_standard,yes,yes,no,official_dual_source,yes
m1_system_unit,연립일차방정식,중1(교육과정 학년군: 중1-3),변화와 관계,연립일차방정식,high,2,2,2,achievement_math_2022; curriculum_math_2022,achievement_level; achievement_standard,yes,yes,no,official_dual_source,yes
m1_system_two_variable_linear_equation,미지수가 2개인 일차방정식,중1(교육과정 학년군: 중1-3),변화와 관계,연립일차방정식,high,2,2,2,achievement_math_2022; curriculum_math_2022,achievement_level; achievement_standard,yes,yes,no,official_dual_source,yes
m1_system_simultaneous_equations,연립방정식,중1(교육과정 학년군: 중1-3),변화와 관계,연립일차방정식,high,2,2,2,achievement_math_2022; curriculum_math_2022,achievement_level; term_list,yes,yes,no,official_dual_source,yes
m1_system_simultaneous_linear_equations,연립일차방정식,중1(교육과정 학년군: 중1-3),변화와 관계,연립일차방정식,high,3,2,3,achievement_math_2022; curriculum_math_2022,achievement_level; achievement_standard; instructional_term_list,yes,yes,no,official_dual_source,yes
m1_system_solution,연립일차방정식의 해,중1(교육과정 학년군: 중1-3),변화와 관계,연립일차방정식,high,2,2,2,achievement_math_2022; curriculum_math_2022,achievement_level; achievement_standard,yes,yes,no,official_dual_source,yes
m1_system_solving,연립일차방정식 풀기,중1(교육과정 학년군: 중1-3),변화와 관계,연립일차방정식,high,2,2,2,achievement_math_2022; curriculum_math_2022,achievement_level; achievement_standard,yes,yes,no,official_dual_source,yes
m1_system_elimination,소거,중1(교육과정 학년군: 중1-3),변화와 관계,연립일차방정식,high,2,2,2,achievement_math_2022; curriculum_math_2022,achievement_level; instructional_term_list,yes,yes,no,official_dual_source,yes
m1_system_addition_subtraction_method,가감법,중1(교육과정 학년군: 중1-3),변화와 관계,연립일차방정식,high,2,2,2,achievement_math_2022; curriculum_math_2022,achievement_level; instructional_term_list,yes,yes,no,official_dual_source,yes
m1_system_substitution_method,대입법,중1(교육과정 학년군: 중1-3),변화와 관계,연립일차방정식,high,2,2,2,achievement_math_2022; curriculum_math_2022,achievement_level; instructional_term_list,yes,yes,no,official_dual_source,yes
m1_system_modeling,연립일차방정식 세우기,중1(교육과정 학년군: 중1-3),변화와 관계,연립일차방정식,high,2,2,2,achievement_math_2022; curriculum_math_2022,achievement_level; achievement_standard,yes,yes,no,official_dual_source,yes
m1_mis_system_one_equation_only,연립방정식의 해를 한 방정식만 만족해도 된다고 보는 오류,중1(교육과정 학년군: 중1-3),변화와 관계,연립일차방정식,low,2,2,2,achievement_math_2022; curriculum_math_2022,achievement_level; achievement_standard,yes,yes,no,official_dual_source,yes
m1_mis_system_elimination_sign,가감법에서 부호와 계수 처리를 잘못하는 오류,중1(교육과정 학년군: 중1-3),변화와 관계,연립일차방정식,low,2,2,2,achievement_math_2022; curriculum_math_2022,achievement_level; instructional_term_list,yes,yes,no,official_dual_source,yes
m1_mis_system_substitution,대입법에서 식 전체를 대입하지 않는 오류,중1(교육과정 학년군: 중1-3),변화와 관계,연립일차방정식,low,2,2,2,achievement_math_2022; curriculum_math_2022,achievement_level; instructional_term_list,yes,yes,no,official_dual_source,yes
m1_func_unit,일차함수와 그 그래프,중1(교육과정 학년군: 중1-3),변화와 관계,일차함수와 그 그래프,high,3,1,1,curriculum_math_2022,achievement_standard,yes,no,no,official_single_source,yes
m1_func_function,함수,중1(교육과정 학년군: 중1-3),변화와 관계,일차함수와 그 그래프,high,4,2,4,achievement_math_2022; curriculum_math_2022,achievement_level; achievement_standard; teaching_note; term_list,yes,yes,no,official_dual_source,yes
m1_func_two_quantity_relation,두 양 사이의 관계,중1(교육과정 학년군: 중1-3),변화와 관계,일차함수와 그 그래프,high,2,2,2,achievement_math_2022; curriculum_math_2022,achievement_level; teaching_note,yes,yes,no,official_dual_source,yes
m1_func_correspondence,대응 관계,중1(교육과정 학년군: 중1-3),변화와 관계,일차함수와 그 그래프,high,2,2,2,achievement_math_2022; curriculum_math_2022,achievement_level; teaching_note,yes,yes,no,official_dual_source,yes
m1_func_unique_correspondence,하나씩 정해지는 대응,중1(교육과정 학년군: 중1-3),변화와 관계,일차함수와 그 그래프,high,2,2,2,achievement_math_2022; curriculum_math_2022,achievement_level; teaching_note,yes,yes,no,official_dual_source,yes
m1_func_function_judgement,함수인지 판단하기,중1(교육과정 학년군: 중1-3),변화와 관계,일차함수와 그 그래프,high,2,2,2,achievement_math_2022; curriculum_math_2022,achievement_level; achievement_standard,yes,yes,no,official_dual_source,yes
m1_func_input_value,입력값,중1(교육과정 학년군: 중1-3),변화와 관계,일차함수와 그 그래프,low,2,2,2,achievement_math_2022; curriculum_math_2022,achievement_level; achievement_standard,yes,yes,no,official_dual_source,yes
m1_func_value,함숫값,중1(교육과정 학년군: 중1-3),변화와 관계,일차함수와 그 그래프,high,3,2,3,achievement_math_2022; curriculum_math_2022,achievement_level; achievement_standard; term_list,yes,yes,no,official_dual_source,yes
m1_func_linear_function,일차함수,중1(교육과정 학년군: 중1-3),변화와 관계,일차함수와 그 그래프,high,3,2,3,achievement_math_2022; curriculum_math_2022,achievement_level; achievement_standard; term_list,yes,yes,no,official_dual_source,yes
m1_func_linear_formula,일차함수의 식,중1(교육과정 학년군: 중1-3),변화와 관계,일차함수와 그 그래프,high,2,2,2,achievement_math_2022; curriculum_math_2022,achievement_level; achievement_standard,yes,yes,no,official_dual_source,yes
m1_func_linear_graph,일차함수의 그래프,중1(교육과정 학년군: 중1-3),변화와 관계,일차함수와 그 그래프,high,3,2,3,achievement_math_2022; curriculum_math_2022,achievement_level; achievement_standard; instructional_term_list,yes,yes,no,official_dual_source,yes
m1_func_graph_drawing,일차함수 그래프 그리기,중1(교육과정 학년군: 중1-3),변화와 관계,일차함수와 그 그래프,high,2,2,2,achievement_math_2022; curriculum_math_2022,achievement_level; achievement_standard,yes,yes,no,official_dual_source,yes
m1_func_y_ax_graph,일차함수 y=ax의 그래프,중1(교육과정 학년군: 중1-3),변화와 관계,일차함수와 그 그래프,medium,1,1,1,achievement_math_2022,achievement_level,no,yes,no,official_single_source,yes
m1_func_y_ax_b_graph,일차함수 y=ax+b의 그래프,중1(교육과정 학년군: 중1-3),변화와 관계,일차함수와 그 그래프,medium,1,1,1,achievement_math_2022,achievement_level,no,yes,no,official_single_source,yes
m1_func_graph_properties,일차함수의 그래프의 성질,중1(교육과정 학년군: 중1-3),변화와 관계,일차함수와 그 그래프,high,2,2,2,achievement_math_2022; curriculum_math_2022,achievement_level; achievement_standard,yes,yes,no,official_dual_source,yes
m1_func_slope,기울기,중1(교육과정 학년군: 중1-3),변화와 관계,일차함수와 그 그래프,high,3,2,2,achievement_math_2022; curriculum_math_2022,achievement_level; term_list,yes,yes,no,official_dual_source,yes
m1_func_x_increment,x의 증가량,중1(교육과정 학년군: 중1-3),변화와 관계,일차함수와 그 그래프,low,1,1,1,achievement_math_2022,achievement_level,no,yes,no,official_single_source,yes
m1_func_y_increment,y의 증가량,중1(교육과정 학년군: 중1-3),변화와 관계,일차함수와 그 그래프,low,1,1,1,achievement_math_2022,achievement_level,no,yes,no,official_single_source,yes
m1_func_slope_ratio_formula,기울기 계산식,중1(교육과정 학년군: 중1-3),변화와 관계,일차함수와 그 그래프,low,1,1,1,achievement_math_2022,achievement_level,no,yes,no,official_single_source,yes
m1_func_slope_sign,기울기의 부호,중1(교육과정 학년군: 중1-3),변화와 관계,일차함수와 그 그래프,high,1,1,1,achievement_math_2022,achievement_level,no,yes,no,official_single_source,yes
m1_func_x_intercept,x절편,중1(교육과정 학년군: 중1-3),변화와 관계,일차함수와 그 그래프,high,2,2,2,achievement_math_2022; curriculum_math_2022,achievement_level; term_list,yes,yes,no,official_dual_source,yes
m1_func_y_intercept,y절편,중1(교육과정 학년군: 중1-3),변화와 관계,일차함수와 그 그래프,high,3,2,2,achievement_math_2022; curriculum_math_2022,achievement_level; term_list,yes,yes,no,official_dual_source,yes
m1_func_parallel_translation,평행이동,중1(교육과정 학년군: 중1-3),변화와 관계,일차함수와 그 그래프,high,2,2,2,achievement_math_2022; curriculum_math_2022,achievement_level; term_list,yes,yes,no,official_dual_source,yes
m1_func_find_graph_equation,일차함수 그래프의 식 구하기,중1(교육과정 학년군: 중1-3),변화와 관계,일차함수와 그 그래프,high,2,2,2,achievement_math_2022; curriculum_math_2022,achievement_level; achievement_standard,yes,yes,no,official_dual_source,yes
m1_func_problem_solving,일차함수 활용 문제 해결,중1(교육과정 학년군: 중1-3),변화와 관계,일차함수와 그 그래프,high,2,2,2,achievement_math_2022; curriculum_math_2022,achievement_level; achievement_standard,yes,yes,no,official_dual_source,yes
m1_func_tech_tool_graph,공학 도구로 함수 그래프 탐구하기,중1(교육과정 학년군: 중1-3),변화와 관계,일차함수와 그 그래프,medium,2,2,2,achievement_math_2022; curriculum_math_2022,achievement_level; teaching_note,yes,yes,no,official_dual_source,yes
m1_func_eq_relation_unit,일차함수와 일차방정식의 관계,중1(교육과정 학년군: 중1-3),변화와 관계,일차함수와 일차방정식의 관계,high,2,1,1,curriculum_math_2022,achievement_standard,yes,no,no,official_single_source,yes
m1_func_two_variable_equation_as_graph,미지수가 2개인 일차방정식의 해를 그래프로 나타내기,중1(교육과정 학년군: 중1-3),변화와 관계,일차함수와 일차방정식의 관계,high,2,2,2,achievement_math_2022; curriculum_math_2022,achievement_level; achievement_standard,yes,yes,no,official_dual_source,yes
m1_func_equation_relation,일차함수와 미지수가 2개인 일차방정식의 관계,중1(교육과정 학년군: 중1-3),변화와 관계,일차함수와 일차방정식의 관계,high,2,2,2,achievement_math_2022; curriculum_math_2022,achievement_level; achievement_standard,yes,yes,no,official_dual_source,yes
m1_func_two_linear_graphs,두 일차함수의 그래프,중1(교육과정 학년군: 중1-3),변화와 관계,일차함수와 일차방정식의 관계,high,2,2,2,achievement_math_2022; curriculum_math_2022,achievement_level; achievement_standard,yes,yes,no,official_dual_source,yes
m1_func_intersection_point,교점,중1(교육과정 학년군: 중1-3),변화와 관계,일차함수와 일차방정식의 관계,medium,2,2,2,achievement_math_2022; achievement_research_report_2022,achievement_level; research_report_achievement_level_context,no,yes,no,official_single_source,yes
m1_func_intersection_count,교점의 개수,중1(교육과정 학년군: 중1-3),변화와 관계,일차함수와 일차방정식의 관계,medium,1,1,1,achievement_math_2022,achievement_level,no,yes,no,official_single_source,yes
m1_func_system_graph_relation,두 일차함수의 그래프와 연립일차방정식의 관계,중1(교육과정 학년군: 중1-3),변화와 관계,일차함수와 일차방정식의 관계,high,2,2,2,achievement_math_2022; curriculum_math_2022,achievement_level; achievement_standard,yes,yes,no,official_dual_source,yes
m1_func_system_solution_from_intersection,교점으로 연립일차방정식의 해 말하기,중1(교육과정 학년군: 중1-3),변화와 관계,일차함수와 일차방정식의 관계,high,2,2,2,achievement_math_2022; curriculum_math_2022,achievement_level; achievement_standard,yes,yes,no,official_dual_source,yes
m1_mis_all_relations_are_functions,모든 두 양의 관계를 함수로 보는 오류,중1(교육과정 학년군: 중1-3),변화와 관계,일차함수와 그 그래프,low,3,2,3,achievement_math_2022; curriculum_math_2022,achievement_level; achievement_standard; teaching_note,yes,yes,no,official_dual_source,yes
m1_mis_multiple_outputs_same_input,하나의 입력에 여러 출력이 대응하는 경우를 함수로 보는 오류,중1(교육과정 학년군: 중1-3),변화와 관계,일차함수와 그 그래프,low,2,2,2,achievement_math_2022; curriculum_math_2022,achievement_level; teaching_note,yes,yes,no,official_dual_source,yes
m1_mis_function_value_input_output,함숫값과 입력값 혼동,중1(교육과정 학년군: 중1-3),변화와 관계,일차함수와 그 그래프,low,2,2,2,achievement_math_2022; curriculum_math_2022,achievement_level; achievement_standard,yes,yes,no,official_dual_source,yes
m1_mis_function_linear_function,함수와 일차함수 혼동,중1(교육과정 학년군: 중1-3),변화와 관계,일차함수와 그 그래프,low,4,2,2,achievement_math_2022; curriculum_math_2022,achievement_level; achievement_standard,yes,yes,no,official_dual_source,yes
m1_mis_slope_intercept,기울기와 절편 혼동,중1(교육과정 학년군: 중1-3),변화와 관계,일차함수와 그 그래프,low,2,2,2,achievement_math_2022; curriculum_math_2022,achievement_level; term_list,yes,yes,no,official_dual_source,yes
m1_mis_slope_sign,기울기 부호와 그래프 방향 혼동,중1(교육과정 학년군: 중1-3),변화와 관계,일차함수와 그 그래프,low,1,1,1,achievement_math_2022,achievement_level,no,yes,no,official_single_source,yes
m1_mis_x_y_intercept,x절편과 y절편 혼동,중1(교육과정 학년군: 중1-3),변화와 관계,일차함수와 그 그래프,low,2,2,2,achievement_math_2022; curriculum_math_2022,achievement_level; term_list,yes,yes,no,official_dual_source,yes
m1_mis_intersection_solution,그래프의 교점과 연립방정식의 해를 분리해서 보는 오류,중1(교육과정 학년군: 중1-3),변화와 관계,일차함수와 일차방정식의 관계,low,2,2,2,achievement_math_2022; curriculum_math_2022,achievement_level; achievement_standard,yes,yes,no,official_dual_source,yes
m1_factor_unit,다항식의 곱셈과 인수분해,중3(교육과정 학년군: 중1-3),변화와 관계,다항식의 곱셈과 인수분해,high,3,2,3,achievement_math_2022; curriculum_math_2022,achievement_level; achievement_standard; teaching_note,yes,yes,no,official_dual_source,yes
m1_factor_polynomial_multiplication,다항식의 곱셈,중3(교육과정 학년군: 중1-3),변화와 관계,다항식의 곱셈과 인수분해,high,3,2,3,achievement_math_2022; curriculum_math_2022,achievement_level; achievement_standard; teaching_note,yes,yes,no,official_dual_source,yes
m1_factor_factor,인수,중3(교육과정 학년군: 중1-3),변화와 관계,다항식의 곱셈과 인수분해,high,3,2,3,achievement_math_2022; curriculum_math_2022,achievement_level; achievement_standard; term_list,yes,yes,no,official_dual_source,yes
m1_factor_factorization,인수분해,중3(교육과정 학년군: 중1-3),변화와 관계,다항식의 곱셈과 인수분해,high,4,2,4,achievement_math_2022; curriculum_math_2022,achievement_level; achievement_standard; teaching_note; term_list,yes,yes,no,official_dual_source,yes
m1_factor_expansion_factorization_inverse,전개와 인수분해의 역관계,중3(교육과정 학년군: 중1-3),변화와 관계,다항식의 곱셈과 인수분해,high,2,2,2,achievement_math_2022; curriculum_math_2022,achievement_level; teaching_note,yes,yes,no,official_dual_source,yes
m1_factor_common_factor,공통인수,중3(교육과정 학년군: 중1-3),변화와 관계,다항식의 곱셈과 인수분해,medium,2,2,2,achievement_math_2022; curriculum_math_2022,achievement_level; achievement_standard,yes,yes,no,official_dual_source,yes
m1_factor_perfect_square_expression,완전제곱식,중3(교육과정 학년군: 중1-3),변화와 관계,다항식의 곱셈과 인수분해,high,3,2,3,achievement_math_2022; curriculum_math_2022,achievement_level; teaching_note; term_list,yes,yes,no,official_dual_source,yes
m1_factor_formula_scope,다항식의 곱셈과 인수분해 공식 범위,중3(교육과정 학년군: 중1-3),변화와 관계,다항식의 곱셈과 인수분해,high,1,1,1,curriculum_math_2022,teaching_note,yes,no,no,official_single_source,yes
m1_factor_square_sum_formula,(a+b)^2 공식,중3(교육과정 학년군: 중1-3),변화와 관계,다항식의 곱셈과 인수분해,high,2,2,2,achievement_math_2022; curriculum_math_2022,achievement_level; teaching_note,yes,yes,no,official_dual_source,yes
m1_factor_square_difference_formula,(a-b)^2 공식,중3(교육과정 학년군: 중1-3),변화와 관계,다항식의 곱셈과 인수분해,high,2,2,2,achievement_math_2022; curriculum_math_2022,achievement_level; teaching_note,yes,yes,no,official_dual_source,yes
m1_factor_sum_difference_product_formula,(a+b)(a-b) 공식,중3(교육과정 학년군: 중1-3),변화와 관계,다항식의 곱셈과 인수분해,high,2,2,2,achievement_math_2022; curriculum_math_2022,achievement_level; teaching_note,yes,yes,no,official_dual_source,yes
m1_factor_binomial_product_xab,(x+a)(x+b) 공식,중3(교육과정 학년군: 중1-3),변화와 관계,다항식의 곱셈과 인수분해,high,2,2,2,achievement_math_2022; curriculum_math_2022,achievement_level; teaching_note,yes,yes,no,official_dual_source,yes
m1_factor_linear_product_axb_cxd,(ax+b)(cx+d) 공식,중3(교육과정 학년군: 중1-3),변화와 관계,다항식의 곱셈과 인수분해,high,2,2,2,achievement_math_2022; curriculum_math_2022,achievement_level; teaching_note,yes,yes,no,official_dual_source,yes
m1_factor_quadratic_expression,이차식,중3(교육과정 학년군: 중1-3),변화와 관계,다항식의 곱셈과 인수분해,medium,2,2,2,achievement_math_2022; curriculum_math_2022,achievement_level; instructional_term_list,yes,yes,no,official_dual_source,yes
m1_mis_expansion_factorization_direction,전개와 인수분해 방향을 혼동하는 오류,중3(교육과정 학년군: 중1-3),변화와 관계,다항식의 곱셈과 인수분해,low,2,2,2,achievement_math_2022; curriculum_math_2022,achievement_level; teaching_note,yes,yes,no,official_dual_source,yes
m1_mis_factor_common_factor_missing,공통인수를 빠뜨리는 오류,중3(교육과정 학년군: 중1-3),변화와 관계,다항식의 곱셈과 인수분해,low,2,2,2,achievement_math_2022; curriculum_math_2022,achievement_level; teaching_note,yes,yes,no,official_dual_source,yes
m1_mis_factor_formula_pattern,곱셈·인수분해 공식을 기계적으로 끼워 맞추는 오류,중3(교육과정 학년군: 중1-3),변화와 관계,다항식의 곱셈과 인수분해,low,2,2,2,achievement_math_2022; curriculum_math_2022,achievement_level; teaching_note,yes,yes,no,official_dual_source,yes
m1_mis_perfect_square_sign,완전제곱식의 가운데 항 부호를 혼동하는 오류,중3(교육과정 학년군: 중1-3),변화와 관계,다항식의 곱셈과 인수분해,low,2,2,2,achievement_math_2022; curriculum_math_2022,achievement_level; teaching_note,yes,yes,no,official_dual_source,yes
m1_quad_eq_unit,이차방정식,중3(교육과정 학년군: 중1-3),변화와 관계,이차방정식,high,3,2,3,achievement_math_2022; curriculum_math_2022,achievement_level; achievement_standard; teaching_note,yes,yes,no,official_dual_source,yes
m1_quad_eq_quadratic_equation,이차방정식,중3(교육과정 학년군: 중1-3),변화와 관계,이차방정식,high,3,2,3,achievement_math_2022; curriculum_math_2022,achievement_level; achievement_standard; term_list,yes,yes,no,official_dual_source,yes
m1_quad_eq_quadratic_term,이차항,중3(교육과정 학년군: 중1-3),변화와 관계,이차방정식,medium,2,2,2,achievement_math_2022; curriculum_math_2022,achievement_level; instructional_term_list,yes,yes,no,official_dual_source,yes
m1_quad_eq_standard_form,이차방정식의 식 표현,중3(교육과정 학년군: 중1-3),변화와 관계,이차방정식,medium,2,2,2,achievement_math_2022; curriculum_math_2022,achievement_level; achievement_standard,yes,yes,no,official_dual_source,yes
m1_quad_eq_solving,이차방정식 풀기,중3(교육과정 학년군: 중1-3),변화와 관계,이차방정식,high,2,2,2,achievement_math_2022; curriculum_math_2022,achievement_level; achievement_standard,yes,yes,no,official_dual_source,yes
m1_quad_eq_solution,이차방정식의 해,중3(교육과정 학년군: 중1-3),변화와 관계,이차방정식,high,3,2,3,achievement_math_2022; curriculum_math_2022,achievement_level; achievement_standard; term_list,yes,yes,no,official_dual_source,yes
m1_quad_eq_factorization_solving,인수분해를 이용한 이차방정식 풀이,중3(교육과정 학년군: 중1-3),변화와 관계,이차방정식,medium,3,2,2,achievement_math_2022; curriculum_math_2022,achievement_level; achievement_standard,yes,yes,no,official_dual_source,yes
m1_quad_eq_root_formula,근의 공식,중3(교육과정 학년군: 중1-3),변화와 관계,이차방정식,high,3,2,3,achievement_math_2022; curriculum_math_2022,achievement_level; achievement_standard; term_list,yes,yes,no,official_dual_source,yes
m1_quad_eq_double_root,중근,중3(교육과정 학년군: 중1-3),변화와 관계,이차방정식,medium,3,2,3,achievement_math_2022; curriculum_math_2022,achievement_level; achievement_standard; term_list,yes,yes,no,official_dual_source,yes
m1_quad_eq_real_solution_scope,이차방정식의 실수 해 범위,중3(교육과정 학년군: 중1-3),변화와 관계,이차방정식,high,1,1,1,curriculum_math_2022,teaching_note,yes,no,no,official_single_source,yes
m1_quad_eq_modeling,이차방정식 활용 문제 해결,중3(교육과정 학년군: 중1-3),변화와 관계,이차방정식,high,3,2,3,achievement_math_2022; curriculum_math_2022,achievement_level; achievement_standard; teaching_note,yes,yes,no,official_dual_source,yes
m1_mis_quadratic_expression_equation,이차식과 이차방정식을 혼동하는 오류,중3(교육과정 학년군: 중1-3),변화와 관계,이차방정식,low,3,2,3,achievement_math_2022; curriculum_math_2022,achievement_level; achievement_standard; instructional_term_list,yes,yes,no,official_dual_source,yes
m1_mis_quadratic_factorization_solution,인수분해한 식에서 해 조건을 빠뜨리는 오류,중3(교육과정 학년군: 중1-3),변화와 관계,이차방정식,low,2,1,1,achievement_math_2022,achievement_level,no,yes,no,official_single_source,yes
m1_mis_root_coefficient_relation_scope,근과 계수와의 관계를 중학교 범위로 오인하는 오류,중3(교육과정 학년군: 중1-3),변화와 관계,이차방정식,low,1,1,1,curriculum_math_2022,teaching_note,yes,no,no,official_single_source,yes
m1_quad_func_unit,이차함수와 그 그래프,중3(교육과정 학년군: 중1-3),변화와 관계,이차함수와 그 그래프,high,5,2,3,achievement_math_2022; curriculum_math_2022,achievement_level; achievement_standard; teaching_note,yes,yes,no,official_dual_source,yes
m1_quad_func_quadratic_function,이차함수,중3(교육과정 학년군: 중1-3),변화와 관계,이차함수와 그 그래프,high,3,2,3,achievement_math_2022; curriculum_math_2022,achievement_level; achievement_standard; term_list,yes,yes,no,official_dual_source,yes
m1_quad_func_formula,이차함수의 식,중3(교육과정 학년군: 중1-3),변화와 관계,이차함수와 그 그래프,high,3,2,2,achievement_math_2022; curriculum_math_2022,achievement_level; achievement_standard,yes,yes,no,official_dual_source,yes
m1_quad_func_y_fx,y=f(x),중3(교육과정 학년군: 중1-3),변화와 관계,이차함수와 그 그래프,high,2,1,2,curriculum_math_2022,achievement_standard; term_list,yes,no,no,official_single_source,yes
m1_quad_func_graph,이차함수의 그래프,중3(교육과정 학년군: 중1-3),변화와 관계,이차함수와 그 그래프,high,3,2,3,achievement_math_2022; curriculum_math_2022,achievement_level; achievement_standard; term_list,yes,yes,no,official_dual_source,yes
m1_quad_func_parabola,포물선,중3(교육과정 학년군: 중1-3),변화와 관계,이차함수와 그 그래프,high,3,2,3,achievement_math_2022; curriculum_math_2022,achievement_level; achievement_standard; term_list,yes,yes,no,official_dual_source,yes
m1_quad_func_axis,축,중3(교육과정 학년군: 중1-3),변화와 관계,이차함수와 그 그래프,high,3,2,3,achievement_math_2022; curriculum_math_2022,achievement_level; achievement_standard; term_list,yes,yes,no,official_dual_source,yes
m1_quad_func_vertex,꼭짓점,중3(교육과정 학년군: 중1-3),변화와 관계,이차함수와 그 그래프,high,3,2,3,achievement_math_2022; curriculum_math_2022,achievement_level; achievement_standard; term_list,yes,yes,no,official_dual_source,yes
m1_quad_func_y_ax2_graph,y=ax^2 그래프,중3(교육과정 학년군: 중1-3),변화와 관계,이차함수와 그 그래프,medium,1,1,1,achievement_math_2022,achievement_level,no,yes,no,official_single_source,yes
m1_quad_func_vertex_form,y=a(x-p)^2+q 꼴,중3(교육과정 학년군: 중1-3),변화와 관계,이차함수와 그 그래프,medium,1,1,1,achievement_math_2022,achievement_level,no,yes,no,official_single_source,yes
m1_quad_func_general_form,y=ax^2+bx+c 꼴,중3(교육과정 학년군: 중1-3),변화와 관계,이차함수와 그 그래프,medium,1,1,1,achievement_math_2022,achievement_level,no,yes,no,official_single_source,yes
m1_quad_func_graph_drawing,이차함수 그래프 그리기,중3(교육과정 학년군: 중1-3),변화와 관계,이차함수와 그 그래프,high,2,2,2,achievement_math_2022; curriculum_math_2022,achievement_level; achievement_standard,yes,yes,no,official_dual_source,yes
m1_quad_func_graph_properties,이차함수 그래프의 성질,중3(교육과정 학년군: 중1-3),변화와 관계,이차함수와 그 그래프,high,3,2,3,achievement_math_2022; curriculum_math_2022,achievement_level; achievement_standard; teaching_note,yes,yes,no,official_dual_source,yes
m1_quad_func_maximum,최댓값,중3(교육과정 학년군: 중1-3),변화와 관계,이차함수와 그 그래프,high,3,2,3,achievement_math_2022; curriculum_math_2022,achievement_level; teaching_note; term_list,yes,yes,no,official_dual_source,yes
m1_quad_func_minimum,최솟값,중3(교육과정 학년군: 중1-3),변화와 관계,이차함수와 그 그래프,high,3,2,3,achievement_math_2022; curriculum_math_2022,achievement_level; teaching_note; term_list,yes,yes,no,official_dual_source,yes
m1_quad_func_max_min_real_scope,이차함수 최댓값·최솟값의 실수 전체 범위,중3(교육과정 학년군: 중1-3),변화와 관계,이차함수와 그 그래프,high,1,1,1,curriculum_math_2022,teaching_note,yes,no,no,official_single_source,yes
m1_quad_func_tech_tool_graph,공학 도구로 이차함수 그래프 탐구하기,중3(교육과정 학년군: 중1-3),변화와 관계,이차함수와 그 그래프,medium,2,1,2,curriculum_math_2022,achievement_standard; teaching_note,yes,no,no,official_single_source,yes
m1_mis_quadratic_function_equation,이차함수와 이차방정식을 혼동하는 오류,중3(교육과정 학년군: 중1-3),변화와 관계,이차함수와 그 그래프,low,4,2,2,achievement_math_2022; curriculum_math_2022,achievement_level; achievement_standard,yes,yes,no,official_dual_source,yes
m1_mis_axis_vertex,포물선의 축과 꼭짓점을 혼동하는 오류,중3(교육과정 학년군: 중1-3),변화와 관계,이차함수와 그 그래프,low,3,2,3,achievement_math_2022; curriculum_math_2022,achievement_level; achievement_standard; term_list,yes,yes,no,official_dual_source,yes
m1_mis_max_min_scope,최댓값·최솟값의 범위를 임의로 확장하는 오류,중3(교육과정 학년군: 중1-3),변화와 관계,이차함수와 그 그래프,low,1,1,1,curriculum_math_2022,teaching_note,yes,no,no,official_single_source,yes
m1_coord_graph_unit,좌표평면과 그래프,중1(교육과정 학년군: 중1-3),변화와 관계,좌표평면과 그래프,high,3,1,1,curriculum_math_2022,achievement_standard,yes,no,no,official_single_source,yes
m1_coord_ordered_pair,순서쌍,중1(교육과정 학년군: 중1-3),변화와 관계,좌표평면과 그래프,high,3,2,3,achievement_math_2022; curriculum_math_2022,achievement_level; achievement_standard; term_list,yes,yes,no,official_dual_source,yes
m1_coord_coordinate,좌표,중1(교육과정 학년군: 중1-3),변화와 관계,좌표평면과 그래프,high,3,2,3,achievement_math_2022; curriculum_math_2022,achievement_level; achievement_standard; term_list,yes,yes,no,official_dual_source,yes
m1_coord_number_line,수직선,중1(교육과정 학년군: 중1-3),변화와 관계,좌표평면과 그래프,high,2,2,2,achievement_math_2022; curriculum_math_2022,achievement_level; teaching_note,yes,yes,no,official_dual_source,yes
m1_coord_coordinate_plane,좌표평면,중1(교육과정 학년군: 중1-3),변화와 관계,좌표평면과 그래프,high,3,2,3,achievement_math_2022; curriculum_math_2022,achievement_level; achievement_standard; term_list,yes,yes,no,official_dual_source,yes
m1_coord_point_location,점의 위치,중1(교육과정 학년군: 중1-3),변화와 관계,좌표평면과 그래프,high,2,2,2,achievement_math_2022; curriculum_math_2022,achievement_level; achievement_standard,yes,yes,no,official_dual_source,yes
m1_coord_x_coordinate,x좌표,중1(교육과정 학년군: 중1-3),변화와 관계,좌표평면과 그래프,high,2,2,2,achievement_math_2022; curriculum_math_2022,achievement_level; term_list,yes,yes,no,official_dual_source,yes
m1_coord_y_coordinate,y좌표,중1(교육과정 학년군: 중1-3),변화와 관계,좌표평면과 그래프,high,2,2,2,achievement_math_2022; curriculum_math_2022,achievement_level; term_list,yes,yes,no,official_dual_source,yes
m1_coord_origin,원점,중1(교육과정 학년군: 중1-3),변화와 관계,좌표평면과 그래프,high,1,1,1,curriculum_math_2022,term_list,yes,no,no,official_single_source,yes
m1_coord_axis,좌표축,중1(교육과정 학년군: 중1-3),변화와 관계,좌표평면과 그래프,high,1,1,1,curriculum_math_2022,term_list,yes,no,no,official_single_source,yes
m1_coord_x_axis,x축,중1(교육과정 학년군: 중1-3),변화와 관계,좌표평면과 그래프,high,1,1,1,curriculum_math_2022,term_list,yes,no,no,official_single_source,yes
m1_coord_y_axis,y축,중1(교육과정 학년군: 중1-3),변화와 관계,좌표평면과 그래프,high,1,1,1,curriculum_math_2022,term_list,yes,no,no,official_single_source,yes
m1_coord_quadrant,사분면,중1(교육과정 학년군: 중1-3),변화와 관계,좌표평면과 그래프,high,1,1,1,curriculum_math_2022,term_list,yes,no,no,official_single_source,yes
m1_coord_quadrant_1,제1사분면,중1(교육과정 학년군: 중1-3),변화와 관계,좌표평면과 그래프,medium,1,1,1,curriculum_math_2022,term_list,yes,no,no,official_single_source,yes
m1_coord_quadrant_2,제2사분면,중1(교육과정 학년군: 중1-3),변화와 관계,좌표평면과 그래프,medium,1,1,1,curriculum_math_2022,term_list,yes,no,no,official_single_source,yes
m1_coord_quadrant_3,제3사분면,중1(교육과정 학년군: 중1-3),변화와 관계,좌표평면과 그래프,medium,1,1,1,curriculum_math_2022,term_list,yes,no,no,official_single_source,yes
m1_coord_quadrant_4,제4사분면,중1(교육과정 학년군: 중1-3),변화와 관계,좌표평면과 그래프,medium,1,1,1,curriculum_math_2022,term_list,yes,no,no,official_single_source,yes
m1_coord_axis_point,축 위의 점,중1(교육과정 학년군: 중1-3),변화와 관계,좌표평면과 그래프,low,2,2,2,achievement_math_2022; curriculum_math_2022,achievement_level; term_list,yes,yes,no,official_dual_source,yes
m1_coord_x_axis_point,x축 위의 점,중1(교육과정 학년군: 중1-3),변화와 관계,좌표평면과 그래프,low,2,2,2,achievement_math_2022; curriculum_math_2022,achievement_level; term_list,yes,yes,no,official_dual_source,yes
m1_coord_y_axis_point,y축 위의 점,중1(교육과정 학년군: 중1-3),변화와 관계,좌표평면과 그래프,low,2,2,2,achievement_math_2022; curriculum_math_2022,achievement_level; term_list,yes,yes,no,official_dual_source,yes
m1_coord_quadrant_signs,사분면별 좌표 부호,중1(교육과정 학년군: 중1-3),변화와 관계,좌표평면과 그래프,low,2,2,2,achievement_math_2022; curriculum_math_2022,achievement_level; term_list,yes,yes,no,official_dual_source,yes
m1_coord_usefulness,좌표 표현의 편리함,중1(교육과정 학년군: 중1-3),변화와 관계,좌표평면과 그래프,high,3,2,3,achievement_math_2022; curriculum_math_2022,achievement_level; achievement_standard; teaching_note,yes,yes,no,official_dual_source,yes
m1_graph_graph,그래프,중1(교육과정 학년군: 중1-3),변화와 관계,좌표평면과 그래프,high,3,2,3,achievement_math_2022; curriculum_math_2022,achievement_level; achievement_standard; term_list,yes,yes,no,official_dual_source,yes
m1_graph_situation_graphing,상황을 그래프로 나타내기,중1(교육과정 학년군: 중1-3),변화와 관계,좌표평면과 그래프,high,2,2,2,achievement_math_2022; curriculum_math_2022,achievement_level; achievement_standard,yes,yes,no,official_dual_source,yes
m1_graph_graph_interpretation,그래프 해석,중1(교육과정 학년군: 중1-3),변화와 관계,좌표평면과 그래프,high,3,2,3,achievement_math_2022; curriculum_math_2022,achievement_level; achievement_standard; teaching_note,yes,yes,no,official_dual_source,yes
m1_graph_change_state,변화 상태,중1(교육과정 학년군: 중1-3),변화와 관계,좌표평면과 그래프,high,2,2,2,achievement_math_2022; curriculum_math_2022,achievement_level; teaching_note,yes,yes,no,official_dual_source,yes
m1_graph_increase_decrease,증가와 감소,중1(교육과정 학년군: 중1-3),변화와 관계,좌표평면과 그래프,high,1,1,1,curriculum_math_2022,teaching_note,yes,no,no,official_single_source,yes
m1_graph_periodic_change,주기적 변화,중1(교육과정 학년군: 중1-3),변화와 관계,좌표평면과 그래프,high,1,1,1,curriculum_math_2022,teaching_note,yes,no,no,official_single_source,yes
m1_repr_table,표,중1(교육과정 학년군: 중1-3),변화와 관계,좌표평면과 그래프,high,3,2,3,achievement_math_2022; curriculum_math_2022,achievement_level; achievement_standard; teaching_note,yes,yes,no,official_dual_source,yes
m1_repr_expression,식,중1(교육과정 학년군: 중1-3),변화와 관계,좌표평면과 그래프,high,5,2,3,achievement_math_2022; curriculum_math_2022,achievement_level; achievement_standard; teaching_note,yes,yes,no,official_dual_source,yes
m1_repr_everyday_language,일상 언어,중1(교육과정 학년군: 중1-3),변화와 관계,좌표평면과 그래프,high,2,1,1,curriculum_math_2022,teaching_note,yes,no,no,official_single_source,yes
m1_repr_conversion,표·식·그래프 상호 변환,중1(교육과정 학년군: 중1-3),변화와 관계,좌표평면과 그래프,high,2,2,2,achievement_math_2022; curriculum_math_2022,achievement_level; teaching_note,yes,yes,no,official_dual_source,yes
m1_prop_direct_proportion,정비례,중1(교육과정 학년군: 중1-3),변화와 관계,좌표평면과 그래프,high,3,2,3,achievement_math_2022; curriculum_math_2022,achievement_level; achievement_standard; term_list,yes,yes,no,official_dual_source,yes
m1_prop_inverse_proportion,반비례,중1(교육과정 학년군: 중1-3),변화와 관계,좌표평면과 그래프,medium,4,3,4,achievement_math_2022; achievement_research_report_2022; curriculum_math_2022,achievement_level; achievement_standard; research_report_achievement_level_context; term_list,yes,yes,no,official_dual_source,yes
m1_prop_proportion_relation,정비례·반비례 관계 판단,중1(교육과정 학년군: 중1-3),변화와 관계,좌표평면과 그래프,high,2,2,2,achievement_math_2022; curriculum_math_2022,achievement_level; achievement_standard,yes,yes,no,official_dual_source,yes
m1_context_speed_distance,속력과 거리 맥락,중1(교육과정 학년군: 중1-3),변화와 관계,좌표평면과 그래프,medium,2,2,2,achievement_math_2022; curriculum_math_2022,achievement_level; teaching_note,yes,yes,no,official_dual_source,yes
m1_context_speed_time,속력과 시간 맥락,중1(교육과정 학년군: 중1-3),변화와 관계,좌표평면과 그래프,medium,2,2,2,achievement_math_2022; curriculum_math_2022,achievement_level; teaching_note,yes,yes,no,official_dual_source,yes
m1_term_variable,변수,중1(교육과정 학년군: 중1-3),변화와 관계,좌표평면과 그래프,high,5,2,4,achievement_math_2022; curriculum_math_2022,achievement_level; achievement_standard; teaching_note; term_list,yes,yes,no,official_dual_source,yes
m1_mis_order_swap,순서쌍의 순서 혼동,중1(교육과정 학년군: 중1-3),변화와 관계,좌표평면과 그래프,low,2,2,2,achievement_math_2022; curriculum_math_2022,achievement_level; term_list,yes,yes,no,official_dual_source,yes
m1_mis_axis_quadrant,축 위의 점을 사분면에 포함하는 오류,중1(교육과정 학년군: 중1-3),변화와 관계,좌표평면과 그래프,low,2,2,2,achievement_math_2022; curriculum_math_2022,achievement_level; term_list,yes,yes,no,official_dual_source,yes
m1_mis_graph_picture,그래프를 상황 그림으로만 보는 오류,중1(교육과정 학년군: 중1-3),변화와 관계,좌표평면과 그래프,low,3,2,3,achievement_math_2022; curriculum_math_2022,achievement_level; achievement_standard; teaching_note,yes,yes,no,official_dual_source,yes
m1_mis_direct_inverse_generalization,증가·감소만으로 정비례·반비례 판단,중1(교육과정 학년군: 중1-3),변화와 관계,좌표평면과 그래프,low,3,2,3,achievement_math_2022; curriculum_math_2022,achievement_level; achievement_standard; teaching_note,yes,yes,no,official_dual_source,yes
m1_mis_representation_conversion,표·식·그래프 변환 오류,중1(교육과정 학년군: 중1-3),변화와 관계,좌표평면과 그래프,low,2,2,2,achievement_math_2022; curriculum_math_2022,achievement_level; teaching_note,yes,yes,no,official_dual_source,yes
m1_geo_domain,도형과 측정,중학교(교육과정 학년군: 중1-3),도형과 측정,도형과 측정,high,19,1,1,curriculum_math_2022,achievement_standard,yes,no,no,official_single_source,yes
m1_geo_figure,도형,중학교(교육과정 학년군: 중1-3),도형과 측정,도형과 측정,medium,4,2,3,achievement_math_2022; curriculum_math_2022,achievement_level; achievement_standard; teaching_note,yes,yes,no,official_dual_source,yes
m1_geo_triangle,삼각형,중학교(교육과정 학년군: 중1-3),도형과 측정,도형과 측정,medium,9,3,3,achievement_math_2022; achievement_research_report_2022; curriculum_math_2022,achievement_level; achievement_standard; research_report_assessment_item_context,yes,yes,no,official_dual_source,yes
m1_geo_length,길이,중학교(교육과정 학년군: 중1-3),도형과 측정,도형과 측정,medium,7,3,4,achievement_math_2022; achievement_research_report_2022; curriculum_math_2022,achievement_level; achievement_standard; research_report_assessment_item_context; teaching_note,yes,yes,no,official_dual_source,yes
m1_geo_area,넓이,중학교(교육과정 학년군: 중1-3),도형과 측정,도형과 측정,medium,7,3,4,achievement_math_2022; achievement_research_report_2022; curriculum_math_2022,achievement_level; achievement_standard; research_report_assessment_item_context; teaching_note,yes,yes,no,official_dual_source,yes
m1_geo_basic_unit,기본 도형,중1(교육과정 학년군: 중1-3),도형과 측정,기본 도형,high,5,2,3,achievement_math_2022; curriculum_math_2022,achievement_level; achievement_standard; teaching_note,yes,yes,no,official_dual_source,yes
m1_geo_construction_congruence_unit,작도와 합동,중1(교육과정 학년군: 중1-3),도형과 측정,작도와 합동,high,4,2,2,achievement_math_2022; curriculum_math_2022,achievement_level; achievement_standard,yes,yes,no,official_dual_source,yes
m1_geo_plane_properties_unit,평면도형의 성질,중1(교육과정 학년군: 중1-3),도형과 측정,평면도형의 성질,high,4,2,2,achievement_math_2022; curriculum_math_2022,achievement_level; achievement_standard,yes,yes,no,official_dual_source,yes
m1_geo_solid_unit,입체도형의 성질,중1(교육과정 학년군: 중1-3),도형과 측정,입체도형의 성질,high,4,2,3,achievement_math_2022; curriculum_math_2022,achievement_level; achievement_standard; teaching_note,yes,yes,no,official_dual_source,yes
m1_geo_triangle_quadrilateral_unit,삼각형과 사각형의 성질,중2(교육과정 학년군: 중1-3),도형과 측정,삼각형과 사각형의 성질,high,5,2,3,achievement_math_2022; curriculum_math_2022,achievement_level; achievement_standard; teaching_note,yes,yes,no,official_dual_source,yes
m1_geo_similarity_unit,도형의 닮음,중2(교육과정 학년군: 중1-3),도형과 측정,도형의 닮음,high,4,2,2,achievement_math_2022; curriculum_math_2022,achievement_level; achievement_standard,yes,yes,no,official_dual_source,yes
m1_geo_pythagorean_unit,피타고라스 정리,중2(교육과정 학년군: 중1-3),도형과 측정,피타고라스 정리,high,2,2,2,achievement_math_2022; curriculum_math_2022,achievement_level; achievement_standard,yes,yes,no,official_dual_source,yes
m1_geo_trig_unit,삼각비,중3(교육과정 학년군: 중1-3),도형과 측정,삼각비,high,4,2,3,achievement_math_2022; curriculum_math_2022,achievement_level; achievement_standard; teaching_note,yes,yes,no,official_dual_source,yes
m1_geo_circle_unit,원의 성질,중3(교육과정 학년군: 중1-3),도형과 측정,원의 성질,high,4,2,3,achievement_math_2022; curriculum_math_2022,achievement_level; achievement_standard; teaching_note,yes,yes,no,official_dual_source,yes
m1_geo_point,점,중1(교육과정 학년군: 중1-3),도형과 측정,기본 도형,high,2,2,2,achievement_math_2022; curriculum_math_2022,achievement_level; achievement_standard,yes,yes,no,official_dual_source,yes
m1_geo_line,직선,중1(교육과정 학년군: 중1-3),도형과 측정,기본 도형,high,2,2,2,achievement_math_2022; curriculum_math_2022,achievement_level; achievement_standard,yes,yes,no,official_dual_source,yes
m1_geo_plane,평면,중1(교육과정 학년군: 중1-3),도형과 측정,기본 도형,high,2,2,2,achievement_math_2022; curriculum_math_2022,achievement_level; achievement_standard,yes,yes,no,official_dual_source,yes
m1_geo_angle,각,중1(교육과정 학년군: 중1-3),도형과 측정,기본 도형,high,2,2,2,achievement_math_2022; curriculum_math_2022,achievement_level; achievement_standard,yes,yes,no,official_dual_source,yes
m1_geo_position_relation,"점, 직선, 평면의 위치 관계",중1(교육과정 학년군: 중1-3),도형과 측정,기본 도형,high,2,2,2,achievement_math_2022; curriculum_math_2022,achievement_level; achievement_standard,yes,yes,no,official_dual_source,yes
m1_geo_intersection_point,교점,중1(교육과정 학년군: 중1-3),도형과 측정,기본 도형,high,3,2,3,achievement_math_2022; curriculum_math_2022,achievement_level; achievement_standard; term_list,yes,yes,no,official_dual_source,yes
m1_geo_intersection_line,교선,중1(교육과정 학년군: 중1-3),도형과 측정,기본 도형,high,3,2,3,achievement_math_2022; curriculum_math_2022,achievement_level; achievement_standard; term_list,yes,yes,no,official_dual_source,yes
m1_geo_distance_between_two_points,두 점 사이의 거리,중1(교육과정 학년군: 중1-3),도형과 측정,기본 도형,high,3,2,3,achievement_math_2022; curriculum_math_2022,achievement_level; achievement_standard; term_list,yes,yes,no,official_dual_source,yes
m1_geo_midpoint,중점,중1(교육과정 학년군: 중1-3),도형과 측정,기본 도형,high,3,2,3,achievement_math_2022; curriculum_math_2022,achievement_level; achievement_standard; term_list,yes,yes,no,official_dual_source,yes
m1_geo_perpendicular_bisector,수직이등분선,중1(교육과정 학년군: 중1-3),도형과 측정,기본 도형,high,3,2,3,achievement_math_2022; curriculum_math_2022,achievement_level; achievement_standard; term_list,yes,yes,no,official_dual_source,yes
m1_geo_skew_lines,꼬인 위치,중1(교육과정 학년군: 중1-3),도형과 측정,기본 도형,high,3,2,3,achievement_math_2022; curriculum_math_2022,achievement_level; achievement_standard; term_list,yes,yes,no,official_dual_source,yes
m1_geo_vertical_angles,맞꼭지각,중1(교육과정 학년군: 중1-3),도형과 측정,기본 도형,high,3,2,3,achievement_math_2022; curriculum_math_2022,achievement_level; achievement_standard; term_list,yes,yes,no,official_dual_source,yes
m1_geo_straight_angle,평각,중1(교육과정 학년군: 중1-3),도형과 측정,기본 도형,high,3,2,3,achievement_math_2022; curriculum_math_2022,achievement_level; achievement_standard; term_list,yes,yes,no,official_dual_source,yes
m1_geo_perpendicular,직교,중1(교육과정 학년군: 중1-3),도형과 측정,기본 도형,high,3,2,3,achievement_math_2022; curriculum_math_2022,achievement_level; achievement_standard; term_list,yes,yes,no,official_dual_source,yes
m1_geo_foot_of_perpendicular,수선의 발,중1(교육과정 학년군: 중1-3),도형과 측정,기본 도형,high,3,2,3,achievement_math_2022; curriculum_math_2022,achievement_level; achievement_standard; term_list,yes,yes,no,official_dual_source,yes
m1_geo_parallel_lines,평행선,중1(교육과정 학년군: 중1-3),도형과 측정,기본 도형,high,2,2,2,achievement_math_2022; curriculum_math_2022,achievement_level; achievement_standard,yes,yes,no,official_dual_source,yes
m1_geo_corresponding_angles,동위각,중1(교육과정 학년군: 중1-3),도형과 측정,기본 도형,high,3,2,3,achievement_math_2022; curriculum_math_2022,achievement_level; achievement_standard; term_list,yes,yes,no,official_dual_source,yes
m1_geo_alternate_interior_angles,엇각,중1(교육과정 학년군: 중1-3),도형과 측정,기본 도형,high,3,2,3,achievement_math_2022; curriculum_math_2022,achievement_level; achievement_standard; term_list,yes,yes,no,official_dual_source,yes
m1_geo_parallel_angle_properties,평행선에서 동위각과 엇각의 성질,중1(교육과정 학년군: 중1-3),도형과 측정,기본 도형,high,2,2,2,achievement_math_2022; curriculum_math_2022,achievement_level; achievement_standard,yes,yes,no,official_dual_source,yes
m1_mis_corresponding_alternate_angles,동위각과 엇각의 위치를 혼동하는 오류,중1(교육과정 학년군: 중1-3),도형과 측정,기본 도형,low,2,2,2,achievement_math_2022; curriculum_math_2022,achievement_level; achievement_standard,yes,yes,no,official_dual_source,yes
m1_mis_skew_parallel_lines,꼬인 위치와 평행을 같은 관계로 보는 오류,중1(교육과정 학년군: 중1-3),도형과 측정,기본 도형,low,3,2,3,achievement_math_2022; curriculum_math_2022,achievement_level; achievement_standard; term_list,yes,yes,no,official_dual_source,yes
m1_geo_construction,작도,중1(교육과정 학년군: 중1-3),도형과 측정,작도와 합동,high,3,2,3,achievement_math_2022; curriculum_math_2022,achievement_level; achievement_standard; term_list,yes,yes,no,official_dual_source,yes
m1_geo_triangle_construction,삼각형의 작도,중1(교육과정 학년군: 중1-3),도형과 측정,작도와 합동,high,2,2,2,achievement_math_2022; curriculum_math_2022,achievement_level; achievement_standard,yes,yes,no,official_dual_source,yes
m1_geo_congruence,합동,중1(교육과정 학년군: 중1-3),도형과 측정,작도와 합동,high,2,2,2,achievement_math_2022; curriculum_math_2022,achievement_level; achievement_standard,yes,yes,no,official_dual_source,yes
m1_geo_triangle_congruence_conditions,삼각형의 합동 조건,중1(교육과정 학년군: 중1-3),도형과 측정,작도와 합동,high,3,2,3,achievement_math_2022; curriculum_math_2022,achievement_level; achievement_standard; term_list,yes,yes,no,official_dual_source,yes
m1_geo_triangle_congruence_judgement,삼각형의 합동 판별,중1(교육과정 학년군: 중1-3),도형과 측정,작도와 합동,high,2,2,2,achievement_math_2022; curriculum_math_2022,achievement_level; achievement_standard,yes,yes,no,official_dual_source,yes
m1_geo_opposite_side,대변,중1(교육과정 학년군: 중1-3),도형과 측정,작도와 합동,high,3,2,3,achievement_math_2022; curriculum_math_2022,achievement_level; achievement_standard; term_list,yes,yes,no,official_dual_source,yes
m1_geo_opposite_angle,대각,중1(교육과정 학년군: 중1-3),도형과 측정,작도와 합동,high,3,2,3,achievement_math_2022; curriculum_math_2022,achievement_level; achievement_standard; term_list,yes,yes,no,official_dual_source,yes
m1_geo_polygon,다각형,중1(교육과정 학년군: 중1-3),도형과 측정,평면도형의 성질,high,2,2,2,achievement_math_2022; curriculum_math_2022,achievement_level; achievement_standard,yes,yes,no,official_dual_source,yes
m1_geo_convex_polygon_scope,볼록다각형 범위,중1(교육과정 학년군: 중1-3),도형과 측정,평면도형의 성질,medium,1,1,1,curriculum_math_2022,teaching_note,yes,no,no,official_single_source,yes
m1_geo_interior_angle,내각,중1(교육과정 학년군: 중1-3),도형과 측정,평면도형의 성질,high,3,2,3,achievement_math_2022; curriculum_math_2022,achievement_level; achievement_standard; term_list,yes,yes,no,official_dual_source,yes
m1_geo_exterior_angle,외각,중1(교육과정 학년군: 중1-3),도형과 측정,평면도형의 성질,high,3,2,3,achievement_math_2022; curriculum_math_2022,achievement_level; achievement_standard; term_list,yes,yes,no,official_dual_source,yes
m1_geo_polygon_angle_sum,다각형의 내각과 외각의 크기,중1(교육과정 학년군: 중1-3),도형과 측정,평면도형의 성질,high,3,2,3,achievement_math_2022; curriculum_math_2022,achievement_level; achievement_standard; teaching_note,yes,yes,no,official_dual_source,yes
m1_geo_diagonal,대각선,중1(교육과정 학년군: 중1-3),도형과 측정,평면도형의 성질,medium,3,3,3,achievement_math_2022; achievement_research_report_2022; curriculum_math_2022,achievement_level; achievement_standard; research_report_achievement_level_context,yes,yes,no,official_dual_source,yes
m1_geo_diagonal_count,다각형의 대각선 개수,중1(교육과정 학년군: 중1-3),도형과 측정,평면도형의 성질,high,3,2,3,achievement_math_2022; curriculum_math_2022,achievement_level; achievement_standard; teaching_note,yes,yes,no,official_dual_source,yes
m1_geo_sector,부채꼴,중1(교육과정 학년군: 중1-3),도형과 측정,평면도형의 성질,high,3,2,3,achievement_math_2022; curriculum_math_2022,achievement_level; achievement_standard; term_list,yes,yes,no,official_dual_source,yes
m1_geo_central_angle,중심각,중1(교육과정 학년군: 중1-3),도형과 측정,평면도형의 성질,high,3,2,3,achievement_math_2022; curriculum_math_2022,achievement_level; achievement_standard; term_list,yes,yes,no,official_dual_source,yes
m1_geo_arc,호,중1(교육과정 학년군: 중1-3),도형과 측정,평면도형의 성질,high,3,2,3,achievement_math_2022; curriculum_math_2022,achievement_level; achievement_standard; term_list,yes,yes,no,official_dual_source,yes
m1_geo_chord,현,중1(교육과정 학년군: 중1-3),도형과 측정,평면도형의 성질,high,5,2,3,achievement_math_2022; curriculum_math_2022,achievement_level; achievement_standard; term_list,yes,yes,no,official_dual_source,yes
m1_geo_circular_segment,활꼴,중1(교육과정 학년군: 중1-3),도형과 측정,평면도형의 성질,high,2,1,2,curriculum_math_2022,achievement_standard; term_list,yes,no,no,official_single_source,yes
m1_geo_secant,할선,중1(교육과정 학년군: 중1-3),도형과 측정,평면도형의 성질,high,2,1,2,curriculum_math_2022,achievement_standard; term_list,yes,no,no,official_single_source,yes
m1_geo_sector_arc_length_area,부채꼴의 호의 길이와 넓이 구하기,중1(교육과정 학년군: 중1-3),도형과 측정,평면도형의 성질,high,2,2,2,achievement_math_2022; curriculum_math_2022,achievement_level; achievement_standard,yes,yes,no,official_dual_source,yes
m1_mis_arc_chord,호와 현을 같은 대상으로 보는 오류,중1(교육과정 학년군: 중1-3),도형과 측정,평면도형의 성질,low,3,2,3,achievement_math_2022; curriculum_math_2022,achievement_level; achievement_standard; term_list,yes,yes,no,official_dual_source,yes
m1_geo_polyhedron,다면체,중1(교육과정 학년군: 중1-3),도형과 측정,입체도형의 성질,high,3,2,3,achievement_math_2022; curriculum_math_2022,achievement_level; achievement_standard; term_list,yes,yes,no,official_dual_source,yes
m1_geo_regular_polyhedron,정다면체,중1(교육과정 학년군: 중1-3),도형과 측정,입체도형의 성질,high,3,2,3,achievement_math_2022; curriculum_math_2022,achievement_level; achievement_standard; term_list,yes,yes,no,official_dual_source,yes
m1_geo_frustum_pyramid,각뿔대,중1(교육과정 학년군: 중1-3),도형과 측정,입체도형의 성질,high,3,2,3,achievement_math_2022; curriculum_math_2022,achievement_level; achievement_standard; term_list,yes,yes,no,official_dual_source,yes
m1_geo_solid_of_revolution,회전체,중1(교육과정 학년군: 중1-3),도형과 측정,입체도형의 성질,high,3,2,3,achievement_math_2022; curriculum_math_2022,achievement_level; achievement_standard; term_list,yes,yes,no,official_dual_source,yes
m1_geo_axis_of_rotation,회전축,중1(교육과정 학년군: 중1-3),도형과 측정,입체도형의 성질,high,3,2,3,achievement_math_2022; curriculum_math_2022,achievement_level; achievement_standard; term_list,yes,yes,no,official_dual_source,yes
m1_geo_frustum_cone,원뿔대,중1(교육과정 학년군: 중1-3),도형과 측정,입체도형의 성질,high,3,2,3,achievement_math_2022; curriculum_math_2022,achievement_level; achievement_standard; term_list,yes,yes,no,official_dual_source,yes
m1_geo_solid_cross_section,입체도형의 단면,중1(교육과정 학년군: 중1-3),도형과 측정,입체도형의 성질,medium,3,2,3,achievement_math_2022; curriculum_math_2022,achievement_level; achievement_standard; teaching_note,yes,yes,no,official_dual_source,yes
m1_geo_solid_net,전개도,중1(교육과정 학년군: 중1-3),도형과 측정,입체도형의 성질,medium,5,3,4,achievement_math_2022; achievement_research_report_2022; curriculum_math_2022,achievement_level; achievement_standard; research_report_achievement_level_context; teaching_note,yes,yes,no,official_dual_source,yes
m1_geo_surface_area,겉넓이,중1(교육과정 학년군: 중1-3),도형과 측정,입체도형의 성질,high,2,2,2,achievement_math_2022; curriculum_math_2022,achievement_level; achievement_standard,yes,yes,no,official_dual_source,yes
m1_geo_volume,부피,중1(교육과정 학년군: 중1-3),도형과 측정,입체도형의 성질,high,2,2,2,achievement_math_2022; curriculum_math_2022,achievement_level; achievement_standard,yes,yes,no,official_dual_source,yes
m1_geo_prism,기둥 모양 입체도형,중1(교육과정 학년군: 중1-3),도형과 측정,입체도형의 성질,medium,4,3,4,achievement_math_2022; achievement_research_report_2022; curriculum_math_2022,achievement_level; achievement_standard; research_report_achievement_level_context; research_report_prerequisite_context,yes,yes,no,official_dual_source,yes
m1_geo_pyramid,뿔 모양 입체도형,중1(교육과정 학년군: 중1-3),도형과 측정,입체도형의 성질,medium,4,3,3,achievement_math_2022; achievement_research_report_2022; curriculum_math_2022,achievement_level; achievement_standard; research_report_achievement_level_context,yes,yes,no,official_dual_source,yes
m1_geo_sphere,구,중1(교육과정 학년군: 중1-3),도형과 측정,입체도형의 성질,medium,2,2,2,achievement_math_2022; curriculum_math_2022,achievement_level; achievement_standard,yes,yes,no,official_dual_source,yes
m1_geo_model_tool_solid,모형과 공학 도구로 입체도형 탐구,중1(교육과정 학년군: 중1-3),도형과 측정,입체도형의 성질,high,3,2,3,achievement_math_2022; curriculum_math_2022,achievement_level; achievement_standard; teaching_note,yes,yes,no,official_dual_source,yes
m1_mis_surface_area_volume,겉넓이와 부피를 같은 측정량으로 보는 오류,중1(교육과정 학년군: 중1-3),도형과 측정,입체도형의 성질,low,2,2,2,achievement_math_2022; curriculum_math_2022,achievement_level; achievement_standard,yes,yes,no,official_dual_source,yes
m1_mis_complex_area_volume_scope,지나치게 복잡한 넓이·부피 변형 문제 범위 혼동,중1(교육과정 학년군: 중1-3),도형과 측정,입체도형의 성질,low,1,1,1,curriculum_math_2022,teaching_note,yes,no,no,official_single_source,yes
m1_geo_justification,정당화,중2(교육과정 학년군: 중1-3),도형과 측정,삼각형과 사각형의 성질,high,2,2,2,achievement_math_2022; curriculum_math_2022,achievement_level; teaching_note,yes,yes,no,official_dual_source,yes
m1_geo_proof,증명,중2(교육과정 학년군: 중1-3),도형과 측정,삼각형과 사각형의 성질,high,3,2,3,achievement_math_2022; curriculum_math_2022,achievement_level; teaching_note; term_list,yes,yes,no,official_dual_source,yes
m1_geo_isosceles_triangle,이등변삼각형,중2(교육과정 학년군: 중1-3),도형과 측정,삼각형과 사각형의 성질,high,2,2,2,achievement_math_2022; curriculum_math_2022,achievement_level; achievement_standard,yes,yes,no,official_dual_source,yes
m1_geo_isosceles_properties,이등변삼각형의 성질,중2(교육과정 학년군: 중1-3),도형과 측정,삼각형과 사각형의 성질,high,3,2,3,achievement_math_2022; curriculum_math_2022,achievement_level; achievement_standard; teaching_note,yes,yes,no,official_dual_source,yes
m1_geo_circumcenter,외심,중2(교육과정 학년군: 중1-3),도형과 측정,삼각형과 사각형의 성질,high,3,2,3,achievement_math_2022; curriculum_math_2022,achievement_level; achievement_standard; term_list,yes,yes,no,official_dual_source,yes
m1_geo_circumcircle,외접원,중2(교육과정 학년군: 중1-3),도형과 측정,삼각형과 사각형의 성질,high,3,2,3,achievement_math_2022; curriculum_math_2022,achievement_level; achievement_standard; term_list,yes,yes,no,official_dual_source,yes
m1_geo_incenter,내심,중2(교육과정 학년군: 중1-3),도형과 측정,삼각형과 사각형의 성질,high,3,2,3,achievement_math_2022; curriculum_math_2022,achievement_level; achievement_standard; term_list,yes,yes,no,official_dual_source,yes
m1_geo_incircle,내접원,중2(교육과정 학년군: 중1-3),도형과 측정,삼각형과 사각형의 성질,high,3,2,3,achievement_math_2022; curriculum_math_2022,achievement_level; achievement_standard; term_list,yes,yes,no,official_dual_source,yes
m1_geo_median,중선,중2(교육과정 학년군: 중1-3),도형과 측정,삼각형과 사각형의 성질,high,3,2,3,achievement_math_2022; curriculum_math_2022,achievement_level; achievement_standard; term_list,yes,yes,no,official_dual_source,yes
m1_geo_centroid,무게중심,중2(교육과정 학년군: 중1-3),도형과 측정,삼각형과 사각형의 성질,high,3,2,3,achievement_math_2022; curriculum_math_2022,achievement_level; achievement_standard; term_list,yes,yes,no,official_dual_source,yes
m1_geo_quadrilateral,사각형,중2(교육과정 학년군: 중1-3),도형과 측정,삼각형과 사각형의 성질,high,2,2,2,achievement_math_2022; curriculum_math_2022,achievement_level; achievement_standard,yes,yes,no,official_dual_source,yes
m1_geo_quadrilateral_diagonal_properties,사각형의 대각선에 관한 성질,중2(교육과정 학년군: 중1-3),도형과 측정,삼각형과 사각형의 성질,high,2,2,2,achievement_math_2022; curriculum_math_2022,achievement_level; achievement_standard,yes,yes,no,official_dual_source,yes
m1_geo_quadrilateral_relationship,여러 가지 사각형 사이의 관계,중2(교육과정 학년군: 중1-3),도형과 측정,삼각형과 사각형의 성질,medium,2,2,2,achievement_math_2022; curriculum_math_2022,achievement_level; achievement_standard,yes,yes,no,official_dual_source,yes
m1_mis_proof_observation,관찰 결과와 증명을 같은 수준의 근거로 보는 오류,중2(교육과정 학년군: 중1-3),도형과 측정,삼각형과 사각형의 성질,low,2,2,2,achievement_math_2022; curriculum_math_2022,achievement_level; teaching_note,yes,yes,no,official_dual_source,yes
m1_mis_circumcenter_incenter,외심과 내심을 혼동하는 오류,중2(교육과정 학년군: 중1-3),도형과 측정,삼각형과 사각형의 성질,low,2,2,2,achievement_math_2022; curriculum_math_2022,achievement_level; achievement_standard,yes,yes,no,official_dual_source,yes
m1_geo_similarity,닮음,중2(교육과정 학년군: 중1-3),도형과 측정,도형의 닮음,high,3,2,3,achievement_math_2022; curriculum_math_2022,achievement_level; achievement_standard; term_list,yes,yes,no,official_dual_source,yes
m1_geo_similar_figures,닮은 도형,중2(교육과정 학년군: 중1-3),도형과 측정,도형의 닮음,high,2,2,2,achievement_math_2022; curriculum_math_2022,achievement_level; achievement_standard,yes,yes,no,official_dual_source,yes
m1_geo_correspondence,도형의 대응,중2(교육과정 학년군: 중1-3),도형과 측정,도형의 닮음,medium,3,2,3,achievement_math_2022; curriculum_math_2022,achievement_level; achievement_standard; instructional_term_list,yes,yes,no,official_dual_source,yes
m1_geo_similarity_ratio,닮음비,중2(교육과정 학년군: 중1-3),도형과 측정,도형의 닮음,high,3,2,3,achievement_math_2022; curriculum_math_2022,achievement_level; achievement_standard; term_list,yes,yes,no,official_dual_source,yes
m1_geo_triangle_similarity_conditions,삼각형의 닮음 조건,중2(교육과정 학년군: 중1-3),도형과 측정,도형의 닮음,high,3,2,3,achievement_math_2022; curriculum_math_2022,achievement_level; achievement_standard; term_list,yes,yes,no,official_dual_source,yes
m1_geo_similarity_judgement,삼각형의 닮음 판별,중2(교육과정 학년군: 중1-3),도형과 측정,도형의 닮음,high,2,2,2,achievement_math_2022; curriculum_math_2022,achievement_level; achievement_standard,yes,yes,no,official_dual_source,yes
m1_geo_parallel_segment_ratio,평행선 사이의 선분의 길이의 비,중2(교육과정 학년군: 중1-3),도형과 측정,도형의 닮음,high,2,2,2,achievement_math_2022; curriculum_math_2022,achievement_level; achievement_standard,yes,yes,no,official_dual_source,yes
m1_geo_triangle_midpoint_theorem,삼각형의 중점연결정리,중2(교육과정 학년군: 중1-3),도형과 측정,도형의 닮음,medium,2,2,2,achievement_math_2022; curriculum_math_2022,achievement_level; instructional_term_list,yes,yes,no,official_dual_source,yes
m1_geo_centroid_from_parallel_ratio,평행선과 선분의 비로 무게중심 찾기,중2(교육과정 학년군: 중1-3),도형과 측정,도형의 닮음,high,2,2,2,achievement_math_2022; curriculum_math_2022,achievement_level; achievement_standard,yes,yes,no,official_dual_source,yes
m1_mis_congruence_similarity,합동과 닮음을 같은 관계로 보는 오류,중2(교육과정 학년군: 중1-3),도형과 측정,도형의 닮음,low,4,2,2,achievement_math_2022; curriculum_math_2022,achievement_level; achievement_standard,yes,yes,no,official_dual_source,yes
m1_geo_right_triangle,직각삼각형,중2(교육과정 학년군: 중1-3),도형과 측정,피타고라스 정리,high,3,2,2,achievement_math_2022; curriculum_math_2022,achievement_level; achievement_standard,yes,yes,no,official_dual_source,yes
m1_geo_pythagorean_theorem,피타고라스 정리,중2(교육과정 학년군: 중1-3),도형과 측정,피타고라스 정리,high,3,2,3,achievement_math_2022; curriculum_math_2022,achievement_level; achievement_standard; term_list,yes,yes,no,official_dual_source,yes
m1_geo_pythagorean_converse,피타고라스 정리의 역,중2(교육과정 학년군: 중1-3),도형과 측정,피타고라스 정리,medium,2,2,2,achievement_math_2022; curriculum_math_2022,achievement_level; teaching_note,yes,yes,no,official_dual_source,yes
m1_geo_right_triangle_judgement,세 변의 길이로 직각삼각형 판별,중2(교육과정 학년군: 중1-3),도형과 측정,피타고라스 정리,high,2,2,2,achievement_math_2022; curriculum_math_2022,achievement_level; teaching_note,yes,yes,no,official_dual_source,yes
m1_geo_pythagorean_justification,피타고라스 정리의 정당화,중2(교육과정 학년군: 중1-3),도형과 측정,피타고라스 정리,high,3,2,3,achievement_math_2022; curriculum_math_2022,achievement_level; achievement_standard; teaching_note,yes,yes,no,official_dual_source,yes
m1_geo_trigonometric_ratio,삼각비,중3(교육과정 학년군: 중1-3),도형과 측정,삼각비,high,3,2,3,achievement_math_2022; curriculum_math_2022,achievement_level; achievement_standard; term_list,yes,yes,no,official_dual_source,yes
m1_geo_sine,사인,중3(교육과정 학년군: 중1-3),도형과 측정,삼각비,high,3,2,3,achievement_math_2022; curriculum_math_2022,achievement_level; achievement_standard; term_list,yes,yes,no,official_dual_source,yes
m1_geo_cosine,코사인,중3(교육과정 학년군: 중1-3),도형과 측정,삼각비,high,3,2,3,achievement_math_2022; curriculum_math_2022,achievement_level; achievement_standard; term_list,yes,yes,no,official_dual_source,yes
m1_geo_tangent_ratio,탄젠트,중3(교육과정 학년군: 중1-3),도형과 측정,삼각비,high,3,2,3,achievement_math_2022; curriculum_math_2022,achievement_level; achievement_standard; term_list,yes,yes,no,official_dual_source,yes
m1_geo_special_angles_30_45_60,"30도, 45도, 60도의 삼각비",중3(교육과정 학년군: 중1-3),도형과 측정,삼각비,high,2,2,2,achievement_math_2022; curriculum_math_2022,achievement_level; achievement_standard,yes,yes,no,official_dual_source,yes
m1_geo_right_triangle_trig_value,직각삼각형에서 삼각비 값 구하기,중3(교육과정 학년군: 중1-3),도형과 측정,삼각비,high,2,2,2,achievement_math_2022; curriculum_math_2022,achievement_level; achievement_standard,yes,yes,no,official_dual_source,yes
m1_geo_trig_distance_height,삼각비로 거리와 높이 구하기,중3(교육과정 학년군: 중1-3),도형과 측정,삼각비,high,2,2,2,achievement_math_2022; curriculum_math_2022,achievement_level; achievement_standard,yes,yes,no,official_dual_source,yes
m1_geo_trig_triangle_area,삼각비를 이용한 삼각형의 넓이,중3(교육과정 학년군: 중1-3),도형과 측정,삼각비,medium,1,1,1,achievement_math_2022,achievement_level,no,yes,no,official_single_source,yes
m1_mis_trig_relation_scope,삼각비 사이의 관계를 교육과정 범위로 오해하는 오류,중3(교육과정 학년군: 중1-3),도형과 측정,삼각비,low,1,1,1,curriculum_math_2022,teaching_note,yes,no,no,official_single_source,yes
m1_mis_trig_angle_scope,삼각비 각의 범위를 0도~90도 밖으로 확장하는 오류,중3(교육과정 학년군: 중1-3),도형과 측정,삼각비,low,1,1,1,curriculum_math_2022,teaching_note,yes,no,no,official_single_source,yes
m1_geo_circle,원,중3(교육과정 학년군: 중1-3),도형과 측정,원의 성질,high,5,2,2,achievement_math_2022; curriculum_math_2022,achievement_level; achievement_standard,yes,yes,no,official_dual_source,yes
m1_geo_circle_chord_property,원의 현에 관한 성질,중3(교육과정 학년군: 중1-3),도형과 측정,원의 성질,high,2,2,2,achievement_math_2022; curriculum_math_2022,achievement_level; achievement_standard,yes,yes,no,official_dual_source,yes
m1_geo_tangent_line,접선,중3(교육과정 학년군: 중1-3),도형과 측정,원의 성질,high,3,2,3,achievement_math_2022; curriculum_math_2022,achievement_level; achievement_standard; term_list,yes,yes,no,official_dual_source,yes
m1_geo_tangent_point,접점,중3(교육과정 학년군: 중1-3),도형과 측정,원의 성질,high,3,2,3,achievement_math_2022; curriculum_math_2022,achievement_level; achievement_standard; term_list,yes,yes,no,official_dual_source,yes
m1_geo_tangent_relation,접한다,중3(교육과정 학년군: 중1-3),도형과 측정,원의 성질,high,3,2,3,achievement_math_2022; curriculum_math_2022,achievement_level; achievement_standard; term_list,yes,yes,no,official_dual_source,yes
m1_geo_tangent_property,원의 접선에 관한 성질,중3(교육과정 학년군: 중1-3),도형과 측정,원의 성질,high,2,2,2,achievement_math_2022; curriculum_math_2022,achievement_level; achievement_standard,yes,yes,no,official_dual_source,yes
m1_geo_tangent_length,접선의 길이,중3(교육과정 학년군: 중1-3),도형과 측정,원의 성질,medium,2,2,2,achievement_math_2022; curriculum_math_2022,achievement_level; instructional_term_list,yes,yes,no,official_dual_source,yes
m1_geo_inscribed_angle,원주각,중3(교육과정 학년군: 중1-3),도형과 측정,원의 성질,high,3,2,3,achievement_math_2022; curriculum_math_2022,achievement_level; achievement_standard; term_list,yes,yes,no,official_dual_source,yes
m1_geo_inscribed_angle_property,원주각의 성질,중3(교육과정 학년군: 중1-3),도형과 측정,원의 성질,high,2,2,2,achievement_math_2022; curriculum_math_2022,achievement_level; achievement_standard,yes,yes,no,official_dual_source,yes
m1_geo_circle_justification,원의 성질 정당화,중3(교육과정 학년군: 중1-3),도형과 측정,원의 성질,high,4,2,3,achievement_math_2022; curriculum_math_2022,achievement_level; achievement_standard; teaching_note,yes,yes,no,official_dual_source,yes
m1_mis_circle_proportion_scope,원과 비례에 관한 성질을 범위에 포함하는 오류,중3(교육과정 학년군: 중1-3),도형과 측정,원의 성질,low,1,1,1,curriculum_math_2022,teaching_note,yes,no,no,official_single_source,yes
m1_mis_tangent_radius,접선과 반지름의 수직 관계를 놓치는 오류,중3(교육과정 학년군: 중1-3),도형과 측정,원의 성질,low,2,2,2,achievement_math_2022; curriculum_math_2022,achievement_level; achievement_standard,yes,yes,no,official_dual_source,yes
m1_data_domain,자료와 가능성,중학교(교육과정 학년군: 중1-3),자료와 가능성,자료와 가능성,high,9,1,1,curriculum_math_2022,achievement_standard,yes,no,no,official_single_source,yes
m1_data_representative_unit,대푯값,중1(교육과정 학년군: 중1-3),자료와 가능성,대푯값,high,3,2,3,achievement_math_2022; curriculum_math_2022,achievement_level; achievement_standard; teaching_note,yes,yes,no,official_dual_source,yes
m1_data_frequency_unit,도수분포표와 상대도수,중1(교육과정 학년군: 중1-3),자료와 가능성,도수분포표와 상대도수,high,4,2,3,achievement_math_2022; curriculum_math_2022,achievement_level; achievement_standard; teaching_note,yes,yes,no,official_dual_source,yes
m1_data_statistical_inquiry_unit,통계적 탐구,중1(교육과정 학년군: 중1-3),자료와 가능성,도수분포표와 상대도수,high,3,2,3,achievement_math_2022; curriculum_math_2022,achievement_level; achievement_standard; teaching_note,yes,yes,no,official_dual_source,yes
m1_data_probability_unit,경우의 수와 확률,중2(교육과정 학년군: 중1-3),자료와 가능성,경우의 수와 확률,high,5,2,3,achievement_math_2022; curriculum_math_2022,achievement_level; achievement_standard; teaching_note,yes,yes,no,official_dual_source,yes
m1_data_variability_unit,산포도,중3(교육과정 학년군: 중1-3),자료와 가능성,산포도,high,2,2,2,achievement_math_2022; curriculum_math_2022,achievement_level; achievement_standard,yes,yes,no,official_dual_source,yes
m1_data_box_scatter_unit,상자그림과 산점도,중3(교육과정 학년군: 중1-3),자료와 가능성,상자그림과 산점도,high,4,2,3,achievement_math_2022; curriculum_math_2022,achievement_level; achievement_standard; teaching_note,yes,yes,no,official_dual_source,yes
m1_data_dataset,자료,중1(교육과정 학년군: 중1-3),자료와 가능성,자료와 가능성,high,4,2,3,achievement_math_2022; curriculum_math_2022,achievement_level; achievement_standard; teaching_note,yes,yes,no,official_dual_source,yes
m1_data_variable,변량,중1(교육과정 학년군: 중1-3),자료와 가능성,자료와 가능성,high,2,2,2,achievement_math_2022; curriculum_math_2022,achievement_level; term_list,yes,yes,no,official_dual_source,yes
m1_data_representative_value,대푯값,중1(교육과정 학년군: 중1-3),자료와 가능성,대푯값,high,4,2,4,achievement_math_2022; curriculum_math_2022,achievement_level; achievement_standard; teaching_note; term_list,yes,yes,no,official_dual_source,yes
m1_data_mean,평균,중1(교육과정 학년군: 중1-3),자료와 가능성,대푯값,medium,3,3,3,achievement_math_2022; achievement_research_report_2022; curriculum_math_2022,achievement_level; research_report_prerequisite_context; teaching_note,yes,yes,no,official_dual_source,yes
m1_data_median,중앙값,중1(교육과정 학년군: 중1-3),자료와 가능성,대푯값,high,3,2,3,achievement_math_2022; curriculum_math_2022,achievement_level; achievement_standard; term_list,yes,yes,no,official_dual_source,yes
m1_data_mode,최빈값,중1(교육과정 학년군: 중1-3),자료와 가능성,대푯값,high,3,2,3,achievement_math_2022; curriculum_math_2022,achievement_level; achievement_standard; term_list,yes,yes,no,official_dual_source,yes
m1_data_choose_representative_value,자료의 특성에 맞는 대푯값 선택,중1(교육과정 학년군: 중1-3),자료와 가능성,대푯값,high,3,2,3,achievement_math_2022; curriculum_math_2022,achievement_level; achievement_standard; teaching_note,yes,yes,no,official_dual_source,yes
m1_mis_mean_only_representative,대푯값을 평균으로만 보는 오류,중1(교육과정 학년군: 중1-3),자료와 가능성,대푯값,low,2,2,2,achievement_math_2022; curriculum_math_2022,achievement_level; teaching_note,yes,yes,no,official_dual_source,yes
m1_data_distribution,자료의 분포,중1(교육과정 학년군: 중1-3),자료와 가능성,도수분포표와 상대도수,high,5,2,2,achievement_math_2022; curriculum_math_2022,achievement_level; achievement_standard,yes,yes,no,official_dual_source,yes
m1_data_stem_leaf_plot,줄기와 잎 그림,중1(교육과정 학년군: 중1-3),자료와 가능성,도수분포표와 상대도수,high,3,2,3,achievement_math_2022; curriculum_math_2022,achievement_level; achievement_standard; term_list,yes,yes,no,official_dual_source,yes
m1_data_class,계급,중1(교육과정 학년군: 중1-3),자료와 가능성,도수분포표와 상대도수,high,3,2,3,achievement_math_2022; curriculum_math_2022,achievement_level; achievement_standard; term_list,yes,yes,no,official_dual_source,yes
m1_data_class_width,계급의 크기,중1(교육과정 학년군: 중1-3),자료와 가능성,도수분포표와 상대도수,high,3,2,3,achievement_math_2022; curriculum_math_2022,achievement_level; achievement_standard; term_list,yes,yes,no,official_dual_source,yes
m1_data_class_mark,계급값,중1(교육과정 학년군: 중1-3),자료와 가능성,도수분포표와 상대도수,medium,2,1,2,curriculum_math_2022,achievement_standard; instructional_term_list,yes,no,no,official_single_source,yes
m1_data_frequency,도수,중1(교육과정 학년군: 중1-3),자료와 가능성,도수분포표와 상대도수,high,3,2,3,achievement_math_2022; curriculum_math_2022,achievement_level; achievement_standard; term_list,yes,yes,no,official_dual_source,yes
m1_data_frequency_table,도수분포표,중1(교육과정 학년군: 중1-3),자료와 가능성,도수분포표와 상대도수,high,3,2,3,achievement_math_2022; curriculum_math_2022,achievement_level; achievement_standard; term_list,yes,yes,no,official_dual_source,yes
m1_data_histogram,히스토그램,중1(교육과정 학년군: 중1-3),자료와 가능성,도수분포표와 상대도수,high,3,2,3,achievement_math_2022; curriculum_math_2022,achievement_level; achievement_standard; term_list,yes,yes,no,official_dual_source,yes
m1_data_frequency_polygon,도수분포다각형,중1(교육과정 학년군: 중1-3),자료와 가능성,도수분포표와 상대도수,high,3,2,3,achievement_math_2022; curriculum_math_2022,achievement_level; achievement_standard; term_list,yes,yes,no,official_dual_source,yes
m1_data_distribution_interpretation,자료의 분포 특징 해석,중1(교육과정 학년군: 중1-3),자료와 가능성,도수분포표와 상대도수,high,2,2,2,achievement_math_2022; curriculum_math_2022,achievement_level; achievement_standard,yes,yes,no,official_dual_source,yes
m1_data_relative_frequency,상대도수,중1(교육과정 학년군: 중1-3),자료와 가능성,도수분포표와 상대도수,high,4,2,4,achievement_math_2022; curriculum_math_2022,achievement_level; achievement_standard; teaching_note; term_list,yes,yes,no,official_dual_source,yes
m1_data_relative_frequency_distribution,상대도수의 분포,중1(교육과정 학년군: 중1-3),자료와 가능성,도수분포표와 상대도수,high,3,2,3,achievement_math_2022; curriculum_math_2022,achievement_level; achievement_standard; teaching_note,yes,yes,no,official_dual_source,yes
m1_data_relative_frequency_table_graph,상대도수의 분포를 표나 그래프로 나타내기,중1(교육과정 학년군: 중1-3),자료와 가능성,도수분포표와 상대도수,high,3,2,3,achievement_math_2022; curriculum_math_2022,achievement_level; achievement_standard; teaching_note,yes,yes,no,official_dual_source,yes
m1_mis_histogram_bar_graph,히스토그램과 막대그래프를 같은 표현으로 보는 오류,중1(교육과정 학년군: 중1-3),자료와 가능성,도수분포표와 상대도수,low,2,2,2,achievement_math_2022; curriculum_math_2022,achievement_level; achievement_standard,yes,yes,no,official_dual_source,yes
m1_mis_relative_frequency_frequency,도수와 상대도수를 혼동하는 오류,중1(교육과정 학년군: 중1-3),자료와 가능성,도수분포표와 상대도수,low,3,2,3,achievement_math_2022; curriculum_math_2022,achievement_level; achievement_standard; teaching_note,yes,yes,no,official_dual_source,yes
m1_data_statistical_inquiry_problem,통계적 탐구 문제,중1(교육과정 학년군: 중1-3),자료와 가능성,도수분포표와 상대도수,high,3,2,3,achievement_math_2022; curriculum_math_2022,achievement_level; achievement_standard; teaching_note,yes,yes,no,official_dual_source,yes
m1_data_inquiry_plan,자료 수집 계획,중1(교육과정 학년군: 중1-3),자료와 가능성,도수분포표와 상대도수,high,3,2,3,achievement_math_2022; curriculum_math_2022,achievement_level; achievement_standard; teaching_note,yes,yes,no,official_dual_source,yes
m1_data_data_collection,자료 수집,중1(교육과정 학년군: 중1-3),자료와 가능성,도수분포표와 상대도수,high,3,2,3,achievement_math_2022; curriculum_math_2022,achievement_level; achievement_standard; teaching_note,yes,yes,no,official_dual_source,yes
m1_data_data_analysis,자료 분석,중1(교육과정 학년군: 중1-3),자료와 가능성,도수분포표와 상대도수,high,3,2,3,achievement_math_2022; curriculum_math_2022,achievement_level; achievement_standard; teaching_note,yes,yes,no,official_dual_source,yes
m1_data_result_interpretation,분석 결과 해석,중1(교육과정 학년군: 중1-3),자료와 가능성,도수분포표와 상대도수,high,3,2,3,achievement_math_2022; curriculum_math_2022,achievement_level; achievement_standard; teaching_note,yes,yes,no,official_dual_source,yes
m1_data_statistical_evidence_discussion,통계적 근거로 토론하기,중1(교육과정 학년군: 중1-3),자료와 가능성,도수분포표와 상대도수,medium,2,2,2,achievement_math_2022; curriculum_math_2022,achievement_level; teaching_note,yes,yes,no,official_dual_source,yes
m1_data_technology_tool_stats,공학 도구로 자료 수집·분석하기,중1(교육과정 학년군: 중1-3),자료와 가능성,도수분포표와 상대도수,high,5,2,3,achievement_math_2022; curriculum_math_2022,achievement_level; achievement_standard; teaching_note,yes,yes,no,official_dual_source,yes
m1_data_critical_graph_reading,표와 그래프의 오류 비판적으로 읽기,중1(교육과정 학년군: 중1-3),자료와 가능성,도수분포표와 상대도수,medium,1,1,1,curriculum_math_2022,teaching_note,yes,no,no,official_single_source,yes
m1_mis_graph_scale_distortion,눈금 왜곡 그래프를 그대로 해석하는 오류,중1(교육과정 학년군: 중1-3),자료와 가능성,도수분포표와 상대도수,low,1,1,1,curriculum_math_2022,teaching_note,yes,no,no,official_single_source,yes
m1_data_event,사건,중2(교육과정 학년군: 중1-3),자료와 가능성,경우의 수와 확률,high,3,2,3,achievement_math_2022; curriculum_math_2022,achievement_level; achievement_standard; term_list,yes,yes,no,official_dual_source,yes
m1_data_counting_cases,경우의 수,중2(교육과정 학년군: 중1-3),자료와 가능성,경우의 수와 확률,high,4,2,4,achievement_math_2022; curriculum_math_2022,achievement_level; achievement_standard; instructional_term_list; teaching_note,yes,yes,no,official_dual_source,yes
m1_data_or_cases,사건 A 또는 사건 B가 일어나는 경우의 수,중2(교육과정 학년군: 중1-3),자료와 가능성,경우의 수와 확률,medium,4,2,3,achievement_math_2022; achievement_research_report_2022,achievement_level; assessment_item; research_report_achievement_level_context,no,yes,no,official_single_source,yes
m1_data_and_cases,사건 A와 사건 B가 동시에 일어나는 경우의 수,중2(교육과정 학년군: 중1-3),자료와 가능성,경우의 수와 확률,medium,2,1,2,achievement_math_2022,achievement_level; assessment_item,no,yes,no,official_single_source,yes
m1_data_addition_counting,두 경우의 수를 합하는 상황,중2(교육과정 학년군: 중1-3),자료와 가능성,경우의 수와 확률,medium,2,2,2,achievement_math_2022; curriculum_math_2022,assessment_item; teaching_note,yes,yes,no,official_dual_source,yes
m1_data_multiplication_counting,두 경우의 수를 곱하는 상황,중2(교육과정 학년군: 중1-3),자료와 가능성,경우의 수와 확률,medium,2,2,2,achievement_math_2022; curriculum_math_2022,assessment_item; teaching_note,yes,yes,no,official_dual_source,yes
m1_data_probability,확률,중2(교육과정 학년군: 중1-3),자료와 가능성,경우의 수와 확률,high,4,2,4,achievement_math_2022; curriculum_math_2022,achievement_level; achievement_standard; teaching_note; term_list,yes,yes,no,official_dual_source,yes
m1_data_probability_basic_properties,확률의 기본 성질,중2(교육과정 학년군: 중1-3),자료와 가능성,경우의 수와 확률,high,2,2,2,achievement_math_2022; curriculum_math_2022,achievement_level; achievement_standard,yes,yes,no,official_dual_source,yes
m1_data_or_probability,사건 A 또는 사건 B가 일어날 확률,중2(교육과정 학년군: 중1-3),자료와 가능성,경우의 수와 확률,medium,1,1,1,achievement_math_2022,achievement_level,no,yes,no,official_single_source,yes
m1_data_and_probability,사건 A와 사건 B가 동시에 일어날 확률,중2(교육과정 학년군: 중1-3),자료와 가능성,경우의 수와 확률,medium,1,1,1,achievement_math_2022,achievement_level,no,yes,no,official_single_source,yes
m1_data_experimental_probability,상대도수로서의 확률,중2(교육과정 학년군: 중1-3),자료와 가능성,경우의 수와 확률,medium,1,1,1,curriculum_math_2022,teaching_note,yes,no,no,official_single_source,yes
m1_data_theoretical_probability,경우의 수의 비율로서의 확률,중2(교육과정 학년군: 중1-3),자료와 가능성,경우의 수와 확률,medium,3,2,2,achievement_math_2022; curriculum_math_2022,achievement_level; teaching_note,yes,yes,no,official_dual_source,yes
m1_data_equally_likely_assumption,각 경우가 발생할 가능성이 동등하다는 가정,중2(교육과정 학년군: 중1-3),자료와 가능성,경우의 수와 확률,medium,1,1,1,curriculum_math_2022,teaching_note,yes,no,no,official_single_source,yes
m1_data_route_counting_context,이동 경로의 경우의 수 맥락,중2(교육과정 학년군: 중1-3),자료와 가능성,경우의 수와 확률,medium,1,1,1,achievement_math_2022,assessment_item,no,yes,no,official_single_source,yes
m1_mis_or_and_counting_confusion,또는과 동시에의 경우의 수를 혼동하는 오류,중2(교육과정 학년군: 중1-3),자료와 가능성,경우의 수와 확률,low,2,1,2,achievement_math_2022,achievement_level; assessment_item,no,yes,no,official_single_source,yes
m1_mis_probability_no_equal_likely,동등 가능성 가정 없이 경우의 수 비율을 적용하는 오류,중2(교육과정 학년군: 중1-3),자료와 가능성,경우의 수와 확률,low,1,1,1,curriculum_math_2022,teaching_note,yes,no,no,official_single_source,yes
m1_mis_permutation_combination_scope,복잡한 순열·조합 문제를 중학교 범위로 확정하는 오류,중2(교육과정 학년군: 중1-3),자료와 가능성,경우의 수와 확률,low,1,1,1,curriculum_math_2022,teaching_note,yes,no,no,official_single_source,yes
m1_data_variability,산포도,중3(교육과정 학년군: 중1-3),자료와 가능성,산포도,high,3,2,3,achievement_math_2022; curriculum_math_2022,achievement_level; achievement_standard; term_list,yes,yes,no,official_dual_source,yes
m1_data_deviation,편차,중3(교육과정 학년군: 중1-3),자료와 가능성,산포도,high,3,2,3,achievement_math_2022; curriculum_math_2022,achievement_level; achievement_standard; term_list,yes,yes,no,official_dual_source,yes
m1_data_variance,분산,중3(교육과정 학년군: 중1-3),자료와 가능성,산포도,high,3,2,3,achievement_math_2022; curriculum_math_2022,achievement_level; achievement_standard; term_list,yes,yes,no,official_dual_source,yes
m1_data_standard_deviation,표준편차,중3(교육과정 학년군: 중1-3),자료와 가능성,산포도,high,3,2,3,achievement_math_2022; curriculum_math_2022,achievement_level; achievement_standard; term_list,yes,yes,no,official_dual_source,yes
m1_data_calculate_variance_sd,분산과 표준편차 구하기,중3(교육과정 학년군: 중1-3),자료와 가능성,산포도,high,3,2,3,achievement_math_2022; curriculum_math_2022,achievement_level; achievement_standard; teaching_note,yes,yes,no,official_dual_source,yes
m1_data_compare_distributions_variability,산포도로 두 집단의 분포 비교,중3(교육과정 학년군: 중1-3),자료와 가능성,산포도,high,2,2,2,achievement_math_2022; curriculum_math_2022,achievement_level; achievement_standard,yes,yes,no,official_dual_source,yes
m1_mis_variance_standard_deviation,분산과 표준편차를 같은 값으로 보는 오류,중3(교육과정 학년군: 중1-3),자료와 가능성,산포도,low,2,2,2,achievement_math_2022; curriculum_math_2022,achievement_level; achievement_standard,yes,yes,no,official_dual_source,yes
m1_data_quartile,사분위수,중3(교육과정 학년군: 중1-3),자료와 가능성,상자그림과 산점도,high,3,2,3,achievement_math_2022; curriculum_math_2022,achievement_level; achievement_standard; term_list,yes,yes,no,official_dual_source,yes
m1_data_box_plot,상자그림,중3(교육과정 학년군: 중1-3),자료와 가능성,상자그림과 산점도,high,4,2,4,achievement_math_2022; curriculum_math_2022,achievement_level; achievement_standard; teaching_note; term_list,yes,yes,no,official_dual_source,yes
m1_data_box_plot_compare,상자그림으로 두 집단의 분포 비교,중3(교육과정 학년군: 중1-3),자료와 가능성,상자그림과 산점도,high,3,2,3,achievement_math_2022; curriculum_math_2022,achievement_level; achievement_standard; teaching_note,yes,yes,no,official_dual_source,yes
m1_data_scatter_plot,산점도,중3(교육과정 학년군: 중1-3),자료와 가능성,상자그림과 산점도,high,3,2,3,achievement_math_2022; curriculum_math_2022,achievement_level; achievement_standard; term_list,yes,yes,no,official_dual_source,yes
m1_data_correlation,상관관계,중3(교육과정 학년군: 중1-3),자료와 가능성,상자그림과 산점도,high,3,2,3,achievement_math_2022; curriculum_math_2022,achievement_level; achievement_standard; term_list,yes,yes,no,official_dual_source,yes
m1_data_positive_correlation,양의 상관관계,중3(교육과정 학년군: 중1-3),자료와 가능성,상자그림과 산점도,high,2,2,2,achievement_math_2022; curriculum_math_2022,achievement_level; teaching_note,yes,yes,no,official_dual_source,yes
m1_data_negative_correlation,음의 상관관계,중3(교육과정 학년군: 중1-3),자료와 가능성,상자그림과 산점도,high,2,2,2,achievement_math_2022; curriculum_math_2022,achievement_level; teaching_note,yes,yes,no,official_dual_source,yes
m1_data_no_correlation,상관관계가 없는 경우,중3(교육과정 학년군: 중1-3),자료와 가능성,상자그림과 산점도,high,2,2,2,achievement_math_2022; curriculum_math_2022,achievement_level; teaching_note,yes,yes,no,official_dual_source,yes
m1_data_scatter_plot_interpretation,산점도로 상관관계 말하기,중3(교육과정 학년군: 중1-3),자료와 가능성,상자그림과 산점도,high,3,2,3,achievement_math_2022; curriculum_math_2022,achievement_level; achievement_standard; teaching_note,yes,yes,no,official_dual_source,yes
m1_mis_correlation_causation,상관관계를 원인과 결과로 단정하는 오류,중3(교육과정 학년군: 중1-3),자료와 가능성,상자그림과 산점도,low,3,2,3,achievement_math_2022; curriculum_math_2022,achievement_level; achievement_standard; teaching_note,yes,yes,no,official_dual_source,yes
