id,source_id,target_id,relationship_type,source_refs,notes,confidence
m1_coord_graph_unit__contains__m1_coord_ordered_pair,m1_coord_graph_unit,m1_coord_ordered_pair,contains,"[{""source_id"":""curriculum_math_2022"",""locator"":""printed p. 34; [9수02-05]"",""evidence_kind"":""achievement_standard"",""summary"":""순서쌍과 좌표를 이해하고 편리함을 인식하는 성취기준""},{""source_id"":""curriculum_math_2022"",""locator"":""printed p. 36; terms and symbols for 변화와 관계"",""evidence_kind"":""term_list"",""summary"":""좌표, 순서쌍, x좌표, y좌표, 원점, 좌표축, x축, y축, 좌표평면, 사분면, 그래프, 정비례, 반비례 등을 다룸""}]",,high
m1_coord_graph_unit__contains__m1_coord_coordinate,m1_coord_graph_unit,m1_coord_coordinate,contains,"[{""source_id"":""curriculum_math_2022"",""locator"":""printed p. 34; [9수02-05]"",""evidence_kind"":""achievement_standard"",""summary"":""순서쌍과 좌표를 이해하고 편리함을 인식하는 성취기준""},{""source_id"":""curriculum_math_2022"",""locator"":""printed p. 36; terms and symbols for 변화와 관계"",""evidence_kind"":""term_list"",""summary"":""좌표, 순서쌍, x좌표, y좌표, 원점, 좌표축, x축, y축, 좌표평면, 사분면, 그래프, 정비례, 반비례 등을 다룸""}]",,high
m1_coord_graph_unit__contains__m1_coord_coordinate_plane,m1_coord_graph_unit,m1_coord_coordinate_plane,contains,"[{""source_id"":""curriculum_math_2022"",""locator"":""printed p. 34; [9수02-05]"",""evidence_kind"":""achievement_standard"",""summary"":""순서쌍과 좌표를 이해하고 편리함을 인식하는 성취기준""},{""source_id"":""curriculum_math_2022"",""locator"":""printed p. 36; terms and symbols for 변화와 관계"",""evidence_kind"":""term_list"",""summary"":""좌표, 순서쌍, x좌표, y좌표, 원점, 좌표축, x축, y축, 좌표평면, 사분면, 그래프, 정비례, 반비례 등을 다룸""}]",,high
m1_coord_graph_unit__contains__m1_graph_graph,m1_coord_graph_unit,m1_graph_graph,contains,"[{""source_id"":""curriculum_math_2022"",""locator"":""printed p. 34; [9수02-06]"",""evidence_kind"":""achievement_standard"",""summary"":""다양한 상황을 그래프로 나타내고 주어진 그래프를 해석하는 성취기준""},{""source_id"":""curriculum_math_2022"",""locator"":""printed p. 36; terms and symbols for 변화와 관계"",""evidence_kind"":""term_list"",""summary"":""좌표, 순서쌍, x좌표, y좌표, 원점, 좌표축, x축, y축, 좌표평면, 사분면, 그래프, 정비례, 반비례 등을 다룸""}]",,high
m1_coord_graph_unit__contains__m1_prop_direct_proportion,m1_coord_graph_unit,m1_prop_direct_proportion,contains,"[{""source_id"":""curriculum_math_2022"",""locator"":""printed p. 35; [9수02-07]"",""evidence_kind"":""achievement_standard"",""summary"":""정비례와 반비례 관계를 표, 식, 그래프로 나타내는 성취기준""},{""source_id"":""curriculum_math_2022"",""locator"":""printed p. 36; terms and symbols for 변화와 관계"",""evidence_kind"":""term_list"",""summary"":""좌표, 순서쌍, x좌표, y좌표, 원점, 좌표축, x축, y축, 좌표평면, 사분면, 그래프, 정비례, 반비례 등을 다룸""}]",,high
m1_coord_graph_unit__contains__m1_prop_inverse_proportion,m1_coord_graph_unit,m1_prop_inverse_proportion,contains,"[{""source_id"":""curriculum_math_2022"",""locator"":""printed p. 35; [9수02-07]"",""evidence_kind"":""achievement_standard"",""summary"":""정비례와 반비례 관계를 표, 식, 그래프로 나타내는 성취기준""},{""source_id"":""curriculum_math_2022"",""locator"":""printed p. 36; terms and symbols for 변화와 관계"",""evidence_kind"":""term_list"",""summary"":""좌표, 순서쌍, x좌표, y좌표, 원점, 좌표축, x축, y축, 좌표평면, 사분면, 그래프, 정비례, 반비례 등을 다룸""}]",,high
m1_coord_ordered_pair__prerequisite_for__m1_coord_coordinate,m1_coord_ordered_pair,m1_coord_coordinate,prerequisite_for,"[{""source_id"":""curriculum_math_2022"",""locator"":""printed p. 34; [9수02-05]"",""evidence_kind"":""achievement_standard"",""summary"":""순서쌍과 좌표를 이해하고 편리함을 인식하는 성취기준""},{""source_id"":""achievement_math_2022"",""locator"":""좌표평면과 그래프 section; [9수02-05] achievement levels"",""evidence_kind"":""achievement_level"",""summary"":""수직선과 좌표평면 위의 점을 좌표로 나타내거나 주어진 좌표를 점으로 나타내는 수행을 구분""}]",,high
m1_coord_number_line__prerequisite_for__m1_coord_coordinate_plane,m1_coord_number_line,m1_coord_coordinate_plane,prerequisite_for,"[{""source_id"":""curriculum_math_2022"",""locator"":""printed pp. 35-36; achievement-standard explanation and considerations"",""evidence_kind"":""teaching_note"",""summary"":""좌표 사용 예, 그래프의 증가·감소·주기적 변화, 표·식·그래프 변환을 다룸""},{""source_id"":""achievement_math_2022"",""locator"":""좌표평면과 그래프 section; [9수02-05] achievement levels"",""evidence_kind"":""achievement_level"",""summary"":""수직선과 좌표평면 위의 점을 좌표로 나타내거나 주어진 좌표를 점으로 나타내는 수행을 구분""}]",,high
m1_coord_coordinate__used_in__m1_coord_point_location,m1_coord_coordinate,m1_coord_point_location,used_in,"[{""source_id"":""achievement_math_2022"",""locator"":""좌표평면과 그래프 section; [9수02-05] achievement levels"",""evidence_kind"":""achievement_level"",""summary"":""수직선과 좌표평면 위의 점을 좌표로 나타내거나 주어진 좌표를 점으로 나타내는 수행을 구분""}]",,high
m1_coord_coordinate__contains__m1_coord_x_coordinate,m1_coord_coordinate,m1_coord_x_coordinate,contains,"[{""source_id"":""curriculum_math_2022"",""locator"":""printed p. 36; terms and symbols for 변화와 관계"",""evidence_kind"":""term_list"",""summary"":""좌표, 순서쌍, x좌표, y좌표, 원점, 좌표축, x축, y축, 좌표평면, 사분면, 그래프, 정비례, 반비례 등을 다룸""}]",,high
m1_coord_coordinate__contains__m1_coord_y_coordinate,m1_coord_coordinate,m1_coord_y_coordinate,contains,"[{""source_id"":""curriculum_math_2022"",""locator"":""printed p. 36; terms and symbols for 변화와 관계"",""evidence_kind"":""term_list"",""summary"":""좌표, 순서쌍, x좌표, y좌표, 원점, 좌표축, x축, y축, 좌표평면, 사분면, 그래프, 정비례, 반비례 등을 다룸""}]",,high
m1_coord_coordinate_plane__contains__m1_coord_origin,m1_coord_coordinate_plane,m1_coord_origin,contains,"[{""source_id"":""curriculum_math_2022"",""locator"":""printed p. 36; terms and symbols for 변화와 관계"",""evidence_kind"":""term_list"",""summary"":""좌표, 순서쌍, x좌표, y좌표, 원점, 좌표축, x축, y축, 좌표평면, 사분면, 그래프, 정비례, 반비례 등을 다룸""}]",,high
m1_coord_coordinate_plane__contains__m1_coord_axis,m1_coord_coordinate_plane,m1_coord_axis,contains,"[{""source_id"":""curriculum_math_2022"",""locator"":""printed p. 36; terms and symbols for 변화와 관계"",""evidence_kind"":""term_list"",""summary"":""좌표, 순서쌍, x좌표, y좌표, 원점, 좌표축, x축, y축, 좌표평면, 사분면, 그래프, 정비례, 반비례 등을 다룸""}]",,high
m1_coord_axis__contains__m1_coord_x_axis,m1_coord_axis,m1_coord_x_axis,contains,"[{""source_id"":""curriculum_math_2022"",""locator"":""printed p. 36; terms and symbols for 변화와 관계"",""evidence_kind"":""term_list"",""summary"":""좌표, 순서쌍, x좌표, y좌표, 원점, 좌표축, x축, y축, 좌표평면, 사분면, 그래프, 정비례, 반비례 등을 다룸""}]",,high
m1_coord_axis__contains__m1_coord_y_axis,m1_coord_axis,m1_coord_y_axis,contains,"[{""source_id"":""curriculum_math_2022"",""locator"":""printed p. 36; terms and symbols for 변화와 관계"",""evidence_kind"":""term_list"",""summary"":""좌표, 순서쌍, x좌표, y좌표, 원점, 좌표축, x축, y축, 좌표평면, 사분면, 그래프, 정비례, 반비례 등을 다룸""}]",,high
m1_coord_coordinate_plane__contains__m1_coord_quadrant,m1_coord_coordinate_plane,m1_coord_quadrant,contains,"[{""source_id"":""curriculum_math_2022"",""locator"":""printed p. 36; terms and symbols for 변화와 관계"",""evidence_kind"":""term_list"",""summary"":""좌표, 순서쌍, x좌표, y좌표, 원점, 좌표축, x축, y축, 좌표평면, 사분면, 그래프, 정비례, 반비례 등을 다룸""}]",,high
m1_coord_quadrant__contains__m1_coord_quadrant_1,m1_coord_quadrant,m1_coord_quadrant_1,contains,"[{""source_id"":""curriculum_math_2022"",""locator"":""printed p. 36; terms and symbols for 변화와 관계"",""evidence_kind"":""term_list"",""summary"":""좌표, 순서쌍, x좌표, y좌표, 원점, 좌표축, x축, y축, 좌표평면, 사분면, 그래프, 정비례, 반비례 등을 다룸""}]",,medium
m1_coord_quadrant__contains__m1_coord_quadrant_2,m1_coord_quadrant,m1_coord_quadrant_2,contains,"[{""source_id"":""curriculum_math_2022"",""locator"":""printed p. 36; terms and symbols for 변화와 관계"",""evidence_kind"":""term_list"",""summary"":""좌표, 순서쌍, x좌표, y좌표, 원점, 좌표축, x축, y축, 좌표평면, 사분면, 그래프, 정비례, 반비례 등을 다룸""}]",,medium
m1_coord_quadrant__contains__m1_coord_quadrant_3,m1_coord_quadrant,m1_coord_quadrant_3,contains,"[{""source_id"":""curriculum_math_2022"",""locator"":""printed p. 36; terms and symbols for 변화와 관계"",""evidence_kind"":""term_list"",""summary"":""좌표, 순서쌍, x좌표, y좌표, 원점, 좌표축, x축, y축, 좌표평면, 사분면, 그래프, 정비례, 반비례 등을 다룸""}]",,medium
m1_coord_quadrant__contains__m1_coord_quadrant_4,m1_coord_quadrant,m1_coord_quadrant_4,contains,"[{""source_id"":""curriculum_math_2022"",""locator"":""printed p. 36; terms and symbols for 변화와 관계"",""evidence_kind"":""term_list"",""summary"":""좌표, 순서쌍, x좌표, y좌표, 원점, 좌표축, x축, y축, 좌표평면, 사분면, 그래프, 정비례, 반비례 등을 다룸""}]",,medium
m1_coord_axis__contains__m1_coord_axis_point,m1_coord_axis,m1_coord_axis_point,contains,"[{""source_id"":""curriculum_math_2022"",""locator"":""printed p. 36; terms and symbols for 변화와 관계"",""evidence_kind"":""term_list"",""summary"":""좌표, 순서쌍, x좌표, y좌표, 원점, 좌표축, x축, y축, 좌표평면, 사분면, 그래프, 정비례, 반비례 등을 다룸""},{""source_id"":""achievement_math_2022"",""locator"":""좌표평면과 그래프 section; [9수02-05] achievement levels"",""evidence_kind"":""achievement_level"",""summary"":""수직선과 좌표평면 위의 점을 좌표로 나타내거나 주어진 좌표를 점으로 나타내는 수행을 구분""}]",교과서 본문 근거 보강 필요,low
m1_coord_coordinate_plane__represented_by__m1_graph_graph,m1_coord_coordinate_plane,m1_graph_graph,represented_by,"[{""source_id"":""curriculum_math_2022"",""locator"":""printed p. 34; [9수02-06]"",""evidence_kind"":""achievement_standard"",""summary"":""다양한 상황을 그래프로 나타내고 주어진 그래프를 해석하는 성취기준""},{""source_id"":""achievement_math_2022"",""locator"":""좌표평면과 그래프 section; [9수02-06] achievement levels"",""evidence_kind"":""achievement_level"",""summary"":""상황을 그래프로 나타내기, 변화 상태 파악, 주어진 그래프 해석 수준을 구분""}]",그래프가 좌표평면 위에 표현되는 경우를 우선 반영,medium
m1_graph_graph__used_in__m1_graph_situation_graphing,m1_graph_graph,m1_graph_situation_graphing,used_in,"[{""source_id"":""curriculum_math_2022"",""locator"":""printed p. 34; [9수02-06]"",""evidence_kind"":""achievement_standard"",""summary"":""다양한 상황을 그래프로 나타내고 주어진 그래프를 해석하는 성취기준""},{""source_id"":""achievement_math_2022"",""locator"":""좌표평면과 그래프 section; [9수02-06] achievement levels"",""evidence_kind"":""achievement_level"",""summary"":""상황을 그래프로 나타내기, 변화 상태 파악, 주어진 그래프 해석 수준을 구분""}]",,high
m1_graph_graph__used_in__m1_graph_graph_interpretation,m1_graph_graph,m1_graph_graph_interpretation,used_in,"[{""source_id"":""curriculum_math_2022"",""locator"":""printed p. 34; [9수02-06]"",""evidence_kind"":""achievement_standard"",""summary"":""다양한 상황을 그래프로 나타내고 주어진 그래프를 해석하는 성취기준""},{""source_id"":""curriculum_math_2022"",""locator"":""printed pp. 35-36; achievement-standard explanation and considerations"",""evidence_kind"":""teaching_note"",""summary"":""좌표 사용 예, 그래프의 증가·감소·주기적 변화, 표·식·그래프 변환을 다룸""},{""source_id"":""achievement_math_2022"",""locator"":""좌표평면과 그래프 section; [9수02-06] achievement levels"",""evidence_kind"":""achievement_level"",""summary"":""상황을 그래프로 나타내기, 변화 상태 파악, 주어진 그래프 해석 수준을 구분""}]",,high
m1_graph_graph_interpretation__used_in__m1_graph_change_state,m1_graph_graph_interpretation,m1_graph_change_state,used_in,"[{""source_id"":""curriculum_math_2022"",""locator"":""printed pp. 35-36; achievement-standard explanation and considerations"",""evidence_kind"":""teaching_note"",""summary"":""좌표 사용 예, 그래프의 증가·감소·주기적 변화, 표·식·그래프 변환을 다룸""},{""source_id"":""achievement_math_2022"",""locator"":""좌표평면과 그래프 section; [9수02-06] achievement levels"",""evidence_kind"":""achievement_level"",""summary"":""상황을 그래프로 나타내기, 변화 상태 파악, 주어진 그래프 해석 수준을 구분""}]",,high
m1_graph_change_state__contains__m1_graph_increase_decrease,m1_graph_change_state,m1_graph_increase_decrease,contains,"[{""source_id"":""curriculum_math_2022"",""locator"":""printed pp. 35-36; achievement-standard explanation and considerations"",""evidence_kind"":""teaching_note"",""summary"":""좌표 사용 예, 그래프의 증가·감소·주기적 변화, 표·식·그래프 변환을 다룸""}]",,high
m1_graph_change_state__contains__m1_graph_periodic_change,m1_graph_change_state,m1_graph_periodic_change,contains,"[{""source_id"":""curriculum_math_2022"",""locator"":""printed pp. 35-36; achievement-standard explanation and considerations"",""evidence_kind"":""teaching_note"",""summary"":""좌표 사용 예, 그래프의 증가·감소·주기적 변화, 표·식·그래프 변환을 다룸""}]",,high
m1_repr_conversion__used_in__m1_repr_table,m1_repr_conversion,m1_repr_table,used_in,"[{""source_id"":""curriculum_math_2022"",""locator"":""printed pp. 35-36; achievement-standard explanation and considerations"",""evidence_kind"":""teaching_note"",""summary"":""좌표 사용 예, 그래프의 증가·감소·주기적 변화, 표·식·그래프 변환을 다룸""},{""source_id"":""achievement_math_2022"",""locator"":""좌표평면과 그래프 section; [9수02-07] achievement levels"",""evidence_kind"":""achievement_level"",""summary"":""정비례·반비례 관계를 표, 식, 그래프로 나타내는 수준을 구분""}]",,high
m1_repr_conversion__used_in__m1_repr_expression,m1_repr_conversion,m1_repr_expression,used_in,"[{""source_id"":""curriculum_math_2022"",""locator"":""printed pp. 35-36; achievement-standard explanation and considerations"",""evidence_kind"":""teaching_note"",""summary"":""좌표 사용 예, 그래프의 증가·감소·주기적 변화, 표·식·그래프 변환을 다룸""},{""source_id"":""achievement_math_2022"",""locator"":""좌표평면과 그래프 section; [9수02-07] achievement levels"",""evidence_kind"":""achievement_level"",""summary"":""정비례·반비례 관계를 표, 식, 그래프로 나타내는 수준을 구분""}]",,high
m1_repr_conversion__used_in__m1_graph_graph,m1_repr_conversion,m1_graph_graph,used_in,"[{""source_id"":""curriculum_math_2022"",""locator"":""printed pp. 35-36; achievement-standard explanation and considerations"",""evidence_kind"":""teaching_note"",""summary"":""좌표 사용 예, 그래프의 증가·감소·주기적 변화, 표·식·그래프 변환을 다룸""},{""source_id"":""achievement_math_2022"",""locator"":""좌표평면과 그래프 section; [9수02-07] achievement levels"",""evidence_kind"":""achievement_level"",""summary"":""정비례·반비례 관계를 표, 식, 그래프로 나타내는 수준을 구분""}]",,high
m1_prop_direct_proportion__represented_by__m1_repr_table,m1_prop_direct_proportion,m1_repr_table,represented_by,"[{""source_id"":""curriculum_math_2022"",""locator"":""printed p. 35; [9수02-07]"",""evidence_kind"":""achievement_standard"",""summary"":""정비례와 반비례 관계를 표, 식, 그래프로 나타내는 성취기준""},{""source_id"":""achievement_math_2022"",""locator"":""좌표평면과 그래프 section; [9수02-07] achievement levels"",""evidence_kind"":""achievement_level"",""summary"":""정비례·반비례 관계를 표, 식, 그래프로 나타내는 수준을 구분""}]",,high
m1_prop_direct_proportion__represented_by__m1_repr_expression,m1_prop_direct_proportion,m1_repr_expression,represented_by,"[{""source_id"":""curriculum_math_2022"",""locator"":""printed p. 35; [9수02-07]"",""evidence_kind"":""achievement_standard"",""summary"":""정비례와 반비례 관계를 표, 식, 그래프로 나타내는 성취기준""},{""source_id"":""achievement_math_2022"",""locator"":""좌표평면과 그래프 section; [9수02-07] achievement levels"",""evidence_kind"":""achievement_level"",""summary"":""정비례·반비례 관계를 표, 식, 그래프로 나타내는 수준을 구분""}]",,high
m1_prop_direct_proportion__represented_by__m1_graph_graph,m1_prop_direct_proportion,m1_graph_graph,represented_by,"[{""source_id"":""curriculum_math_2022"",""locator"":""printed p. 35; [9수02-07]"",""evidence_kind"":""achievement_standard"",""summary"":""정비례와 반비례 관계를 표, 식, 그래프로 나타내는 성취기준""},{""source_id"":""achievement_math_2022"",""locator"":""좌표평면과 그래프 section; [9수02-07] achievement levels"",""evidence_kind"":""achievement_level"",""summary"":""정비례·반비례 관계를 표, 식, 그래프로 나타내는 수준을 구분""}]",,high
m1_prop_inverse_proportion__represented_by__m1_repr_table,m1_prop_inverse_proportion,m1_repr_table,represented_by,"[{""source_id"":""curriculum_math_2022"",""locator"":""printed p. 35; [9수02-07]"",""evidence_kind"":""achievement_standard"",""summary"":""정비례와 반비례 관계를 표, 식, 그래프로 나타내는 성취기준""},{""source_id"":""achievement_math_2022"",""locator"":""좌표평면과 그래프 section; [9수02-07] achievement levels"",""evidence_kind"":""achievement_level"",""summary"":""정비례·반비례 관계를 표, 식, 그래프로 나타내는 수준을 구분""}]",,high
m1_prop_inverse_proportion__represented_by__m1_repr_expression,m1_prop_inverse_proportion,m1_repr_expression,represented_by,"[{""source_id"":""curriculum_math_2022"",""locator"":""printed p. 35; [9수02-07]"",""evidence_kind"":""achievement_standard"",""summary"":""정비례와 반비례 관계를 표, 식, 그래프로 나타내는 성취기준""},{""source_id"":""achievement_math_2022"",""locator"":""좌표평면과 그래프 section; [9수02-07] achievement levels"",""evidence_kind"":""achievement_level"",""summary"":""정비례·반비례 관계를 표, 식, 그래프로 나타내는 수준을 구분""}]",,high
m1_prop_inverse_proportion__represented_by__m1_graph_graph,m1_prop_inverse_proportion,m1_graph_graph,represented_by,"[{""source_id"":""curriculum_math_2022"",""locator"":""printed p. 35; [9수02-07]"",""evidence_kind"":""achievement_standard"",""summary"":""정비례와 반비례 관계를 표, 식, 그래프로 나타내는 성취기준""},{""source_id"":""achievement_math_2022"",""locator"":""좌표평면과 그래프 section; [9수02-07] achievement levels"",""evidence_kind"":""achievement_level"",""summary"":""정비례·반비례 관계를 표, 식, 그래프로 나타내는 수준을 구분""}]",,high
m1_prop_direct_proportion__contrasts_with__m1_prop_inverse_proportion,m1_prop_direct_proportion,m1_prop_inverse_proportion,contrasts_with,"[{""source_id"":""curriculum_math_2022"",""locator"":""printed p. 35; [9수02-07]"",""evidence_kind"":""achievement_standard"",""summary"":""정비례와 반비례 관계를 표, 식, 그래프로 나타내는 성취기준""},{""source_id"":""achievement_math_2022"",""locator"":""좌표평면과 그래프 section; [9수02-07] achievement levels"",""evidence_kind"":""achievement_level"",""summary"":""정비례·반비례 관계를 표, 식, 그래프로 나타내는 수준을 구분""}]",,high
m1_prop_inverse_proportion__contrasts_with__m1_prop_direct_proportion,m1_prop_inverse_proportion,m1_prop_direct_proportion,contrasts_with,"[{""source_id"":""curriculum_math_2022"",""locator"":""printed p. 35; [9수02-07]"",""evidence_kind"":""achievement_standard"",""summary"":""정비례와 반비례 관계를 표, 식, 그래프로 나타내는 성취기준""},{""source_id"":""achievement_math_2022"",""locator"":""좌표평면과 그래프 section; [9수02-07] achievement levels"",""evidence_kind"":""achievement_level"",""summary"":""정비례·반비례 관계를 표, 식, 그래프로 나타내는 수준을 구분""}]",,high
m1_prop_proportion_relation__used_in__m1_prop_direct_proportion,m1_prop_proportion_relation,m1_prop_direct_proportion,used_in,"[{""source_id"":""curriculum_math_2022"",""locator"":""printed p. 35; [9수02-07]"",""evidence_kind"":""achievement_standard"",""summary"":""정비례와 반비례 관계를 표, 식, 그래프로 나타내는 성취기준""},{""source_id"":""achievement_math_2022"",""locator"":""좌표평면과 그래프 section; [9수02-07] achievement levels"",""evidence_kind"":""achievement_level"",""summary"":""정비례·반비례 관계를 표, 식, 그래프로 나타내는 수준을 구분""}]",,high
m1_prop_proportion_relation__used_in__m1_prop_inverse_proportion,m1_prop_proportion_relation,m1_prop_inverse_proportion,used_in,"[{""source_id"":""curriculum_math_2022"",""locator"":""printed p. 35; [9수02-07]"",""evidence_kind"":""achievement_standard"",""summary"":""정비례와 반비례 관계를 표, 식, 그래프로 나타내는 성취기준""},{""source_id"":""achievement_math_2022"",""locator"":""좌표평면과 그래프 section; [9수02-07] achievement levels"",""evidence_kind"":""achievement_level"",""summary"":""정비례·반비례 관계를 표, 식, 그래프로 나타내는 수준을 구분""}]",,high
m1_context_speed_distance__used_in__m1_prop_proportion_relation,m1_context_speed_distance,m1_prop_proportion_relation,used_in,"[{""source_id"":""curriculum_math_2022"",""locator"":""printed pp. 35-36; achievement-standard explanation and considerations"",""evidence_kind"":""teaching_note"",""summary"":""좌표 사용 예, 그래프의 증가·감소·주기적 변화, 표·식·그래프 변환을 다룸""},{""source_id"":""achievement_math_2022"",""locator"":""좌표평면과 그래프 section; [9수02-07] achievement levels"",""evidence_kind"":""achievement_level"",""summary"":""정비례·반비례 관계를 표, 식, 그래프로 나타내는 수준을 구분""}]",,medium
m1_context_speed_time__used_in__m1_prop_proportion_relation,m1_context_speed_time,m1_prop_proportion_relation,used_in,"[{""source_id"":""curriculum_math_2022"",""locator"":""printed pp. 35-36; achievement-standard explanation and considerations"",""evidence_kind"":""teaching_note"",""summary"":""좌표 사용 예, 그래프의 증가·감소·주기적 변화, 표·식·그래프 변환을 다룸""},{""source_id"":""achievement_math_2022"",""locator"":""좌표평면과 그래프 section; [9수02-07] achievement levels"",""evidence_kind"":""achievement_level"",""summary"":""정비례·반비례 관계를 표, 식, 그래프로 나타내는 수준을 구분""}]",,medium
m1_term_variable__used_in__m1_repr_expression,m1_term_variable,m1_repr_expression,used_in,"[{""source_id"":""curriculum_math_2022"",""locator"":""printed p. 36; terms and symbols for 변화와 관계"",""evidence_kind"":""term_list"",""summary"":""좌표, 순서쌍, x좌표, y좌표, 원점, 좌표축, x축, y축, 좌표평면, 사분면, 그래프, 정비례, 반비례 등을 다룸""},{""source_id"":""curriculum_math_2022"",""locator"":""printed pp. 35-36; achievement-standard explanation and considerations"",""evidence_kind"":""teaching_note"",""summary"":""좌표 사용 예, 그래프의 증가·감소·주기적 변화, 표·식·그래프 변환을 다룸""}]",,high
m1_coord_x_coordinate__often_confused_with__m1_coord_y_coordinate,m1_coord_x_coordinate,m1_coord_y_coordinate,often_confused_with,"[{""source_id"":""curriculum_math_2022"",""locator"":""printed p. 36; terms and symbols for 변화와 관계"",""evidence_kind"":""term_list"",""summary"":""좌표, 순서쌍, x좌표, y좌표, 원점, 좌표축, x축, y축, 좌표평면, 사분면, 그래프, 정비례, 반비례 등을 다룸""},{""source_id"":""achievement_math_2022"",""locator"":""좌표평면과 그래프 section; [9수02-05] achievement levels"",""evidence_kind"":""achievement_level"",""summary"":""수직선과 좌표평면 위의 점을 좌표로 나타내거나 주어진 좌표를 점으로 나타내는 수행을 구분""}]",순서쌍의 순서 오류와 연결,low
m1_mis_order_swap__often_confused_with__m1_coord_ordered_pair,m1_mis_order_swap,m1_coord_ordered_pair,often_confused_with,"[{""source_id"":""curriculum_math_2022"",""locator"":""printed p. 36; terms and symbols for 변화와 관계"",""evidence_kind"":""term_list"",""summary"":""좌표, 순서쌍, x좌표, y좌표, 원점, 좌표축, x축, y축, 좌표평면, 사분면, 그래프, 정비례, 반비례 등을 다룸""},{""source_id"":""achievement_math_2022"",""locator"":""좌표평면과 그래프 section; [9수02-05] achievement levels"",""evidence_kind"":""achievement_level"",""summary"":""수직선과 좌표평면 위의 점을 좌표로 나타내거나 주어진 좌표를 점으로 나타내는 수행을 구분""}]",,low
m1_mis_order_swap__often_confused_with__m1_coord_x_coordinate,m1_mis_order_swap,m1_coord_x_coordinate,often_confused_with,"[{""source_id"":""curriculum_math_2022"",""locator"":""printed p. 36; terms and symbols for 변화와 관계"",""evidence_kind"":""term_list"",""summary"":""좌표, 순서쌍, x좌표, y좌표, 원점, 좌표축, x축, y축, 좌표평면, 사분면, 그래프, 정비례, 반비례 등을 다룸""},{""source_id"":""achievement_math_2022"",""locator"":""좌표평면과 그래프 section; [9수02-05] achievement levels"",""evidence_kind"":""achievement_level"",""summary"":""수직선과 좌표평면 위의 점을 좌표로 나타내거나 주어진 좌표를 점으로 나타내는 수행을 구분""}]",,low
m1_mis_order_swap__often_confused_with__m1_coord_y_coordinate,m1_mis_order_swap,m1_coord_y_coordinate,often_confused_with,"[{""source_id"":""curriculum_math_2022"",""locator"":""printed p. 36; terms and symbols for 변화와 관계"",""evidence_kind"":""term_list"",""summary"":""좌표, 순서쌍, x좌표, y좌표, 원점, 좌표축, x축, y축, 좌표평면, 사분면, 그래프, 정비례, 반비례 등을 다룸""},{""source_id"":""achievement_math_2022"",""locator"":""좌표평면과 그래프 section; [9수02-05] achievement levels"",""evidence_kind"":""achievement_level"",""summary"":""수직선과 좌표평면 위의 점을 좌표로 나타내거나 주어진 좌표를 점으로 나타내는 수행을 구분""}]",,low
m1_mis_axis_quadrant__often_confused_with__m1_coord_axis_point,m1_mis_axis_quadrant,m1_coord_axis_point,often_confused_with,"[{""source_id"":""curriculum_math_2022"",""locator"":""printed p. 36; terms and symbols for 변화와 관계"",""evidence_kind"":""term_list"",""summary"":""좌표, 순서쌍, x좌표, y좌표, 원점, 좌표축, x축, y축, 좌표평면, 사분면, 그래프, 정비례, 반비례 등을 다룸""},{""source_id"":""achievement_math_2022"",""locator"":""좌표평면과 그래프 section; [9수02-05] achievement levels"",""evidence_kind"":""achievement_level"",""summary"":""수직선과 좌표평면 위의 점을 좌표로 나타내거나 주어진 좌표를 점으로 나타내는 수행을 구분""}]",,low
m1_mis_axis_quadrant__often_confused_with__m1_coord_quadrant,m1_mis_axis_quadrant,m1_coord_quadrant,often_confused_with,"[{""source_id"":""curriculum_math_2022"",""locator"":""printed p. 36; terms and symbols for 변화와 관계"",""evidence_kind"":""term_list"",""summary"":""좌표, 순서쌍, x좌표, y좌표, 원점, 좌표축, x축, y축, 좌표평면, 사분면, 그래프, 정비례, 반비례 등을 다룸""},{""source_id"":""achievement_math_2022"",""locator"":""좌표평면과 그래프 section; [9수02-05] achievement levels"",""evidence_kind"":""achievement_level"",""summary"":""수직선과 좌표평면 위의 점을 좌표로 나타내거나 주어진 좌표를 점으로 나타내는 수행을 구분""}]",,low
m1_mis_graph_picture__often_confused_with__m1_graph_graph_interpretation,m1_mis_graph_picture,m1_graph_graph_interpretation,often_confused_with,"[{""source_id"":""curriculum_math_2022"",""locator"":""printed p. 34; [9수02-06]"",""evidence_kind"":""achievement_standard"",""summary"":""다양한 상황을 그래프로 나타내고 주어진 그래프를 해석하는 성취기준""},{""source_id"":""achievement_math_2022"",""locator"":""좌표평면과 그래프 section; [9수02-06] achievement levels"",""evidence_kind"":""achievement_level"",""summary"":""상황을 그래프로 나타내기, 변화 상태 파악, 주어진 그래프 해석 수준을 구분""}]",,low
m1_mis_direct_inverse_generalization__often_confused_with__m1_prop_proportion_relation,m1_mis_direct_inverse_generalization,m1_prop_proportion_relation,often_confused_with,"[{""source_id"":""curriculum_math_2022"",""locator"":""printed p. 35; [9수02-07]"",""evidence_kind"":""achievement_standard"",""summary"":""정비례와 반비례 관계를 표, 식, 그래프로 나타내는 성취기준""},{""source_id"":""achievement_math_2022"",""locator"":""좌표평면과 그래프 section; [9수02-07] achievement levels"",""evidence_kind"":""achievement_level"",""summary"":""정비례·반비례 관계를 표, 식, 그래프로 나타내는 수준을 구분""}]",,low
m1_mis_direct_inverse_generalization__often_confused_with__m1_graph_increase_decrease,m1_mis_direct_inverse_generalization,m1_graph_increase_decrease,often_confused_with,"[{""source_id"":""curriculum_math_2022"",""locator"":""printed pp. 35-36; achievement-standard explanation and considerations"",""evidence_kind"":""teaching_note"",""summary"":""좌표 사용 예, 그래프의 증가·감소·주기적 변화, 표·식·그래프 변환을 다룸""},{""source_id"":""achievement_math_2022"",""locator"":""좌표평면과 그래프 section; [9수02-07] achievement levels"",""evidence_kind"":""achievement_level"",""summary"":""정비례·반비례 관계를 표, 식, 그래프로 나타내는 수준을 구분""}]",,low
m1_mis_representation_conversion__often_confused_with__m1_repr_conversion,m1_mis_representation_conversion,m1_repr_conversion,often_confused_with,"[{""source_id"":""curriculum_math_2022"",""locator"":""printed pp. 35-36; achievement-standard explanation and considerations"",""evidence_kind"":""teaching_note"",""summary"":""좌표 사용 예, 그래프의 증가·감소·주기적 변화, 표·식·그래프 변환을 다룸""},{""source_id"":""achievement_math_2022"",""locator"":""좌표평면과 그래프 section; [9수02-07] achievement levels"",""evidence_kind"":""achievement_level"",""summary"":""정비례·반비례 관계를 표, 식, 그래프로 나타내는 수준을 구분""}]",,low
