node_id,node_type,label_ko,school_level,grade_band,course_type,domain,subject_label,achievement_code,statement,source_locator,confidence,notes
spine_stage_e12,school_stage,초등학교 1~2학년 수학,초등학교,초1-2,공통 교육과정,,수학,,,수학과 교육과정(별책8) p.17 이하,high,
spine_dom_e12_01,stage_domain,초1-2 수와 연산,초등학교,초1-2,공통 교육과정,수와 연산,수학,,,수학과 교육과정(별책8) p.17 이하,high,
spine_dom_e12_02,stage_domain,초1-2 변화와 관계,초등학교,초1-2,공통 교육과정,변화와 관계,수학,,,수학과 교육과정(별책8) p.17 이하,high,
spine_dom_e12_03,stage_domain,초1-2 도형과 측정,초등학교,초1-2,공통 교육과정,도형과 측정,수학,,,수학과 교육과정(별책8) p.17 이하,high,
spine_dom_e12_04,stage_domain,초1-2 자료와 가능성,초등학교,초1-2,공통 교육과정,자료와 가능성,수학,,,수학과 교육과정(별책8) p.17 이하,high,
spine_stage_e34,school_stage,초등학교 3~4학년 수학,초등학교,초3-4,공통 교육과정,,수학,,,수학과 교육과정(별책8) p.23 이하,high,
spine_dom_e34_01,stage_domain,초3-4 수와 연산,초등학교,초3-4,공통 교육과정,수와 연산,수학,,,수학과 교육과정(별책8) p.23 이하,high,
spine_dom_e34_02,stage_domain,초3-4 변화와 관계,초등학교,초3-4,공통 교육과정,변화와 관계,수학,,,수학과 교육과정(별책8) p.23 이하,high,
spine_dom_e34_03,stage_domain,초3-4 도형과 측정,초등학교,초3-4,공통 교육과정,도형과 측정,수학,,,수학과 교육과정(별책8) p.23 이하,high,
spine_dom_e34_04,stage_domain,초3-4 자료와 가능성,초등학교,초3-4,공통 교육과정,자료와 가능성,수학,,,수학과 교육과정(별책8) p.23 이하,high,
spine_stage_e56,school_stage,초등학교 5~6학년 수학,초등학교,초5-6,공통 교육과정,,수학,,,수학과 교육과정(별책8) p.31 이하,high,
spine_dom_e56_01,stage_domain,초5-6 수와 연산,초등학교,초5-6,공통 교육과정,수와 연산,수학,,,수학과 교육과정(별책8) p.31 이하,high,
spine_dom_e56_02,stage_domain,초5-6 변화와 관계,초등학교,초5-6,공통 교육과정,변화와 관계,수학,,,수학과 교육과정(별책8) p.31 이하,high,
spine_dom_e56_03,stage_domain,초5-6 도형과 측정,초등학교,초5-6,공통 교육과정,도형과 측정,수학,,,수학과 교육과정(별책8) p.31 이하,high,
spine_dom_e56_04,stage_domain,초5-6 자료와 가능성,초등학교,초5-6,공통 교육과정,자료와 가능성,수학,,,수학과 교육과정(별책8) p.31 이하,high,
spine_stage_m13,school_stage,중학교 1~3학년 수학,중학교,중1-3,공통 교육과정,,수학,,,수학과 교육과정(별책8) p.39 이하,high,
spine_dom_m13_01,stage_domain,중1-3 수와 연산,중학교,중1-3,공통 교육과정,수와 연산,수학,,,수학과 교육과정(별책8) p.39 이하,high,
spine_dom_m13_02,stage_domain,중1-3 변화와 관계,중학교,중1-3,공통 교육과정,변화와 관계,수학,,,수학과 교육과정(별책8) p.39 이하,high,
spine_dom_m13_03,stage_domain,중1-3 도형과 측정,중학교,중1-3,공통 교육과정,도형과 측정,수학,,,수학과 교육과정(별책8) p.39 이하,high,
spine_dom_m13_04,stage_domain,중1-3 자료와 가능성,중학교,중1-3,공통 교육과정,자료와 가능성,수학,,,수학과 교육과정(별책8) p.39 이하,high,
spine_subj_gongsu1,hs_subject,공통수학1,고등학교,고1,공통 과목,,공통수학1,,,수학과 교육과정(별책8) p.66 이하,high,
spine_area_gongsu1_01,hs_subject_area,공통수학1 · 다항식,고등학교,고1,공통 과목,다항식,공통수학1,,,수학과 교육과정(별책8) p.66 이하,high,
spine_area_gongsu1_02,hs_subject_area,공통수학1 · 방정식과 부등식,고등학교,고1,공통 과목,방정식과 부등식,공통수학1,,,수학과 교육과정(별책8) p.67 이하,high,
spine_area_gongsu1_03,hs_subject_area,공통수학1 · 경우의 수,고등학교,고1,공통 과목,경우의 수,공통수학1,,,수학과 교육과정(별책8) p.68 이하,high,
spine_area_gongsu1_04,hs_subject_area,공통수학1 · 행렬,고등학교,고1,공통 과목,행렬,공통수학1,,,수학과 교육과정(별책8) p.69 이하,high,
spine_subj_gongsu2,hs_subject,공통수학2,고등학교,고1,공통 과목,,공통수학2,,,수학과 교육과정(별책8) p.71 이하,high,
spine_area_gongsu2_01,hs_subject_area,공통수학2 · 도형의 방정식,고등학교,고1,공통 과목,도형의 방정식,공통수학2,,,수학과 교육과정(별책8) p.71 이하,high,
spine_area_gongsu2_02,hs_subject_area,공통수학2 · 집합과 명제,고등학교,고1,공통 과목,집합과 명제,공통수학2,,,수학과 교육과정(별책8) p.72 이하,high,
spine_area_gongsu2_03,hs_subject_area,공통수학2 · 함수와 그래프,고등학교,고1,공통 과목,함수와 그래프,공통수학2,,,수학과 교육과정(별책8) p.73 이하,high,
spine_subj_gisu1,hs_subject,기본수학1,고등학교,고1,공통 과목,,기본수학1,,,수학과 교육과정(별책8) p.85 이하,high,
spine_area_gisu1_01,hs_subject_area,기본수학1 · 다항식,고등학교,고1,공통 과목,다항식,기본수학1,,,수학과 교육과정(별책8) p.85 이하,high,
spine_area_gisu1_02,hs_subject_area,기본수학1 · 방정식과 부등식,고등학교,고1,공통 과목,방정식과 부등식,기본수학1,,,수학과 교육과정(별책8) p.86 이하,high,
spine_area_gisu1_03,hs_subject_area,기본수학1 · 경우의 수,고등학교,고1,공통 과목,경우의 수,기본수학1,,,수학과 교육과정(별책8) p.87 이하,high,
spine_area_gisu1_04,hs_subject_area,기본수학1 · 행렬,고등학교,고1,공통 과목,행렬,기본수학1,,,수학과 교육과정(별책8) p.88 이하,high,
spine_subj_gisu2,hs_subject,기본수학2,고등학교,고1,공통 과목,,기본수학2,,,수학과 교육과정(별책8) p.90 이하,high,
spine_area_gisu2_01,hs_subject_area,기본수학2 · 도형의 방정식,고등학교,고1,공통 과목,도형의 방정식,기본수학2,,,수학과 교육과정(별책8) p.90 이하,high,
spine_area_gisu2_02,hs_subject_area,기본수학2 · 집합과 명제,고등학교,고1,공통 과목,집합과 명제,기본수학2,,,수학과 교육과정(별책8) p.91 이하,high,
spine_area_gisu2_03,hs_subject_area,기본수학2 · 함수와 그래프,고등학교,고1,공통 과목,함수와 그래프,기본수학2,,,수학과 교육과정(별책8) p.92 이하,high,
spine_subj_daesu,hs_subject,대수,고등학교,고2-3,일반 선택 과목,,대수,,,수학과 교육과정(별책8) p.106 이하,high,
spine_area_daesu_01,hs_subject_area,대수 · 지수함수와 로그함수,고등학교,고2-3,일반 선택 과목,지수함수와 로그함수,대수,,,수학과 교육과정(별책8) p.106 이하,high,
spine_area_daesu_02,hs_subject_area,대수 · 삼각함수,고등학교,고2-3,일반 선택 과목,삼각함수,대수,,,수학과 교육과정(별책8) p.107 이하,high,
spine_area_daesu_03,hs_subject_area,대수 · 수열,고등학교,고2-3,일반 선택 과목,수열,대수,,,수학과 교육과정(별책8) p.108 이하,high,
spine_subj_mijeok1,hs_subject,미적분Ⅰ,고등학교,고2-3,일반 선택 과목,,미적분Ⅰ,,,수학과 교육과정(별책8) p.120 이하,high,
spine_area_mijeok1_01,hs_subject_area,미적분Ⅰ · 함수의 극한과 연속,고등학교,고2-3,일반 선택 과목,함수의 극한과 연속,미적분Ⅰ,,,수학과 교육과정(별책8) p.120 이하,high,
spine_area_mijeok1_02,hs_subject_area,미적분Ⅰ · 미분,고등학교,고2-3,일반 선택 과목,미분,미적분Ⅰ,,,수학과 교육과정(별책8) p.121 이하,high,
spine_area_mijeok1_03,hs_subject_area,미적분Ⅰ · 적분,고등학교,고2-3,일반 선택 과목,적분,미적분Ⅰ,,,수학과 교육과정(별책8) p.122 이하,high,
spine_subj_hwaktong,hs_subject,확률과 통계,고등학교,고2-3,일반 선택 과목,,확률과 통계,,,수학과 교육과정(별책8) p.134 이하,high,
spine_area_hwaktong_01,hs_subject_area,확률과 통계 · 경우의 수,고등학교,고2-3,일반 선택 과목,경우의 수,확률과 통계,,,수학과 교육과정(별책8) p.134 이하,high,
spine_area_hwaktong_02,hs_subject_area,확률과 통계 · 확률,고등학교,고2-3,일반 선택 과목,확률,확률과 통계,,,수학과 교육과정(별책8) p.135 이하,high,
spine_area_hwaktong_03,hs_subject_area,확률과 통계 · 통계,고등학교,고2-3,일반 선택 과목,통계,확률과 통계,,,수학과 교육과정(별책8) p.136 이하,high,
spine_subj_mijeok2,hs_subject,미적분Ⅱ,고등학교,고2-3,진로 선택 과목,,미적분Ⅱ,,,수학과 교육과정(별책8) p.150 이하,high,
spine_area_mijeok2_01,hs_subject_area,미적분Ⅱ · 수열의 극한,고등학교,고2-3,진로 선택 과목,수열의 극한,미적분Ⅱ,,,수학과 교육과정(별책8) p.150 이하,high,
spine_area_mijeok2_02,hs_subject_area,미적분Ⅱ · 미분법,고등학교,고2-3,진로 선택 과목,미분법,미적분Ⅱ,,,수학과 교육과정(별책8) p.151 이하,high,
spine_area_mijeok2_03,hs_subject_area,미적분Ⅱ · 적분법,고등학교,고2-3,진로 선택 과목,적분법,미적분Ⅱ,,,수학과 교육과정(별책8) p.152 이하,high,
spine_subj_giha,hs_subject,기하,고등학교,고2-3,진로 선택 과목,,기하,,,수학과 교육과정(별책8) p.164 이하,high,
spine_area_giha_01,hs_subject_area,기하 · 이차곡선,고등학교,고2-3,진로 선택 과목,이차곡선,기하,,,수학과 교육과정(별책8) p.164 이하,high,
spine_area_giha_02,hs_subject_area,기하 · 공간도형과 공간좌표,고등학교,고2-3,진로 선택 과목,공간도형과 공간좌표,기하,,,수학과 교육과정(별책8) p.165 이하,high,
spine_area_giha_03,hs_subject_area,기하 · 벡터,고등학교,고2-3,진로 선택 과목,벡터,기하,,,수학과 교육과정(별책8) p.166 이하,high,
spine_subj_gyeongsu,hs_subject,경제 수학,고등학교,고2-3,진로 선택 과목,,경제 수학,,,수학과 교육과정(별책8) p.178 이하,high,
spine_area_gyeongsu_01,hs_subject_area,경제 수학 · 수와 경제,고등학교,고2-3,진로 선택 과목,수와 경제,경제 수학,,,수학과 교육과정(별책8) p.178 이하,high,
spine_area_gyeongsu_02,hs_subject_area,경제 수학 · 함수와 경제,고등학교,고2-3,진로 선택 과목,함수와 경제,경제 수학,,,수학과 교육과정(별책8) p.179 이하,high,
spine_area_gyeongsu_03,hs_subject_area,경제 수학 · 행렬과 경제,고등학교,고2-3,진로 선택 과목,행렬과 경제,경제 수학,,,수학과 교육과정(별책8) p.180 이하,high,
spine_area_gyeongsu_04,hs_subject_area,경제 수학 · 미분과 경제,고등학교,고2-3,진로 선택 과목,미분과 경제,경제 수학,,,수학과 교육과정(별책8) p.180 이하,high,
spine_subj_insu,hs_subject,인공지능 수학,고등학교,고2-3,진로 선택 과목,,인공지능 수학,,,수학과 교육과정(별책8) p.192 이하,high,
spine_area_insu_01,hs_subject_area,인공지능 수학 · 인공지능과 빅데이터,고등학교,고2-3,진로 선택 과목,인공지능과 빅데이터,인공지능 수학,,,수학과 교육과정(별책8) p.192 이하,high,
spine_area_insu_02,hs_subject_area,인공지능 수학 · 텍스트 데이터 처리,고등학교,고2-3,진로 선택 과목,텍스트 데이터 처리,인공지능 수학,,,수학과 교육과정(별책8) p.193 이하,high,
spine_area_insu_03,hs_subject_area,인공지능 수학 · 이미지 데이터 처리,고등학교,고2-3,진로 선택 과목,이미지 데이터 처리,인공지능 수학,,,수학과 교육과정(별책8) p.194 이하,high,
spine_area_insu_04,hs_subject_area,인공지능 수학 · 예측과 최적화,고등학교,고2-3,진로 선택 과목,예측과 최적화,인공지능 수학,,,수학과 교육과정(별책8) p.194 이하,high,
spine_area_insu_05,hs_subject_area,인공지능 수학 · 인공지능과 수학 탐구,고등학교,고2-3,진로 선택 과목,인공지능과 수학 탐구,인공지능 수학,,,수학과 교육과정(별책8) p.195 이하,high,
spine_subj_jiksu,hs_subject,직무 수학,고등학교,고2-3,진로 선택 과목,,직무 수학,,,수학과 교육과정(별책8) p.207 이하,high,
spine_area_jiksu_01,hs_subject_area,직무 수학 · 수와 연산,고등학교,고2-3,진로 선택 과목,수와 연산,직무 수학,,,수학과 교육과정(별책8) p.207 이하,high,
spine_area_jiksu_02,hs_subject_area,직무 수학 · 변화와 관계,고등학교,고2-3,진로 선택 과목,변화와 관계,직무 수학,,,수학과 교육과정(별책8) p.208 이하,high,
spine_area_jiksu_03,hs_subject_area,직무 수학 · 도형과 측정,고등학교,고2-3,진로 선택 과목,도형과 측정,직무 수학,,,수학과 교육과정(별책8) p.209 이하,high,
spine_area_jiksu_04,hs_subject_area,직무 수학 · 자료와 가능성,고등학교,고2-3,진로 선택 과목,자료와 가능성,직무 수학,,,수학과 교육과정(별책8) p.210 이하,high,
spine_subj_sumun,hs_subject,수학과 문화,고등학교,고2-3,융합 선택 과목,,수학과 문화,,,수학과 교육과정(별책8) p.224 이하,high,
spine_area_sumun_01,hs_subject_area,수학과 문화 · 예술과 수학,고등학교,고2-3,융합 선택 과목,예술과 수학,수학과 문화,,,수학과 교육과정(별책8) p.224 이하,high,
spine_area_sumun_02,hs_subject_area,수학과 문화 · 생활과 수학,고등학교,고2-3,융합 선택 과목,생활과 수학,수학과 문화,,,수학과 교육과정(별책8) p.225 이하,high,
spine_area_sumun_03,hs_subject_area,수학과 문화 · 사회와 수학,고등학교,고2-3,융합 선택 과목,사회와 수학,수학과 문화,,,수학과 교육과정(별책8) p.226 이하,high,
spine_area_sumun_04,hs_subject_area,수학과 문화 · 환경과 수학,고등학교,고2-3,융합 선택 과목,환경과 수학,수학과 문화,,,수학과 교육과정(별책8) p.227 이하,high,
spine_subj_siltong,hs_subject,실용 통계,고등학교,고2-3,융합 선택 과목,,실용 통계,,,수학과 교육과정(별책8) p.239 이하,high,
spine_area_siltong_01,hs_subject_area,실용 통계 · 통계와 통계적 문제,고등학교,고2-3,융합 선택 과목,통계와 통계적 문제,실용 통계,,,수학과 교육과정(별책8) p.239 이하,high,
spine_area_siltong_02,hs_subject_area,실용 통계 · 자료의 수집과 정리,고등학교,고2-3,융합 선택 과목,자료의 수집과 정리,실용 통계,,,수학과 교육과정(별책8) p.240 이하,high,
spine_area_siltong_03,hs_subject_area,실용 통계 · 자료의 분석,고등학교,고2-3,융합 선택 과목,자료의 분석,실용 통계,,,수학과 교육과정(별책8) p.241 이하,high,
spine_area_siltong_04,hs_subject_area,실용 통계 · 통계적 탐구,고등학교,고2-3,융합 선택 과목,통계적 탐구,실용 통계,,,수학과 교육과정(별책8) p.241 이하,high,
spine_subj_sugwa,hs_subject,수학과제 탐구,고등학교,고2-3,융합 선택 과목,,수학과제 탐구,,,수학과 교육과정(별책8) p.253 이하,high,
spine_area_sugwa_01,hs_subject_area,수학과제 탐구 · 과제 탐구의 이해,고등학교,고2-3,융합 선택 과목,과제 탐구의 이해,수학과제 탐구,,,수학과 교육과정(별책8) p.253 이하,high,
spine_area_sugwa_02,hs_subject_area,수학과제 탐구 · 과제 탐구의 방법과 절차,고등학교,고2-3,융합 선택 과목,과제 탐구의 방법과 절차,수학과제 탐구,,,수학과 교육과정(별책8) p.254 이하,high,
spine_area_sugwa_03,hs_subject_area,수학과제 탐구 · 과제 탐구의 실행 및 평가,고등학교,고2-3,융합 선택 과목,과제 탐구의 실행 및 평가,수학과제 탐구,,,수학과 교육과정(별책8) p.255 이하,high,
spine_std_e12_01_01,achievement_standard,[2수01-01],초등학교,초1-2,공통 교육과정,수와 연산,수학,2수01-01,"수의 필요성을 인식하면서 0과 100까지의 수 개념을 이해하고, 수를 세고 읽고 쓸 수 있다.",수학과 교육과정(별책8) p.17,high,
spine_std_e12_01_02,achievement_standard,[2수01-02],초등학교,초1-2,공통 교육과정,수와 연산,수학,2수01-02,"일, 십, 백, 천의 자릿값과 위치적 기수법을 이해하고, 네 자리 이하의 수를 읽고 쓸 수 있다.",수학과 교육과정(별책8) p.17,high,
spine_std_e12_01_03,achievement_standard,[2수01-03],초등학교,초1-2,공통 교육과정,수와 연산,수학,2수01-03,"네 자리 이하의 수의 범위에서 수의 계열을 이해하고, 수의 크기를 비교할 수 있다.",수학과 교육과정(별책8) p.17,high,
spine_std_e12_01_04,achievement_standard,[2수01-04],초등학교,초1-2,공통 교육과정,수와 연산,수학,2수01-04,하나의 수를 두 수로 분해하고 두 수를 하나의 수로 합성하는 활동을 통하여 수 감각을 기른다.,수학과 교육과정(별책8) p.17,high,
spine_std_e12_01_05,achievement_standard,[2수01-05],초등학교,초1-2,공통 교육과정,수와 연산,수학,2수01-05,덧셈과 뺄셈이 이루어지는 실생활 상황과 연결하여 덧셈과 뺄셈의 의미를 이해한다.,수학과 교육과정(별책8) p.17,high,
spine_std_e12_01_06,achievement_standard,[2수01-06],초등학교,초1-2,공통 교육과정,수와 연산,수학,2수01-06,두 자리 수의 범위에서 덧셈과 뺄셈의 계산 원리를 이해하고 그 계산을 할 수 있다.,수학과 교육과정(별책8) p.17,high,
spine_std_e12_01_07,achievement_standard,[2수01-07],초등학교,초1-2,공통 교육과정,수와 연산,수학,2수01-07,덧셈과 뺄셈의 관계를 이해한다.,수학과 교육과정(별책8) p.17,high,
spine_std_e12_01_08,achievement_standard,[2수01-08],초등학교,초1-2,공통 교육과정,수와 연산,수학,2수01-08,두 자리 수의 범위에서 세 수의 덧셈과 뺄셈을 할 수 있다.,수학과 교육과정(별책8) p.17,high,
spine_std_e12_01_09,achievement_standard,[2수01-09],초등학교,초1-2,공통 교육과정,수와 연산,수학,2수01-09,"□가 사용된 덧셈식과 뺄셈식을 만들고, □의 값을 구할 수 있다.",수학과 교육과정(별책8) p.17,high,
spine_std_e12_01_10,achievement_standard,[2수01-10],초등학교,초1-2,공통 교육과정,수와 연산,수학,2수01-10,곱셈이 이루어지는 실생활 상황과 연결하여 곱셈의 의미를 이해한다.,수학과 교육과정(별책8) p.17,high,
spine_std_e12_01_11,achievement_standard,[2수01-11],초등학교,초1-2,공통 교육과정,수와 연산,수학,2수01-11,"곱셈구구를 이해하고, 한 자리 수의 곱셈을 할 수 있다.",수학과 교육과정(별책8) p.17,high,
spine_std_e12_02_01,achievement_standard,[2수02-01],초등학교,초1-2,공통 교육과정,변화와 관계,수학,2수02-01,"물체, 무늬, 수 등의 배열에서 규칙을 찾아 여러 가지 방법으로 표현할 수 있다.",수학과 교육과정(별책8) p.19,high,
spine_std_e12_02_02,achievement_standard,[2수02-02],초등학교,초1-2,공통 교육과정,변화와 관계,수학,2수02-02,"자신이 정한 규칙에 따라 물체, 무늬, 수 등을 배열할 수 있다.",수학과 교육과정(별책8) p.19,high,
spine_std_e12_03_01,achievement_standard,[2수03-01],초등학교,초1-2,공통 교육과정,도형과 측정,수학,2수03-01,"교실 및 생활 주변에서 여러 가지 물건을 관찰하여 직육면체, 원기둥, 구의 모양을 찾고, 이를 이용하여 여러 가지 모양을 만들 수 있다.",수학과 교육과정(별책8) p.19,high,
spine_std_e12_03_02,achievement_standard,[2수03-02],초등학교,초1-2,공통 교육과정,도형과 측정,수학,2수03-02,"쌓기나무를 이용하여 여러 가지 입체도형의 모양을 만들고, 그 모양에 대해 위치나 방향을 이용하여 말할 수 있다.",수학과 교육과정(별책8) p.19,high,
spine_std_e12_03_03,achievement_standard,[2수03-03],초등학교,초1-2,공통 교육과정,도형과 측정,수학,2수03-03,"교실 및 생활 주변에서 여러 가지 물건을 관찰하여 삼각형, 사각형, 원의 모양을 찾고, 이를 이용하여 여러 가지 모양을 만들 수 있다.",수학과 교육과정(별책8) p.19,high,
spine_std_e12_03_04,achievement_standard,[2수03-04],초등학교,초1-2,공통 교육과정,도형과 측정,수학,2수03-04,"삼각형, 사각형, 원을 직관적으로 이해하고, 그 모양을 그릴 수 있다.",수학과 교육과정(별책8) p.19,high,
spine_std_e12_03_05,achievement_standard,[2수03-05],초등학교,초1-2,공통 교육과정,도형과 측정,수학,2수03-05,"삼각형, 사각형에서 각각의 공통점을 찾아 말할 수 있다.",수학과 교육과정(별책8) p.20,high,
spine_std_e12_03_06,achievement_standard,[2수03-06],초등학교,초1-2,공통 교육과정,도형과 측정,수학,2수03-06,"구체물의 길이, 들이, 무게, 넓이를 비교하여 각각 ‘길다, 짧다’, ‘많다, 적다’, ‘무겁다, 가볍다’, ‘넓다, 좁다’ 등을 구별하여 말할 수 있다.",수학과 교육과정(별책8) p.20,high,
spine_std_e12_03_07,achievement_standard,[2수03-07],초등학교,초1-2,공통 교육과정,도형과 측정,수학,2수03-07,시계를 보고 시각을 ‘몇 시 몇 분’까지 읽을 수 있다.,수학과 교육과정(별책8) p.20,high,
spine_std_e12_03_08,achievement_standard,[2수03-08],초등학교,초1-2,공통 교육과정,도형과 측정,수학,2수03-08,"1시간과 1분의 관계를 이해하고, 시간을 ‘시간’, ‘분’으로 표현할 수 있다.",수학과 교육과정(별책8) p.20,high,
spine_std_e12_03_09,achievement_standard,[2수03-09],초등학교,초1-2,공통 교육과정,도형과 측정,수학,2수03-09,"실생활 문제 상황과 연결하여 1분, 1시간, 1일, 1주일, 1개월, 1년 사이의 관계를 이해한다.",수학과 교육과정(별책8) p.20,high,
spine_std_e12_03_10,achievement_standard,[2수03-10],초등학교,초1-2,공통 교육과정,도형과 측정,수학,2수03-10,"길이 단위 1cm와 1m를 알고, 이를 이용하여 주변 사물의 길이를 측정할 수 있다.",수학과 교육과정(별책8) p.20,high,
spine_std_e12_03_11,achievement_standard,[2수03-11],초등학교,초1-2,공통 교육과정,도형과 측정,수학,2수03-11,"1m와 1cm의 관계를 이해하고, 길이를 ‘몇 m 몇 cm’와 ‘몇 cm’로 표현할 수 있다.",수학과 교육과정(별책8) p.20,high,
spine_std_e12_03_12,achievement_standard,[2수03-12],초등학교,초1-2,공통 교육과정,도형과 측정,수학,2수03-12,"여러 가지 물건의 길이를 어림하고, 길이에 대한 양감을 기른다.",수학과 교육과정(별책8) p.20,high,
spine_std_e12_03_13,achievement_standard,[2수03-13],초등학교,초1-2,공통 교육과정,도형과 측정,수학,2수03-13,실생활 문제 상황과 연결하여 길이의 덧셈과 뺄셈을 할 수 있다.,수학과 교육과정(별책8) p.20,high,
spine_std_e12_04_01,achievement_standard,[2수04-01],초등학교,초1-2,공통 교육과정,자료와 가능성,수학,2수04-01,"여러 가지 사물을 정해진 기준 또는 자신이 정한 기준으로 분류하여 개수를 세어 보고, 기준에 따른 결과를 말할 수 있다.",수학과 교육과정(별책8) p.21,high,
spine_std_e12_04_02,achievement_standard,[2수04-02],초등학교,초1-2,공통 교육과정,자료와 가능성,수학,2수04-02,"자료를 분류하여 표로 나타내고, 자료를 표로 나타내면 편리한 점을 말할 수 있다.",수학과 교육과정(별책8) p.21,high,
spine_std_e12_04_03,achievement_standard,[2수04-03],초등학교,초1-2,공통 교육과정,자료와 가능성,수학,2수04-03,"자료를 분류하여 ○, ×, / 등을 이용한 그래프로 나타내고, 자료를 그래프로 나타내면 편리한 점을 말할 수 있다.",수학과 교육과정(별책8) p.21,high,
spine_std_e34_01_01,achievement_standard,[4수01-01],초등학교,초3-4,공통 교육과정,수와 연산,수학,4수01-01,"큰 수의 필요성을 인식하면서 10000 이상의 큰 수에 대한 자릿값과 위치적 기수법을 이해하고, 수를 읽고 쓸 수 있다.",수학과 교육과정(별책8) p.23,high,
spine_std_e34_01_02,achievement_standard,[4수01-02],초등학교,초3-4,공통 교육과정,수와 연산,수학,4수01-02,"다섯 자리 이상의 수의 범위에서 수의 계열을 이해하고, 수의 크기를 비교하며 그 방법을 설명할 수 있다.",수학과 교육과정(별책8) p.23,high,
spine_std_e34_01_03,achievement_standard,[4수01-03],초등학교,초3-4,공통 교육과정,수와 연산,수학,4수01-03,세 자리 수의 덧셈과 뺄셈의 계산 원리를 이해하고 그 계산을 할 수 있다.,수학과 교육과정(별책8) p.23,high,
spine_std_e34_01_04,achievement_standard,[4수01-04],초등학교,초3-4,공통 교육과정,수와 연산,수학,4수01-04,곱하는 수가 한 자리 수 또는 두 자리 수인 곱셈의 계산 원리를 이해하고 그 계산을 할 수 있다.,수학과 교육과정(별책8) p.23,high,
spine_std_e34_01_05,achievement_standard,[4수01-05],초등학교,초3-4,공통 교육과정,수와 연산,수학,4수01-05,"나눗셈이 이루어지는 실생활 상황과 연결하여 나눗셈의 의미를 알고, 곱셈과 나눗셈의 관계를 이해한다.",수학과 교육과정(별책8) p.23,high,
spine_std_e34_01_06,achievement_standard,[4수01-06],초등학교,초3-4,공통 교육과정,수와 연산,수학,4수01-06,"나누는 수가 한 자리 수인 나눗셈의 계산 원리를 이해하고 그 계산을 할 수 있으며, 나눗셈에서 몫과 나머지의 의미를 안다.",수학과 교육과정(별책8) p.23,high,
spine_std_e34_01_07,achievement_standard,[4수01-07],초등학교,초3-4,공통 교육과정,수와 연산,수학,4수01-07,나누는 수가 두 자리 수인 나눗셈의 계산 원리를 이해하고 그 계산을 할 수 있다.,수학과 교육과정(별책8) p.23,high,
spine_std_e34_01_08,achievement_standard,[4수01-08],초등학교,초3-4,공통 교육과정,수와 연산,수학,4수01-08,"자연수의 덧셈, 뺄셈, 곱셈, 나눗셈과 관련한 여러 가지 상황에서 어림셈을 할 수 있다.",수학과 교육과정(별책8) p.23,high,
spine_std_e34_01_09,achievement_standard,[4수01-09],초등학교,초3-4,공통 교육과정,수와 연산,수학,4수01-09,"양의 등분할을 통하여 분수의 필요성을 인식하고, 분수를 이해하고 읽고 쓸 수 있다.",수학과 교육과정(별책8) p.23,high,
spine_std_e34_01_10,achievement_standard,[4수01-10],초등학교,초3-4,공통 교육과정,수와 연산,수학,4수01-10,"단위분수, 진분수, 가분수, 대분수를 알고, 그 관계를 이해한다.",수학과 교육과정(별책8) p.23,high,
spine_std_e34_01_11,achievement_standard,[4수01-11],초등학교,초3-4,공통 교육과정,수와 연산,수학,4수01-11,"분모가 같은 분수끼리, 단위분수끼리 크기를 비교하고 그 방법을 설명할 수 있다.",수학과 교육과정(별책8) p.23,high,
spine_std_e34_01_12,achievement_standard,[4수01-12],초등학교,초3-4,공통 교육과정,수와 연산,수학,4수01-12,분모가 10인 진분수와 연결하여 소수 한 자리 수를 이해하고 읽고 쓸 수 있다.,수학과 교육과정(별책8) p.23,high,
spine_std_e34_01_13,achievement_standard,[4수01-13],초등학교,초3-4,공통 교육과정,수와 연산,수학,4수01-13,자릿값의 원리를 바탕으로 소수 두 자리 수와 소수 세 자리 수를 이해하고 읽고 쓸 수 있다.,수학과 교육과정(별책8) p.24,high,
spine_std_e34_01_14,achievement_standard,[4수01-14],초등학교,초3-4,공통 교육과정,수와 연산,수학,4수01-14,소수의 크기를 비교하고 그 방법을 설명할 수 있다.,수학과 교육과정(별책8) p.24,high,
spine_std_e34_01_15,achievement_standard,[4수01-15],초등학교,초3-4,공통 교육과정,수와 연산,수학,4수01-15,분모가 같은 분수의 덧셈과 뺄셈의 계산 원리를 이해하고 그 계산을 할 수 있다.,수학과 교육과정(별책8) p.24,high,
spine_std_e34_01_16,achievement_standard,[4수01-16],초등학교,초3-4,공통 교육과정,수와 연산,수학,4수01-16,소수 두 자리 수의 범위에서 소수의 덧셈과 뺄셈의 계산 원리를 이해하고 그 계산을 할 수 있다.,수학과 교육과정(별책8) p.24,high,
spine_std_e34_02_01,achievement_standard,[4수02-01],초등학교,초3-4,공통 교육과정,변화와 관계,수학,4수02-01,"다양한 변화 규칙을 찾아 설명하고, 그 규칙을 수나 식으로 나타낼 수 있다.",수학과 교육과정(별책8) p.25,high,
spine_std_e34_02_02,achievement_standard,[4수02-02],초등학교,초3-4,공통 교육과정,변화와 관계,수학,4수02-02,"계산식의 배열에서 규칙을 찾고, 계산 결과를 추측할 수 있다.",수학과 교육과정(별책8) p.25,high,
spine_std_e34_02_03,achievement_standard,[4수02-03],초등학교,초3-4,공통 교육과정,변화와 관계,수학,4수02-03,등호를 사용하여 크기가 같은 두 양의 관계를 식으로 나타낼 수 있다.,수학과 교육과정(별책8) p.25,high,
spine_std_e34_03_01,achievement_standard,[4수03-01],초등학교,초3-4,공통 교육과정,도형과 측정,수학,4수03-01,"직선, 선분, 반직선을 이해하고 구별할 수 있다.",수학과 교육과정(별책8) p.26,high,
spine_std_e34_03_02,achievement_standard,[4수03-02],초등학교,초3-4,공통 교육과정,도형과 측정,수학,4수03-02,"각과 직각을 이해하고, 직각과 비교하는 활동을 통하여 예각과 둔각을 구별할 수 있다.",수학과 교육과정(별책8) p.26,high,
spine_std_e34_03_03,achievement_standard,[4수03-03],초등학교,초3-4,공통 교육과정,도형과 측정,수학,4수03-03,직선의 수직 관계와 평행 관계를 이해한다.,수학과 교육과정(별책8) p.26,high,
spine_std_e34_03_04,achievement_standard,[4수03-04],초등학교,초3-4,공통 교육과정,도형과 측정,수학,4수03-04,"구체물이나 평면도형의 밀기, 뒤집기, 돌리기 활동을 통하여 그 변화를 이해한다.",수학과 교육과정(별책8) p.26,high,
spine_std_e34_03_05,achievement_standard,[4수03-05],초등학교,초3-4,공통 교육과정,도형과 측정,수학,4수03-05,평면에서 점의 이동에 대해 위치와 방향을 이용하여 설명할 수 있다.,수학과 교육과정(별책8) p.26,high,
spine_std_e34_03_06,achievement_standard,[4수03-06],초등학교,초3-4,공통 교육과정,도형과 측정,수학,4수03-06,"원의 중심, 반지름, 지름을 이해하고, 그 성질을 안다.",수학과 교육과정(별책8) p.26,high,
spine_std_e34_03_07,achievement_standard,[4수03-07],초등학교,초3-4,공통 교육과정,도형과 측정,수학,4수03-07,컴퍼스를 이용하여 여러 가지 크기의 원을 그릴 수 있다.,수학과 교육과정(별책8) p.26,high,
spine_std_e34_03_08,achievement_standard,[4수03-08],초등학교,초3-4,공통 교육과정,도형과 측정,수학,4수03-08,"여러 가지 모양의 삼각형에 대한 분류 활동을 통하여 이등변삼각형, 정삼각형을 이해하고, 그 성질을 탐구하고 설명할 수 있다.",수학과 교육과정(별책8) p.26,high,
spine_std_e34_03_09,achievement_standard,[4수03-09],초등학교,초3-4,공통 교육과정,도형과 측정,수학,4수03-09,"여러 가지 모양의 삼각형에 대한 분류 활동을 통하여 직각삼각형, 예각삼각형, 둔각 삼각형을 이해한다.",수학과 교육과정(별책8) p.26,high,
spine_std_e34_03_10,achievement_standard,[4수03-10],초등학교,초3-4,공통 교육과정,도형과 측정,수학,4수03-10,"여러 가지 모양의 사각형에 대한 분류 활동을 통하여 직사각형, 정사각형, 사다리꼴, 평행 사변형, 마름모를 이해하고, 그 성질을 탐구하고 설명할 수 있다.",수학과 교육과정(별책8) p.26,high,
spine_std_e34_03_11,achievement_standard,[4수03-11],초등학교,초3-4,공통 교육과정,도형과 측정,수학,4수03-11,다각형과 정다각형을 이해한다.,수학과 교육과정(별책8) p.27,high,
spine_std_e34_03_12,achievement_standard,[4수03-12],초등학교,초3-4,공통 교육과정,도형과 측정,수학,4수03-12,주어진 도형을 이용하여 여러 가지 모양을 만들거나 채우고 설명할 수 있다.,수학과 교육과정(별책8) p.27,high,
spine_std_e34_03_13,achievement_standard,[4수03-13],초등학교,초3-4,공통 교육과정,도형과 측정,수학,4수03-13,"1분과 1초의 관계를 이해하고, 초 단위까지 시각을 읽을 수 있다.",수학과 교육과정(별책8) p.27,high,
spine_std_e34_03_14,achievement_standard,[4수03-14],초등학교,초3-4,공통 교육과정,도형과 측정,수학,4수03-14,실생활 문제 상황과 연결하여 초 단위까지의 시간의 덧셈과 뺄셈을 할 수 있다.,수학과 교육과정(별책8) p.27,high,
spine_std_e34_03_15,achievement_standard,[4수03-15],초등학교,초3-4,공통 교육과정,도형과 측정,수학,4수03-15,"길이 단위 1mm와 1km를 알고, 이를 이용하여 길이를 측정하고 어림하며 수학의 유용성을 인식할 수 있다.",수학과 교육과정(별책8) p.27,high,
spine_std_e34_03_16,achievement_standard,[4수03-16],초등학교,초3-4,공통 교육과정,도형과 측정,수학,4수03-16,"1cm와 1mm, 1km와 1m의 관계를 이해하고, 길이를 ‘몇 cm 몇 mm’와 ‘몇 mm’, ‘몇 km 몇 m’와 ‘몇 m’로 다양하게 표현할 수 있다.",수학과 교육과정(별책8) p.27,high,
spine_std_e34_03_17,achievement_standard,[4수03-17],초등학교,초3-4,공통 교육과정,도형과 측정,수학,4수03-17,"들이 단위 1L와 1mL를 알고, 이를 이용하여 들이를 측정하고 어림하며 수학의 유용성을 인식할 수 있다.",수학과 교육과정(별책8) p.27,high,
spine_std_e34_03_18,achievement_standard,[4수03-18],초등학교,초3-4,공통 교육과정,도형과 측정,수학,4수03-18,"1L와 1mL의 관계를 이해하고, 들이를 ‘몇 L 몇 mL’와 ‘몇 mL’로 표현할 수 있다.",수학과 교육과정(별책8) p.27,high,
spine_std_e34_03_19,achievement_standard,[4수03-19],초등학교,초3-4,공통 교육과정,도형과 측정,수학,4수03-19,실생활 문제 상황과 연결하여 들이의 덧셈과 뺄셈을 할 수 있다.,수학과 교육과정(별책8) p.27,high,
spine_std_e34_03_20,achievement_standard,[4수03-20],초등학교,초3-4,공통 교육과정,도형과 측정,수학,4수03-20,"실생활에서 무게를 나타낼 때 사용하는 단위 1g과 1kg을 알고, 이를 이용하여 무게를 측정하고 어림하며 수학의 유용성을 인식할 수 있다.",수학과 교육과정(별책8) p.27,high,
spine_std_e34_03_21,achievement_standard,[4수03-21],초등학교,초3-4,공통 교육과정,도형과 측정,수학,4수03-21,"1kg과 1g의 관계를 이해하고, 무게를 ‘몇 kg 몇 g’과 ‘몇 g’으로 표현할 수 있다.",수학과 교육과정(별책8) p.27,high,
spine_std_e34_03_22,achievement_standard,[4수03-22],초등학교,초3-4,공통 교육과정,도형과 측정,수학,4수03-22,"실생활에서 무게를 나타낼 때 사용하는 단위 1t을 알고, 1t과 1kg의 관계를 이해한다.",수학과 교육과정(별책8) p.27,high,
spine_std_e34_03_23,achievement_standard,[4수03-23],초등학교,초3-4,공통 교육과정,도형과 측정,수학,4수03-23,실생활 문제 상황과 연결하여 무게의 덧셈과 뺄셈을 할 수 있다.,수학과 교육과정(별책8) p.27,high,
spine_std_e34_03_24,achievement_standard,[4수03-24],초등학교,초3-4,공통 교육과정,도형과 측정,수학,4수03-24,"각의 크기의 단위인 1도(°)를 알고, 각도기를 이용하여 각의 크기를 측정하고 어림할 수 있다.",수학과 교육과정(별책8) p.27,high,
spine_std_e34_03_25,achievement_standard,[4수03-25],초등학교,초3-4,공통 교육과정,도형과 측정,수학,4수03-25,"여러 가지 방법으로 삼각형과 사각형의 내각의 크기의 합을 추론하고, 자신의 추론 과정을 설명할 수 있다.",수학과 교육과정(별책8) p.27,high,
spine_std_e34_04_01,achievement_standard,[4수04-01],초등학교,초3-4,공통 교육과정,자료와 가능성,수학,4수04-01,자료를 수집하여 그림그래프나 막대그래프로 나타내고 해석할 수 있다.,수학과 교육과정(별책8) p.29,high,
spine_std_e34_04_02,achievement_standard,[4수04-02],초등학교,초3-4,공통 교육과정,자료와 가능성,수학,4수04-02,자료를 수집하여 꺾은선그래프로 나타내고 해석할 수 있다.,수학과 교육과정(별책8) p.29,high,
spine_std_e34_04_03,achievement_standard,[4수04-03],초등학교,초3-4,공통 교육과정,자료와 가능성,수학,4수04-03,"탐구 문제를 해결하기 위해 자료를 수집, 정리하여 막대그래프나 꺾은선그래프로 나타내고 해석할 수 있다.",수학과 교육과정(별책8) p.29,high,
spine_std_e56_01_01,achievement_standard,[6수01-01],초등학교,초5-6,공통 교육과정,수와 연산,수학,6수01-01,"덧셈, 뺄셈, 곱셈, 나눗셈의 혼합 계산에서 계산하는 순서를 알고, 혼합 계산을 할 수 있다.",수학과 교육과정(별책8) p.31,high,
spine_std_e56_01_02,achievement_standard,[6수01-02],초등학교,초5-6,공통 교육과정,수와 연산,수학,6수01-02,"실생활과 연결하여 이상, 이하, 초과, 미만의 의미와 쓰임을 알고, 이를 활용하여 수의 범위를 나타낼 수 있다.",수학과 교육과정(별책8) p.31,high,
spine_std_e56_01_03,achievement_standard,[6수01-03],초등학교,초5-6,공통 교육과정,수와 연산,수학,6수01-03,"어림값을 구하기 위한 방법으로 올림, 버림, 반올림의 의미와 필요성을 알고, 이를 실생활에 활용함으로써 수학의 유용성을 인식할 수 있다.",수학과 교육과정(별책8) p.31,high,
spine_std_e56_01_04,achievement_standard,[6수01-04],초등학교,초5-6,공통 교육과정,수와 연산,수학,6수01-04,"약수, 공약수, 최대공약수를 이해하고 구할 수 있다.",수학과 교육과정(별책8) p.31,high,
spine_std_e56_01_05,achievement_standard,[6수01-05],초등학교,초5-6,공통 교육과정,수와 연산,수학,6수01-05,"배수, 공배수, 최소공배수를 이해하고 구할 수 있다.",수학과 교육과정(별책8) p.31,high,
spine_std_e56_01_06,achievement_standard,[6수01-06],초등학교,초5-6,공통 교육과정,수와 연산,수학,6수01-06,"크기가 같은 분수를 만드는 방법을 이해하고, 분수를 약분, 통분할 수 있다.",수학과 교육과정(별책8) p.31,high,
spine_std_e56_01_07,achievement_standard,[6수01-07],초등학교,초5-6,공통 교육과정,수와 연산,수학,6수01-07,분모가 다른 분수의 크기를 비교하고 그 방법을 설명할 수 있다.,수학과 교육과정(별책8) p.31,high,
spine_std_e56_01_08,achievement_standard,[6수01-08],초등학교,초5-6,공통 교육과정,수와 연산,수학,6수01-08,분모가 다른 분수의 덧셈과 뺄셈의 계산 원리를 탐구하고 그 계산을 할 수 있다.,수학과 교육과정(별책8) p.31,high,
spine_std_e56_01_09,achievement_standard,[6수01-09],초등학교,초5-6,공통 교육과정,수와 연산,수학,6수01-09,분수의 곱셈의 계산 원리를 탐구하고 그 계산을 할 수 있다.,수학과 교육과정(별책8) p.31,high,
spine_std_e56_01_10,achievement_standard,[6수01-10],초등학교,초5-6,공통 교육과정,수와 연산,수학,6수01-10,‘(자연수)÷(자연수)’에서 나눗셈의 몫을 분수로 나타낼 수 있다.,수학과 교육과정(별책8) p.31,high,
spine_std_e56_01_11,achievement_standard,[6수01-11],초등학교,초5-6,공통 교육과정,수와 연산,수학,6수01-11,분수의 나눗셈의 계산 원리를 탐구하고 그 계산을 할 수 있다.,수학과 교육과정(별책8) p.31,high,
spine_std_e56_01_12,achievement_standard,[6수01-12],초등학교,초5-6,공통 교육과정,수와 연산,수학,6수01-12,분수와 소수의 관계를 이해하고 크기를 비교하며 그 방법을 설명할 수 있다.,수학과 교육과정(별책8) p.31,high,
spine_std_e56_01_13,achievement_standard,[6수01-13],초등학교,초5-6,공통 교육과정,수와 연산,수학,6수01-13,소수의 곱셈의 계산 원리를 탐구하고 그 계산을 할 수 있다.,수학과 교육과정(별책8) p.31,high,
spine_std_e56_01_14,achievement_standard,[6수01-14],초등학교,초5-6,공통 교육과정,수와 연산,수학,6수01-14,‘(자연수)÷(자연수)’에서 나눗셈의 몫을 소수로 나타낼 수 있다.,수학과 교육과정(별책8) p.31,high,
spine_std_e56_01_15,achievement_standard,[6수01-15],초등학교,초5-6,공통 교육과정,수와 연산,수학,6수01-15,소수의 나눗셈의 계산 원리를 탐구하고 그 계산을 할 수 있다.,수학과 교육과정(별책8) p.31,high,
spine_std_e56_02_01,achievement_standard,[6수02-01],초등학교,초5-6,공통 교육과정,변화와 관계,수학,6수02-01,"한 양이 변할 때 다른 양이 그에 종속하여 변하는 대응 관계를 나타낸 표에서 규칙을 찾아 설명하고, □, △ 등을 사용하여 식으로 나타낼 수 있다.",수학과 교육과정(별책8) p.33,high,
spine_std_e56_02_02,achievement_standard,[6수02-02],초등학교,초5-6,공통 교육과정,변화와 관계,수학,6수02-02,"두 양의 크기를 비교하는 상황을 통해 비의 개념을 이해하고, 두 양의 관계를 비로 나타낼 수 있다.",수학과 교육과정(별책8) p.33,high,
spine_std_e56_02_03,achievement_standard,[6수02-03],초등학교,초5-6,공통 교육과정,변화와 관계,수학,6수02-03,"비율을 이해하고, 비율을 분수, 소수, 백분율로 나타낼 수 있다.",수학과 교육과정(별책8) p.33,high,
spine_std_e56_02_04,achievement_standard,[6수02-04],초등학교,초5-6,공통 교육과정,변화와 관계,수학,6수02-04,"비례식을 알고, 그 성질을 이해하며, 이를 활용하여 간단한 비례식을 풀 수 있다.",수학과 교육과정(별책8) p.33,high,
spine_std_e56_02_05,achievement_standard,[6수02-05],초등학교,초5-6,공통 교육과정,변화와 관계,수학,6수02-05,"비례배분을 알고, 주어진 양을 비례배분 할 수 있다.",수학과 교육과정(별책8) p.33,high,
spine_std_e56_03_01,achievement_standard,[6수03-01],초등학교,초5-6,공통 교육과정,도형과 측정,수학,6수03-01,"도형의 합동을 이해하고, 합동인 도형의 성질을 탐구하고 설명할 수 있다.",수학과 교육과정(별책8) p.34,high,
spine_std_e56_03_02,achievement_standard,[6수03-02],초등학교,초5-6,공통 교육과정,도형과 측정,수학,6수03-02,실생활과 연결하여 선대칭도형과 점대칭도형을 이해하고 그릴 수 있다.,수학과 교육과정(별책8) p.34,high,
spine_std_e56_03_03,achievement_standard,[6수03-03],초등학교,초5-6,공통 교육과정,도형과 측정,수학,6수03-03,"직육면체와 정육면체를 이해하고, 구성 요소와 성질을 탐구하고 설명할 수 있다.",수학과 교육과정(별책8) p.34,high,
spine_std_e56_03_04,achievement_standard,[6수03-04],초등학교,초5-6,공통 교육과정,도형과 측정,수학,6수03-04,직육면체와 정육면체의 겨냥도와 전개도를 그릴 수 있다.,수학과 교육과정(별책8) p.34,high,
spine_std_e56_03_05,achievement_standard,[6수03-05],초등학교,초5-6,공통 교육과정,도형과 측정,수학,6수03-05,"각기둥과 각뿔을 이해하고, 구성 요소와 성질을 탐구하고 설명할 수 있다.",수학과 교육과정(별책8) p.34,high,
spine_std_e56_03_06,achievement_standard,[6수03-06],초등학교,초5-6,공통 교육과정,도형과 측정,수학,6수03-06,각기둥의 전개도를 그릴 수 있다.,수학과 교육과정(별책8) p.34,high,
spine_std_e56_03_07,achievement_standard,[6수03-07],초등학교,초5-6,공통 교육과정,도형과 측정,수학,6수03-07,"원기둥, 원뿔, 구를 이해하고, 구성 요소와 성질을 탐구하고 설명할 수 있다.",수학과 교육과정(별책8) p.34,high,
spine_std_e56_03_08,achievement_standard,[6수03-08],초등학교,초5-6,공통 교육과정,도형과 측정,수학,6수03-08,원기둥의 전개도를 그릴 수 있다.,수학과 교육과정(별책8) p.34,high,
spine_std_e56_03_09,achievement_standard,[6수03-09],초등학교,초5-6,공통 교육과정,도형과 측정,수학,6수03-09,쌓기나무로 만든 입체도형을 보고 사용된 쌓기나무의 개수를 구할 수 있다.,수학과 교육과정(별책8) p.34,high,
spine_std_e56_03_10,achievement_standard,[6수03-10],초등학교,초5-6,공통 교육과정,도형과 측정,수학,6수03-10,"쌓기나무로 만든 입체도형의 위, 앞, 옆에서 본 모양을 표현할 수 있고, 이러한 표현을 보고 입체도형의 모양을 추측할 수 있다.",수학과 교육과정(별책8) p.34,high,
spine_std_e56_03_11,achievement_standard,[6수03-11],초등학교,초5-6,공통 교육과정,도형과 측정,수학,6수03-11,"평면도형의 둘레를 이해하고, 기본적인 평면도형의 둘레를 구할 수 있다.",수학과 교육과정(별책8) p.35,high,
spine_std_e56_03_12,achievement_standard,[6수03-12],초등학교,초5-6,공통 교육과정,도형과 측정,수학,6수03-12,"넓이 단위 1cm², 1m², 1km²를 알며, 그 관계를 이해한다.",수학과 교육과정(별책8) p.35,high,
spine_std_e56_03_13,achievement_standard,[6수03-13],초등학교,초5-6,공통 교육과정,도형과 측정,수학,6수03-13,"직사각형과 정사각형의 넓이를 구하는 방법을 이해하고, 이를 구할 수 있다.",수학과 교육과정(별책8) p.35,high,
spine_std_e56_03_14,achievement_standard,[6수03-14],초등학교,초5-6,공통 교육과정,도형과 측정,수학,6수03-14,"평행사변형, 삼각형, 사다리꼴, 마름모의 넓이를 구하는 방법을 다양하게 추론하고, 이와 관련된 문제를 해결할 수 있다.",수학과 교육과정(별책8) p.35,high,
spine_std_e56_03_15,achievement_standard,[6수03-15],초등학교,초5-6,공통 교육과정,도형과 측정,수학,6수03-15,"여러 가지 원 모양 물체의 원주와 지름을 측정하는 활동을 통하여, 원주율이 일정한 값임을 알고 그 근삿값을 사용할 수 있다.",수학과 교육과정(별책8) p.35,high,
spine_std_e56_03_16,achievement_standard,[6수03-16],초등학교,초5-6,공통 교육과정,도형과 측정,수학,6수03-16,"원주와 원의 넓이를 구하는 방법을 이해하고, 이를 구할 수 있다.",수학과 교육과정(별책8) p.35,high,
spine_std_e56_03_17,achievement_standard,[6수03-17],초등학교,초5-6,공통 교육과정,도형과 측정,수학,6수03-17,"직육면체와 정육면체의 겉넓이를 구하는 방법을 이해하고, 이를 구할 수 있다.",수학과 교육과정(별책8) p.35,high,
spine_std_e56_03_18,achievement_standard,[6수03-18],초등학교,초5-6,공통 교육과정,도형과 측정,수학,6수03-18,"부피 단위 1cm³, 1m³를 알며, 그 관계를 이해한다.",수학과 교육과정(별책8) p.35,high,
spine_std_e56_03_19,achievement_standard,[6수03-19],초등학교,초5-6,공통 교육과정,도형과 측정,수학,6수03-19,"직육면체와 정육면체의 부피를 구하는 방법을 이해하고, 이를 구할 수 있다.",수학과 교육과정(별책8) p.35,high,
spine_std_e56_04_01,achievement_standard,[6수04-01],초등학교,초5-6,공통 교육과정,자료와 가능성,수학,6수04-01,"평균의 의미를 알고, 자료를 수집하여 평균을 구하고 해석할 수 있다.",수학과 교육과정(별책8) p.37,high,
spine_std_e56_04_02,achievement_standard,[6수04-02],초등학교,초5-6,공통 교육과정,자료와 가능성,수학,6수04-02,자료를 수집하여 띠그래프나 원그래프로 나타내고 해석할 수 있다.,수학과 교육과정(별책8) p.37,high,
spine_std_e56_04_03,achievement_standard,[6수04-03],초등학교,초5-6,공통 교육과정,자료와 가능성,수학,6수04-03,"탐구 문제를 설정하고, 그에 맞는 자료를 수집, 정리하여 적절한 그래프로 나타내고 해석할 수 있다.",수학과 교육과정(별책8) p.37,high,
spine_std_e56_04_04,achievement_standard,[6수04-04],초등학교,초5-6,공통 교육과정,자료와 가능성,수학,6수04-04,사건이 일어날 가능성을 말로 표현하고 비교할 수 있다.,수학과 교육과정(별책8) p.37,high,
spine_std_e56_04_05,achievement_standard,[6수04-05],초등학교,초5-6,공통 교육과정,자료와 가능성,수학,6수04-05,사건이 일어날 가능성을 수로 나타낼 수 있다.,수학과 교육과정(별책8) p.37,high,
spine_std_e56_04_06,achievement_standard,[6수04-06],초등학교,초5-6,공통 교육과정,자료와 가능성,수학,6수04-06,"자료를 이용하여 가능성을 예상하고, 가능성에 근거하여 적절한 판단을 내릴 수 있다.",수학과 교육과정(별책8) p.37,high,
spine_std_m13_01_01,achievement_standard,[9수01-01],중학교,중1-3,공통 교육과정,수와 연산,수학,9수01-01,"소인수분해의 뜻을 알고, 자연수를 소인수분해 할 수 있다.",수학과 교육과정(별책8) p.39,high,
spine_std_m13_01_02,achievement_standard,[9수01-02],중학교,중1-3,공통 교육과정,수와 연산,수학,9수01-02,소인수분해를 이용하여 최대공약수와 최소공배수를 구할 수 있다.,수학과 교육과정(별책8) p.39,high,
spine_std_m13_01_03,achievement_standard,[9수01-03],중학교,중1-3,공통 교육과정,수와 연산,수학,9수01-03,"다양한 상황을 이용하여 음수의 필요성을 인식하고, 양수와 음수, 정수와 유리수의 개념을 이해한다.",수학과 교육과정(별책8) p.39,high,
spine_std_m13_01_04,achievement_standard,[9수01-04],중학교,중1-3,공통 교육과정,수와 연산,수학,9수01-04,정수와 유리수의 대소 관계를 판단할 수 있다.,수학과 교육과정(별책8) p.39,high,
spine_std_m13_01_05,achievement_standard,[9수01-05],중학교,중1-3,공통 교육과정,수와 연산,수학,9수01-05,"정수와 유리수의 사칙계산의 원리를 이해하고, 그 계산을 할 수 있다.",수학과 교육과정(별책8) p.39,high,
spine_std_m13_01_06,achievement_standard,[9수01-06],중학교,중1-3,공통 교육과정,수와 연산,수학,9수01-06,"순환소수의 뜻을 알고, 유리수와 순환소수의 관계를 설명할 수 있다.",수학과 교육과정(별책8) p.39,high,
spine_std_m13_01_07,achievement_standard,[9수01-07],중학교,중1-3,공통 교육과정,수와 연산,수학,9수01-07,"제곱근의 뜻과 성질을 알고, 제곱근의 대소 관계를 판단할 수 있다.",수학과 교육과정(별책8) p.39,high,
spine_std_m13_01_08,achievement_standard,[9수01-08],중학교,중1-3,공통 교육과정,수와 연산,수학,9수01-08,"무리수의 개념을 이해하고, 무리수의 유용성을 인식할 수 있다.",수학과 교육과정(별책8) p.39,high,
spine_std_m13_01_09,achievement_standard,[9수01-09],중학교,중1-3,공통 교육과정,수와 연산,수학,9수01-09,실수의 대소 관계를 판단하고 설명할 수 있다.,수학과 교육과정(별책8) p.39,high,
spine_std_m13_01_10,achievement_standard,[9수01-10],중학교,중1-3,공통 교육과정,수와 연산,수학,9수01-10,"근호를 포함한 식의 사칙계산의 원리를 이해하고, 그 계산을 할 수 있다.",수학과 교육과정(별책8) p.39,high,
spine_std_m13_02_01,achievement_standard,[9수02-01],중학교,중1-3,공통 교육과정,변화와 관계,수학,9수02-01,"다양한 상황을 문자를 사용한 식으로 나타내어 그 유용성을 인식하고, 식의 값을 구할 수 있다.",수학과 교육과정(별책8) p.40,high,
spine_std_m13_02_02,achievement_standard,[9수02-02],중학교,중1-3,공통 교육과정,변화와 관계,수학,9수02-02,"일차식의 덧셈과 뺄셈의 원리를 이해하고, 그 계산을 할 수 있다.",수학과 교육과정(별책8) p.40,high,
spine_std_m13_02_03,achievement_standard,[9수02-03],중학교,중1-3,공통 교육과정,변화와 관계,수학,9수02-03,"방정식과 그 해의 뜻을 알고, 등식의 성질을 설명할 수 있다.",수학과 교육과정(별책8) p.40,high,
spine_std_m13_02_04,achievement_standard,[9수02-04],중학교,중1-3,공통 교육과정,변화와 관계,수학,9수02-04,"일차방정식을 풀 수 있고, 이를 활용하여 문제를 해결할 수 있다.",수학과 교육과정(별책8) p.40,high,
spine_std_m13_02_05,achievement_standard,[9수02-05],중학교,중1-3,공통 교육과정,변화와 관계,수학,9수02-05,"순서쌍과 좌표를 이해하고, 그 편리함을 인식할 수 있다.",수학과 교육과정(별책8) p.40,high,
spine_std_m13_02_06,achievement_standard,[9수02-06],중학교,중1-3,공통 교육과정,변화와 관계,수학,9수02-06,"다양한 상황을 그래프로 나타내고, 주어진 그래프를 해석할 수 있다.",수학과 교육과정(별책8) p.40,high,
spine_std_m13_02_07,achievement_standard,[9수02-07],중학교,중1-3,공통 교육과정,변화와 관계,수학,9수02-07,"정비례, 반비례 관계를 이해하고, 그 관계를 표, 식, 그래프로 나타낼 수 있다.",수학과 교육과정(별책8) p.41,high,
spine_std_m13_02_08,achievement_standard,[9수02-08],중학교,중1-3,공통 교육과정,변화와 관계,수학,9수02-08,"지수법칙을 이해하고, 이를 이용하여 식을 간단히 할 수 있다.",수학과 교육과정(별책8) p.41,high,
spine_std_m13_02_09,achievement_standard,[9수02-09],중학교,중1-3,공통 교육과정,변화와 관계,수학,9수02-09,"다항식의 덧셈과 뺄셈의 원리를 이해하고, 그 계산을 할 수 있다.",수학과 교육과정(별책8) p.41,high,
spine_std_m13_02_10,achievement_standard,[9수02-10],중학교,중1-3,공통 교육과정,변화와 관계,수학,9수02-10,"‘(단항식)×(다항식)’, ‘(다항식)÷(단항식)’과 같은 곱셈과 나눗셈의 원리를 이해하고, 그 계산을 할 수 있다.",수학과 교육과정(별책8) p.41,high,
spine_std_m13_02_11,achievement_standard,[9수02-11],중학교,중1-3,공통 교육과정,변화와 관계,수학,9수02-11,"부등식과 그 해의 뜻을 알고, 부등식의 성질을 설명할 수 있다.",수학과 교육과정(별책8) p.41,high,
spine_std_m13_02_12,achievement_standard,[9수02-12],중학교,중1-3,공통 교육과정,변화와 관계,수학,9수02-12,"일차부등식을 풀 수 있고, 이를 활용하여 문제를 해결할 수 있다.",수학과 교육과정(별책8) p.41,high,
spine_std_m13_02_13,achievement_standard,[9수02-13],중학교,중1-3,공통 교육과정,변화와 관계,수학,9수02-13,"미지수가 2개인 연립일차방정식을 풀 수 있고, 이를 활용하여 문제를 해결할 수 있다.",수학과 교육과정(별책8) p.41,high,
spine_std_m13_02_14,achievement_standard,[9수02-14],중학교,중1-3,공통 교육과정,변화와 관계,수학,9수02-14,"함수의 개념을 이해하고, 함숫값을 구할 수 있다.",수학과 교육과정(별책8) p.41,high,
spine_std_m13_02_15,achievement_standard,[9수02-15],중학교,중1-3,공통 교육과정,변화와 관계,수학,9수02-15,"일차함수의 개념을 이해하고, 그 그래프를 그릴 수 있다.",수학과 교육과정(별책8) p.41,high,
spine_std_m13_02_16,achievement_standard,[9수02-16],중학교,중1-3,공통 교육과정,변화와 관계,수학,9수02-16,"일차함수의 그래프의 성질을 이해하고, 이를 활용하여 문제를 해결할 수 있다.",수학과 교육과정(별책8) p.41,high,
spine_std_m13_02_17,achievement_standard,[9수02-17],중학교,중1-3,공통 교육과정,변화와 관계,수학,9수02-17,일차함수와 미지수가 2개인 일차방정식의 관계를 설명할 수 있다.,수학과 교육과정(별책8) p.41,high,
spine_std_m13_02_18,achievement_standard,[9수02-18],중학교,중1-3,공통 교육과정,변화와 관계,수학,9수02-18,두 일차함수의 그래프와 연립일차방정식의 관계를 설명할 수 있다.,수학과 교육과정(별책8) p.41,high,
spine_std_m13_02_19,achievement_standard,[9수02-19],중학교,중1-3,공통 교육과정,변화와 관계,수학,9수02-19,다항식의 곱셈과 인수분해를 할 수 있다.,수학과 교육과정(별책8) p.41,high,
spine_std_m13_02_20,achievement_standard,[9수02-20],중학교,중1-3,공통 교육과정,변화와 관계,수학,9수02-20,"이차방정식을 풀 수 있고, 이를 활용하여 문제를 해결할 수 있다.",수학과 교육과정(별책8) p.41,high,
spine_std_m13_02_21,achievement_standard,[9수02-21],중학교,중1-3,공통 교육과정,변화와 관계,수학,9수02-21,이차함수의 개념을 이해한다.,수학과 교육과정(별책8) p.41,high,
spine_std_m13_02_22,achievement_standard,[9수02-22],중학교,중1-3,공통 교육과정,변화와 관계,수학,9수02-22,"이차함수의 그래프를 그릴 수 있고, 그 성질을 설명할 수 있다.",수학과 교육과정(별책8) p.41,high,
spine_std_m13_03_01,achievement_standard,[9수03-01],중학교,중1-3,공통 교육과정,도형과 측정,수학,9수03-01,"점, 선, 면, 각을 이해하고, 실생활 상황과 연결하여 점, 직선, 평면의 위치 관계를 설명할 수 있다.",수학과 교육과정(별책8) p.43,high,
spine_std_m13_03_02,achievement_standard,[9수03-02],중학교,중1-3,공통 교육과정,도형과 측정,수학,9수03-02,평행선에서 동위각과 엇각의 성질을 이해하고 설명할 수 있다.,수학과 교육과정(별책8) p.43,high,
spine_std_m13_03_03,achievement_standard,[9수03-03],중학교,중1-3,공통 교육과정,도형과 측정,수학,9수03-03,"삼각형을 작도하고, 그 과정을 설명할 수 있다.",수학과 교육과정(별책8) p.43,high,
spine_std_m13_03_04,achievement_standard,[9수03-04],중학교,중1-3,공통 교육과정,도형과 측정,수학,9수03-04,"삼각형의 합동 조건을 이해하고, 이를 이용하여 두 삼각형이 합동인지 판별할 수 있다.",수학과 교육과정(별책8) p.43,high,
spine_std_m13_03_05,achievement_standard,[9수03-05],중학교,중1-3,공통 교육과정,도형과 측정,수학,9수03-05,다각형의 성질을 이해하고 설명할 수 있다.,수학과 교육과정(별책8) p.43,high,
spine_std_m13_03_06,achievement_standard,[9수03-06],중학교,중1-3,공통 교육과정,도형과 측정,수학,9수03-06,"부채꼴의 중심각과 호의 관계를 이해하고, 이를 이용하여 부채꼴의 호의 길이와 넓이를 구할 수 있다.",수학과 교육과정(별책8) p.44,high,
spine_std_m13_03_07,achievement_standard,[9수03-07],중학교,중1-3,공통 교육과정,도형과 측정,수학,9수03-07,"구체적인 모형이나 공학 도구를 이용하여 다면체와 회전체의 성질을 탐구하고, 이를 설명할 수 있다.",수학과 교육과정(별책8) p.44,high,
spine_std_m13_03_08,achievement_standard,[9수03-08],중학교,중1-3,공통 교육과정,도형과 측정,수학,9수03-08,입체도형의 겉넓이와 부피를 구할 수 있다.,수학과 교육과정(별책8) p.44,high,
spine_std_m13_03_09,achievement_standard,[9수03-09],중학교,중1-3,공통 교육과정,도형과 측정,수학,9수03-09,이등변삼각형의 성질을 이해하고 정당화할 수 있다.,수학과 교육과정(별책8) p.44,high,
spine_std_m13_03_10,achievement_standard,[9수03-10],중학교,중1-3,공통 교육과정,도형과 측정,수학,9수03-10,삼각형의 외심과 내심의 성질을 이해하고 정당화할 수 있다.,수학과 교육과정(별책8) p.44,high,
spine_std_m13_03_11,achievement_standard,[9수03-11],중학교,중1-3,공통 교육과정,도형과 측정,수학,9수03-11,사각형의 성질을 이해하고 정당화할 수 있다.,수학과 교육과정(별책8) p.44,high,
spine_std_m13_03_12,achievement_standard,[9수03-12],중학교,중1-3,공통 교육과정,도형과 측정,수학,9수03-12,"도형의 닮음의 뜻과 닮은 도형의 성질을 이해하고, 닮음비를 구할 수 있다.",수학과 교육과정(별책8) p.44,high,
spine_std_m13_03_13,achievement_standard,[9수03-13],중학교,중1-3,공통 교육과정,도형과 측정,수학,9수03-13,"삼각형의 닮음 조건을 이해하고, 이를 이용하여 두 삼각형이 닮음인지 판별할 수 있다.",수학과 교육과정(별책8) p.44,high,
spine_std_m13_03_14,achievement_standard,[9수03-14],중학교,중1-3,공통 교육과정,도형과 측정,수학,9수03-14,평행선 사이의 선분의 길이의 비를 구할 수 있다.,수학과 교육과정(별책8) p.44,high,
spine_std_m13_03_15,achievement_standard,[9수03-15],중학교,중1-3,공통 교육과정,도형과 측정,수학,9수03-15,피타고라스 정리를 이해하고 정당화할 수 있다.,수학과 교육과정(별책8) p.44,high,
spine_std_m13_03_16,achievement_standard,[9수03-16],중학교,중1-3,공통 교육과정,도형과 측정,수학,9수03-16,"삼각비의 뜻을 알고, 간단한 삼각비의 값을 구할 수 있다.",수학과 교육과정(별책8) p.44,high,
spine_std_m13_03_17,achievement_standard,[9수03-17],중학교,중1-3,공통 교육과정,도형과 측정,수학,9수03-17,삼각비를 활용하여 여러 가지 문제를 해결할 수 있다.,수학과 교육과정(별책8) p.44,high,
spine_std_m13_03_18,achievement_standard,[9수03-18],중학교,중1-3,공통 교육과정,도형과 측정,수학,9수03-18,원의 현에 관한 성질과 접선에 관한 성질을 이해하고 정당화할 수 있다.,수학과 교육과정(별책8) p.44,high,
spine_std_m13_03_19,achievement_standard,[9수03-19],중학교,중1-3,공통 교육과정,도형과 측정,수학,9수03-19,원주각의 성질을 이해하고 정당화할 수 있다.,수학과 교육과정(별책8) p.44,high,
spine_std_m13_04_01,achievement_standard,[9수04-01],중학교,중1-3,공통 교육과정,자료와 가능성,수학,9수04-01,"중앙값, 최빈값의 뜻을 알고, 자료의 특성에 따라 적절한 대푯값을 선택하여 구할 수 있다.",수학과 교육과정(별책8) p.46,high,
spine_std_m13_04_02,achievement_standard,[9수04-02],중학교,중1-3,공통 교육과정,자료와 가능성,수학,9수04-02,"자료를 줄기와 잎 그림, 도수분포표, 히스토그램, 도수분포다각형으로 나타내고 해석할 수 있다.",수학과 교육과정(별책8) p.46,high,
spine_std_m13_04_03,achievement_standard,[9수04-03],중학교,중1-3,공통 교육과정,자료와 가능성,수학,9수04-03,"상대도수를 구하고, 상대도수의 분포를 표나 그래프로 나타내고 해석할 수 있다.",수학과 교육과정(별책8) p.46,high,
spine_std_m13_04_04,achievement_standard,[9수04-04],중학교,중1-3,공통 교육과정,자료와 가능성,수학,9수04-04,"통계적 탐구 문제를 설정하고, 공학 도구를 이용하여 자료를 수집하여 분석하고, 그 결과를 해석할 수 있다.",수학과 교육과정(별책8) p.46,high,
spine_std_m13_04_05,achievement_standard,[9수04-05],중학교,중1-3,공통 교육과정,자료와 가능성,수학,9수04-05,경우의 수를 구할 수 있다.,수학과 교육과정(별책8) p.46,high,
spine_std_m13_04_06,achievement_standard,[9수04-06],중학교,중1-3,공통 교육과정,자료와 가능성,수학,9수04-06,"확률의 개념과 그 기본 성질을 이해하고, 확률을 구할 수 있다.",수학과 교육과정(별책8) p.46,high,
spine_std_m13_04_07,achievement_standard,[9수04-07],중학교,중1-3,공통 교육과정,자료와 가능성,수학,9수04-07,분산과 표준편차를 구하고 자료의 분포를 설명할 수 있다.,수학과 교육과정(별책8) p.47,high,
spine_std_m13_04_08,achievement_standard,[9수04-08],중학교,중1-3,공통 교육과정,자료와 가능성,수학,9수04-08,공학 도구를 이용하여 자료를 상자그림으로 나타내고 분포를 비교할 수 있다.,수학과 교육과정(별책8) p.47,high,
spine_std_m13_04_09,achievement_standard,[9수04-09],중학교,중1-3,공통 교육과정,자료와 가능성,수학,9수04-09,자료를 산점도로 나타내고 상관관계를 말할 수 있다.,수학과 교육과정(별책8) p.47,high,
spine_std_gongsu1_01_01,achievement_standard,[10공수1-01-01],고등학교,고1,공통 과목,다항식,공통수학1,10공수1-01-01,"다항식의 사칙연산의 원리를 설명하고, 그 계산을 할 수 있다.",수학과 교육과정(별책8) p.66,high,
spine_std_gongsu1_01_02,achievement_standard,[10공수1-01-02],고등학교,고1,공통 과목,다항식,공통수학1,10공수1-01-02,"항등식의 성질과 나머지정리를 이해하고, 이를 활용하여 문제를 해결할 수 있다.",수학과 교육과정(별책8) p.66,high,
spine_std_gongsu1_01_03,achievement_standard,[10공수1-01-03],고등학교,고1,공통 과목,다항식,공통수학1,10공수1-01-03,다항식의 인수분해를 할 수 있다.,수학과 교육과정(별책8) p.66,high,
spine_std_gongsu1_02_01,achievement_standard,[10공수1-02-01],고등학교,고1,공통 과목,방정식과 부등식,공통수학1,10공수1-02-01,"복소수의 뜻과 성질을 설명하고, 사칙연산을 수행할 수 있다.",수학과 교육과정(별책8) p.67,high,
spine_std_gongsu1_02_02,achievement_standard,[10공수1-02-02],고등학교,고1,공통 과목,방정식과 부등식,공통수학1,10공수1-02-02,"이차방정식의 실근과 허근을 이해하고, 판별식을 이용하여 이차방정식의 근을 판별할 수 있다.",수학과 교육과정(별책8) p.67,high,
spine_std_gongsu1_02_03,achievement_standard,[10공수1-02-03],고등학교,고1,공통 과목,방정식과 부등식,공통수학1,10공수1-02-03,이차방정식의 근과 계수의 관계를 설명할 수 있다.,수학과 교육과정(별책8) p.67,high,
spine_std_gongsu1_02_04,achievement_standard,[10공수1-02-04],고등학교,고1,공통 과목,방정식과 부등식,공통수학1,10공수1-02-04,이차방정식과 이차함수를 연결하여 그 관계를 설명할 수 있다.,수학과 교육과정(별책8) p.67,high,
spine_std_gongsu1_02_05,achievement_standard,[10공수1-02-05],고등학교,고1,공통 과목,방정식과 부등식,공통수학1,10공수1-02-05,이차함수의 그래프와 직선의 위치 관계를 판단할 수 있다.,수학과 교육과정(별책8) p.67,high,
spine_std_gongsu1_02_06,achievement_standard,[10공수1-02-06],고등학교,고1,공통 과목,방정식과 부등식,공통수학1,10공수1-02-06,"이차함수의 최대, 최소를 탐구하고, 이를 실생활과 연결하여 유용성을 인식할 수 있다.",수학과 교육과정(별책8) p.67,high,
spine_std_gongsu1_02_07,achievement_standard,[10공수1-02-07],고등학교,고1,공통 과목,방정식과 부등식,공통수학1,10공수1-02-07,간단한 삼차방정식과 사차방정식을 풀 수 있다.,수학과 교육과정(별책8) p.67,high,
spine_std_gongsu1_02_08,achievement_standard,[10공수1-02-08],고등학교,고1,공통 과목,방정식과 부등식,공통수학1,10공수1-02-08,미지수가 2개인 연립이차방정식을 풀 수 있다.,수학과 교육과정(별책8) p.67,high,
spine_std_gongsu1_02_09,achievement_standard,[10공수1-02-09],고등학교,고1,공통 과목,방정식과 부등식,공통수학1,10공수1-02-09,미지수가 1개인 연립일차부등식을 풀 수 있다.,수학과 교육과정(별책8) p.67,high,
spine_std_gongsu1_02_10,achievement_standard,[10공수1-02-10],고등학교,고1,공통 과목,방정식과 부등식,공통수학1,10공수1-02-10,절댓값을 포함한 일차부등식을 풀 수 있다.,수학과 교육과정(별책8) p.67,high,
spine_std_gongsu1_02_11,achievement_standard,[10공수1-02-11],고등학교,고1,공통 과목,방정식과 부등식,공통수학1,10공수1-02-11,"이차부등식과 이차함수를 연결하여 그 관계를 설명하고, 이차부등식과 연립이차 부등식을 풀 수 있다.",수학과 교육과정(별책8) p.67,high,
spine_std_gongsu1_03_01,achievement_standard,[10공수1-03-01],고등학교,고1,공통 과목,경우의 수,공통수학1,10공수1-03-01,"합의 법칙과 곱의 법칙을 이해하고, 적절한 전략을 사용하여 경우의 수와 관련된 문제를 해결할 수 있다.",수학과 교육과정(별책8) p.68,high,
spine_std_gongsu1_03_02,achievement_standard,[10공수1-03-02],고등학교,고1,공통 과목,경우의 수,공통수학1,10공수1-03-02,"순열의 개념을 이해하고, 순열의 수를 구하는 방법을 설명할 수 있다.",수학과 교육과정(별책8) p.68,high,
spine_std_gongsu1_03_03,achievement_standard,[10공수1-03-03],고등학교,고1,공통 과목,경우의 수,공통수학1,10공수1-03-03,"조합의 개념을 이해하고, 조합의 수를 구하는 방법을 설명할 수 있다.",수학과 교육과정(별책8) p.68,high,
spine_std_gongsu1_04_01,achievement_standard,[10공수1-04-01],고등학교,고1,공통 과목,행렬,공통수학1,10공수1-04-01,"행렬의 뜻을 알고, 실생활 상황을 행렬로 표현할 수 있다.",수학과 교육과정(별책8) p.69,high,
spine_std_gongsu1_04_02,achievement_standard,[10공수1-04-02],고등학교,고1,공통 과목,행렬,공통수학1,10공수1-04-02,"행렬의 연산을 수행하고, 관련된 문제를 해결할 수 있다.",수학과 교육과정(별책8) p.69,high,
spine_std_gongsu2_01_01,achievement_standard,[10공수2-01-01],고등학교,고1,공통 과목,도형의 방정식,공통수학2,10공수2-01-01,"선분의 내분을 이해하고, 내분점의 좌표를 계산할 수 있다.",수학과 교육과정(별책8) p.71,high,
spine_std_gongsu2_01_02,achievement_standard,[10공수2-01-02],고등학교,고1,공통 과목,도형의 방정식,공통수학2,10공수2-01-02,두 직선의 평행 조건과 수직 조건을 탐구하고 이해한다.,수학과 교육과정(별책8) p.71,high,
spine_std_gongsu2_01_03,achievement_standard,[10공수2-01-03],고등학교,고1,공통 과목,도형의 방정식,공통수학2,10공수2-01-03,"점과 직선 사이의 거리를 구하고, 관련된 문제를 해결할 수 있다.",수학과 교육과정(별책8) p.71,high,
spine_std_gongsu2_01_04,achievement_standard,[10공수2-01-04],고등학교,고1,공통 과목,도형의 방정식,공통수학2,10공수2-01-04,"원의 방정식을 구하고, 그래프를 그릴 수 있다.",수학과 교육과정(별책8) p.71,high,
spine_std_gongsu2_01_05,achievement_standard,[10공수2-01-05],고등학교,고1,공통 과목,도형의 방정식,공통수학2,10공수2-01-05,"좌표평면에서 원과 직선의 위치 관계를 판단하고, 이를 활용하여 문제를 해결할 수 있다.",수학과 교육과정(별책8) p.71,high,
spine_std_gongsu2_01_06,achievement_standard,[10공수2-01-06],고등학교,고1,공통 과목,도형의 방정식,공통수학2,10공수2-01-06,"평행이동을 탐구하고, 실생활과 연결하여 문제를 해결할 수 있다.",수학과 교육과정(별책8) p.71,high,
spine_std_gongsu2_01_07,achievement_standard,[10공수2-01-07],고등학교,고1,공통 과목,도형의 방정식,공통수학2,10공수2-01-07,"원점, 축, 축, 직선 에 대한 대칭이동을 탐구하고, 실생활과 연결하여 문제를 해결할 수 있다.",수학과 교육과정(별책8) p.71,high,
spine_std_gongsu2_02_01,achievement_standard,[10공수2-02-01],고등학교,고1,공통 과목,집합과 명제,공통수학2,10공수2-02-01,"집합의 개념을 이해하고, 집합을 표현할 수 있다.",수학과 교육과정(별책8) p.72,high,
spine_std_gongsu2_02_02,achievement_standard,[10공수2-02-02],고등학교,고1,공통 과목,집합과 명제,공통수학2,10공수2-02-02,두 집합 사이의 포함관계를 판단할 수 있다.,수학과 교육과정(별책8) p.72,high,
spine_std_gongsu2_02_03,achievement_standard,[10공수2-02-03],고등학교,고1,공통 과목,집합과 명제,공통수학2,10공수2-02-03,"집합의 연산을 수행하고, 벤 다이어그램을 이용하여 나타낼 수 있다.",수학과 교육과정(별책8) p.72,high,
spine_std_gongsu2_02_04,achievement_standard,[10공수2-02-04],고등학교,고1,공통 과목,집합과 명제,공통수학2,10공수2-02-04,"명제와 조건의 뜻을 알고, ‘모든’, ‘어떤’을 포함한 명제를 이해하고 설명할 수 있다.",수학과 교육과정(별책8) p.72,high,
spine_std_gongsu2_02_05,achievement_standard,[10공수2-02-05],고등학교,고1,공통 과목,집합과 명제,공통수학2,10공수2-02-05,명제의 역과 대우를 이해하고 설명할 수 있다.,수학과 교육과정(별책8) p.72,high,
spine_std_gongsu2_02_06,achievement_standard,[10공수2-02-06],고등학교,고1,공통 과목,집합과 명제,공통수학2,10공수2-02-06,충분조건과 필요조건을 이해하고 판단할 수 있다.,수학과 교육과정(별책8) p.72,high,
spine_std_gongsu2_02_07,achievement_standard,[10공수2-02-07],고등학교,고1,공통 과목,집합과 명제,공통수학2,10공수2-02-07,대우를 이용한 증명법과 귀류법을 이해하고 관련된 명제를 증명할 수 있다.,수학과 교육과정(별책8) p.72,high,
spine_std_gongsu2_02_08,achievement_standard,[10공수2-02-08],고등학교,고1,공통 과목,집합과 명제,공통수학2,10공수2-02-08,"절대부등식의 뜻을 알고, 간단한 절대부등식을 증명할 수 있다.",수학과 교육과정(별책8) p.72,high,
spine_std_gongsu2_03_01,achievement_standard,[10공수2-03-01],고등학교,고1,공통 과목,함수와 그래프,공통수학2,10공수2-03-01,"함수의 개념을 설명하고, 그 그래프를 이해한다.",수학과 교육과정(별책8) p.73,high,
spine_std_gongsu2_03_02,achievement_standard,[10공수2-03-02],고등학교,고1,공통 과목,함수와 그래프,공통수학2,10공수2-03-02,"함수의 합성을 설명하고, 합성함수를 구할 수 있다.",수학과 교육과정(별책8) p.73,high,
spine_std_gongsu2_03_03,achievement_standard,[10공수2-03-03],고등학교,고1,공통 과목,함수와 그래프,공통수학2,10공수2-03-03,"역함수의 개념을 설명하고, 역함수를 구할 수 있다.",수학과 교육과정(별책8) p.73,high,
spine_std_gongsu2_03_04,achievement_standard,[10공수2-03-04],고등학교,고1,공통 과목,함수와 그래프,공통수학2,10공수2-03-04,"유리함수  의 그래프를 그릴 수 있고, 그 그래프의 성질을 탐구할 수  있다.",수학과 교육과정(별책8) p.73,high,
spine_std_gongsu2_03_05,achievement_standard,[10공수2-03-05],고등학교,고1,공통 과목,함수와 그래프,공통수학2,10공수2-03-05,"무리함수  의 그래프를 그릴 수 있고, 그 그래프의 성질을 탐구할 수 있다.",수학과 교육과정(별책8) p.73,high,
spine_std_gisu1_01_01,achievement_standard,[10기수1-01-01],고등학교,고1,공통 과목,다항식,기본수학1,10기수1-01-01,"다항식의 덧셈과 뺄셈의 원리를 이해하고, 그 계산을 할 수 있다.",수학과 교육과정(별책8) p.85,high,
spine_std_gisu1_01_02,achievement_standard,[10기수1-01-02],고등학교,고1,공통 과목,다항식,기본수학1,10기수1-01-02,"다항식의 곱셈과 나눗셈의 원리를 이해하고, 그 계산을 할 수 있다.",수학과 교육과정(별책8) p.85,high,
spine_std_gisu1_01_03,achievement_standard,[10기수1-01-03],고등학교,고1,공통 과목,다항식,기본수학1,10기수1-01-03,인수분해 공식을 이용하여 다항식의 인수분해를 할 수 있다.,수학과 교육과정(별책8) p.85,high,
spine_std_gisu1_02_01,achievement_standard,[10기수1-02-01],고등학교,고1,공통 과목,방정식과 부등식,기본수학1,10기수1-02-01,간단한 이차방정식을 풀 수 있다.,수학과 교육과정(별책8) p.86,high,
spine_std_gisu1_02_02,achievement_standard,[10기수1-02-02],고등학교,고1,공통 과목,방정식과 부등식,기본수학1,10기수1-02-02,"이차방정식에서 판별식을 이해하고, 근의 존재성을 판단할 수 있다.",수학과 교육과정(별책8) p.86,high,
spine_std_gisu1_02_03,achievement_standard,[10기수1-02-03],고등학교,고1,공통 과목,방정식과 부등식,기본수학1,10기수1-02-03,"이차함수의 뜻을 알고, 이차함수의 그래프의 성질을 설명할 수 있다.",수학과 교육과정(별책8) p.86,high,
spine_std_gisu1_02_04,achievement_standard,[10기수1-02-04],고등학교,고1,공통 과목,방정식과 부등식,기본수학1,10기수1-02-04,이차방정식과 이차함수를 연결하여 그 관계를 이해한다.,수학과 교육과정(별책8) p.86,high,
spine_std_gisu1_02_05,achievement_standard,[10기수1-02-05],고등학교,고1,공통 과목,방정식과 부등식,기본수학1,10기수1-02-05,"이차함수의 최대, 최소를 이해하고, 간단한 문제를 해결할 수 있다.",수학과 교육과정(별책8) p.86,high,
spine_std_gisu1_02_06,achievement_standard,[10기수1-02-06],고등학교,고1,공통 과목,방정식과 부등식,기본수학1,10기수1-02-06,"부등식의 성질을 설명하고, 일차부등식을 풀 수 있다.",수학과 교육과정(별책8) p.86,high,
spine_std_gisu1_02_07,achievement_standard,[10기수1-02-07],고등학교,고1,공통 과목,방정식과 부등식,기본수학1,10기수1-02-07,미지수가 1개인 연립일차부등식을 풀 수 있다.,수학과 교육과정(별책8) p.86,high,
spine_std_gisu1_02_08,achievement_standard,[10기수1-02-08],고등학교,고1,공통 과목,방정식과 부등식,기본수학1,10기수1-02-08,절댓값을 포함한 간단한 일차부등식을 풀 수 있다.,수학과 교육과정(별책8) p.86,high,
spine_std_gisu1_02_09,achievement_standard,[10기수1-02-09],고등학교,고1,공통 과목,방정식과 부등식,기본수학1,10기수1-02-09,"이차부등식과 이차함수를 연결하여 그 관계를 이해하고, 간단한 이차부등식을 풀 수 있다.",수학과 교육과정(별책8) p.86,high,
spine_std_gisu1_03_01,achievement_standard,[10기수1-03-01],고등학교,고1,공통 과목,경우의 수,기본수학1,10기수1-03-01,"합의 법칙과 곱의 법칙을 이해하고, 적절한 전략을 사용하여 경우의 수와 관련된 문제를 해결할 수 있다.",수학과 교육과정(별책8) p.87,high,
spine_std_gisu1_03_02,achievement_standard,[10기수1-03-02],고등학교,고1,공통 과목,경우의 수,기본수학1,10기수1-03-02,"순열의 개념을 이해하고, 순열의 수를 구할 수 있다.",수학과 교육과정(별책8) p.87,high,
spine_std_gisu1_03_03,achievement_standard,[10기수1-03-03],고등학교,고1,공통 과목,경우의 수,기본수학1,10기수1-03-03,"조합의 개념을 이해하고, 조합의 수를 구할 수 있다.",수학과 교육과정(별책8) p.87,high,
spine_std_gisu1_04_01,achievement_standard,[10기수1-04-01],고등학교,고1,공통 과목,행렬,기본수학1,10기수1-04-01,"행렬의 뜻을 알고, 실생활 상황을 행렬로 표현할 수 있다.",수학과 교육과정(별책8) p.88,high,
spine_std_gisu1_04_02,achievement_standard,[10기수1-04-02],고등학교,고1,공통 과목,행렬,기본수학1,10기수1-04-02,"행렬의 연산을 수행하고, 간단한 문제를 해결할 수 있다.",수학과 교육과정(별책8) p.88,high,
spine_std_gisu2_01_01,achievement_standard,[10기수2-01-01],고등학교,고1,공통 과목,도형의 방정식,기본수학2,10기수2-01-01,두 점 사이의 거리를 계산할 수 있다.,수학과 교육과정(별책8) p.90,high,
spine_std_gisu2_01_02,achievement_standard,[10기수2-01-02],고등학교,고1,공통 과목,도형의 방정식,기본수학2,10기수2-01-02,"직선의 방정식을 구하고, 그래프를 그릴 수 있다.",수학과 교육과정(별책8) p.90,high,
spine_std_gisu2_01_03,achievement_standard,[10기수2-01-03],고등학교,고1,공통 과목,도형의 방정식,기본수학2,10기수2-01-03,"두 직선의 평행 조건과 수직 조건을 이해하고, 관련된 문제를 해결할 수 있다.",수학과 교육과정(별책8) p.90,high,
spine_std_gisu2_01_04,achievement_standard,[10기수2-01-04],고등학교,고1,공통 과목,도형의 방정식,기본수학2,10기수2-01-04,"원의 방정식을 구하고, 그래프를 그릴 수 있다.",수학과 교육과정(별책8) p.90,high,
spine_std_gisu2_01_05,achievement_standard,[10기수2-01-05],고등학교,고1,공통 과목,도형의 방정식,기본수학2,10기수2-01-05,좌표평면에서 원과 직선의 위치 관계를 판단할 수 있다.,수학과 교육과정(별책8) p.90,high,
spine_std_gisu2_01_06,achievement_standard,[10기수2-01-06],고등학교,고1,공통 과목,도형의 방정식,기본수학2,10기수2-01-06,"평행이동을 이해하고, 실생활과 연결할 수 있다.",수학과 교육과정(별책8) p.90,high,
spine_std_gisu2_01_07,achievement_standard,[10기수2-01-07],고등학교,고1,공통 과목,도형의 방정식,기본수학2,10기수2-01-07,"원점, 축, 축, 직선 에 대한 대칭이동을 이해하고, 실생활과 연결할 수 있다.",수학과 교육과정(별책8) p.90,high,
spine_std_gisu2_02_01,achievement_standard,[10기수2-02-01],고등학교,고1,공통 과목,집합과 명제,기본수학2,10기수2-02-01,"집합의 개념을 이해하고, 집합을 표현할 수 있다.",수학과 교육과정(별책8) p.91,high,
spine_std_gisu2_02_02,achievement_standard,[10기수2-02-02],고등학교,고1,공통 과목,집합과 명제,기본수학2,10기수2-02-02,두 집합 사이의 포함관계를 판단할 수 있다.,수학과 교육과정(별책8) p.91,high,
spine_std_gisu2_02_03,achievement_standard,[10기수2-02-03],고등학교,고1,공통 과목,집합과 명제,기본수학2,10기수2-02-03,"두 집합의 연산을 수행하고, 벤 다이어그램을 이용하여 나타낼 수 있다.",수학과 교육과정(별책8) p.91,high,
spine_std_gisu2_02_04,achievement_standard,[10기수2-02-04],고등학교,고1,공통 과목,집합과 명제,기본수학2,10기수2-02-04,"명제와 조건의 뜻을 알고, 이를 설명할 수 있다.",수학과 교육과정(별책8) p.91,high,
spine_std_gisu2_02_05,achievement_standard,[10기수2-02-05],고등학교,고1,공통 과목,집합과 명제,기본수학2,10기수2-02-05,명제의 역과 대우를 이해하고 설명할 수 있다.,수학과 교육과정(별책8) p.91,high,
spine_std_gisu2_03_01,achievement_standard,[10기수2-03-01],고등학교,고1,공통 과목,함수와 그래프,기본수학2,10기수2-03-01,"함수의 개념을 설명하고, 그 그래프를 이해한다.",수학과 교육과정(별책8) p.92,high,
spine_std_gisu2_03_02,achievement_standard,[10기수2-03-02],고등학교,고1,공통 과목,함수와 그래프,기본수학2,10기수2-03-02,"함수의 합성을 이해하고, 합성함수를 구할 수 있다.",수학과 교육과정(별책8) p.92,high,
spine_std_gisu2_03_03,achievement_standard,[10기수2-03-03],고등학교,고1,공통 과목,함수와 그래프,기본수학2,10기수2-03-03,"역함수의 개념을 이해하고, 역함수를 구할 수 있다.",수학과 교육과정(별책8) p.92,high,
spine_std_gisu2_03_04,achievement_standard,[10기수2-03-04],고등학교,고1,공통 과목,함수와 그래프,기본수학2,10기수2-03-04,"유리함수  의 그래프를 그릴 수 있고, 그 그래프의 성질을 탐구할 수 있다.",수학과 교육과정(별책8) p.92,high,
spine_std_gisu2_03_05,achievement_standard,[10기수2-03-05],고등학교,고1,공통 과목,함수와 그래프,기본수학2,10기수2-03-05,"무리함수  의 그래프를 그릴 수 있고, 그 그래프의 성질을 탐구할 수 있다.",수학과 교육과정(별책8) p.92,high,
spine_std_daesu_01_01,achievement_standard,[12대수01-01],고등학교,고2-3,일반 선택 과목,지수함수와 로그함수,대수,12대수01-01,"거듭제곱과 거듭제곱근의 뜻을 알고, 그 성질을 이용하여 계산할 수 있다.",수학과 교육과정(별책8) p.106,high,
spine_std_daesu_01_02,achievement_standard,[12대수01-02],고등학교,고2-3,일반 선택 과목,지수함수와 로그함수,대수,12대수01-02,"지수가 유리수, 실수까지 확장될 수 있음을 이해하고, 이를 설명할 수 있다.",수학과 교육과정(별책8) p.106,high,
spine_std_daesu_01_03,achievement_standard,[12대수01-03],고등학교,고2-3,일반 선택 과목,지수함수와 로그함수,대수,12대수01-03,"지수법칙을 이해하고, 이를 이용하여 식을 간단히 나타낼 수 있다.",수학과 교육과정(별책8) p.106,high,
spine_std_daesu_01_04,achievement_standard,[12대수01-04],고등학교,고2-3,일반 선택 과목,지수함수와 로그함수,대수,12대수01-04,"로그의 뜻을 알고, 그 성질을 이용하여 계산할 수 있다.",수학과 교육과정(별책8) p.106,high,
spine_std_daesu_01_05,achievement_standard,[12대수01-05],고등학교,고2-3,일반 선택 과목,지수함수와 로그함수,대수,12대수01-05,"상용로그를 이해하고, 이를 실생활과 연결하여 문제를 해결할 수 있다.",수학과 교육과정(별책8) p.106,high,
spine_std_daesu_01_06,achievement_standard,[12대수01-06],고등학교,고2-3,일반 선택 과목,지수함수와 로그함수,대수,12대수01-06,"지수함수와 로그함수의 뜻을 알고, 이를 설명할 수 있다.",수학과 교육과정(별책8) p.106,high,
spine_std_daesu_01_07,achievement_standard,[12대수01-07],고등학교,고2-3,일반 선택 과목,지수함수와 로그함수,대수,12대수01-07,"지수함수와 로그함수의 그래프를 그릴 수 있고, 그 성질을 설명할 수 있다.",수학과 교육과정(별책8) p.106,high,
spine_std_daesu_01_08,achievement_standard,[12대수01-08],고등학교,고2-3,일반 선택 과목,지수함수와 로그함수,대수,12대수01-08,"지수함수, 로그함수를 활용하여 문제를 해결할 수 있다.",수학과 교육과정(별책8) p.106,high,
spine_std_daesu_02_01,achievement_standard,[12대수02-01],고등학교,고2-3,일반 선택 과목,삼각함수,대수,12대수02-01,"일반각과 호도법의 뜻을 알고, 그 관계를 설명할 수 있다.",수학과 교육과정(별책8) p.107,high,
spine_std_daesu_02_02,achievement_standard,[12대수02-02],고등학교,고2-3,일반 선택 과목,삼각함수,대수,12대수02-02,"삼각함수의 개념을 이해하여 사인함수, 코사인함수, 탄젠트함수의 그래프를 그리고, 그 성질을 설명할 수 있다.",수학과 교육과정(별책8) p.107,high,
spine_std_daesu_02_03,achievement_standard,[12대수02-03],고등학교,고2-3,일반 선택 과목,삼각함수,대수,12대수02-03,"사인법칙과 코사인법칙을 이해하고, 실생활 문제를 해결할 수 있다.",수학과 교육과정(별책8) p.107,high,
spine_std_daesu_03_01,achievement_standard,[12대수03-01],고등학교,고2-3,일반 선택 과목,수열,대수,12대수03-01,수열의 뜻을 설명할 수 있다.,수학과 교육과정(별책8) p.108,high,
spine_std_daesu_03_02,achievement_standard,[12대수03-02],고등학교,고2-3,일반 선택 과목,수열,대수,12대수03-02,"등차수열의 뜻을 알고, 일반항, 첫째항부터 제항까지의 합을 구할 수 있다.",수학과 교육과정(별책8) p.108,high,
spine_std_daesu_03_03,achievement_standard,[12대수03-03],고등학교,고2-3,일반 선택 과목,수열,대수,12대수03-03,"등비수열의 뜻을 알고, 일반항, 첫째항부터 제항까지의 합을 구할 수 있다.",수학과 교육과정(별책8) p.108,high,
spine_std_daesu_03_04,achievement_standard,[12대수03-04],고등학교,고2-3,일반 선택 과목,수열,대수,12대수03-04,"∑의 뜻과 성질을 이해하고, 이를 활용하여 문제를 해결할 수 있다.",수학과 교육과정(별책8) p.108,high,
spine_std_daesu_03_05,achievement_standard,[12대수03-05],고등학교,고2-3,일반 선택 과목,수열,대수,12대수03-05,여러 가지 수열의 첫째항부터 제항까지의 합을 구하는 방법을 설명할 수 있다.,수학과 교육과정(별책8) p.108,high,
spine_std_daesu_03_06,achievement_standard,[12대수03-06],고등학교,고2-3,일반 선택 과목,수열,대수,12대수03-06,수열의 귀납적 정의를 설명할 수 있다.,수학과 교육과정(별책8) p.108,high,
spine_std_daesu_03_07,achievement_standard,[12대수03-07],고등학교,고2-3,일반 선택 과목,수열,대수,12대수03-07,"수학적 귀납법의 원리를 이해하고, 이를 이용하여 명제를 증명할 수 있다.",수학과 교육과정(별책8) p.108,high,
spine_std_mijeok1_01_01,achievement_standard,[12미적Ⅰ-01-01],고등학교,고2-3,일반 선택 과목,함수의 극한과 연속,미적분Ⅰ,12미적Ⅰ-01-01,"함수의 극한의 뜻을 알고, 이를 설명할 수 있다.",수학과 교육과정(별책8) p.120,high,
spine_std_mijeok1_01_02,achievement_standard,[12미적Ⅰ-01-02],고등학교,고2-3,일반 선택 과목,함수의 극한과 연속,미적분Ⅰ,12미적Ⅰ-01-02,"함수의 극한에 대한 성질을 이해하고, 함수의 극한값을 구할 수 있다.",수학과 교육과정(별책8) p.120,high,
spine_std_mijeok1_01_03,achievement_standard,[12미적Ⅰ-01-03],고등학교,고2-3,일반 선택 과목,함수의 극한과 연속,미적분Ⅰ,12미적Ⅰ-01-03,함수의 연속을 극한으로 탐구하고 이해한다.,수학과 교육과정(별책8) p.120,high,
spine_std_mijeok1_01_04,achievement_standard,[12미적Ⅰ-01-04],고등학교,고2-3,일반 선택 과목,함수의 극한과 연속,미적분Ⅰ,12미적Ⅰ-01-04,"연속함수의 성질을 이해하고, 이를 활용하여 문제를 해결할 수 있다.",수학과 교육과정(별책8) p.120,high,
spine_std_mijeok1_02_01,achievement_standard,[12미적Ⅰ-02-01],고등학교,고2-3,일반 선택 과목,미분,미적분Ⅰ,12미적Ⅰ-02-01,"미분계수를 이해하고, 이를 구할 수 있다.",수학과 교육과정(별책8) p.121,high,
spine_std_mijeok1_02_02,achievement_standard,[12미적Ⅰ-02-02],고등학교,고2-3,일반 선택 과목,미분,미적분Ⅰ,12미적Ⅰ-02-02,"함수의 미분가능성과 연속성의 관계를 설명하고, 이를 활용할 수 있다.",수학과 교육과정(별책8) p.121,high,
spine_std_mijeok1_02_03,achievement_standard,[12미적Ⅰ-02-03],고등학교,고2-3,일반 선택 과목,미분,미적분Ⅰ,12미적Ⅰ-02-03,함수 (은 양의 정수)의 도함수를 구할 수 있다.,수학과 교육과정(별책8) p.121,high,
spine_std_mijeok1_02_04,achievement_standard,[12미적Ⅰ-02-04],고등학교,고2-3,일반 선택 과목,미분,미적분Ⅰ,12미적Ⅰ-02-04,"함수의 실수배, 합, 차, 곱의 미분법을 알고, 다항함수의 도함수를 구할 수 있다.",수학과 교육과정(별책8) p.121,high,
spine_std_mijeok1_02_05,achievement_standard,[12미적Ⅰ-02-05],고등학교,고2-3,일반 선택 과목,미분,미적분Ⅰ,12미적Ⅰ-02-05,"미분계수와 접선의 기울기의 관계를 이해하고, 접선의 방정식을 구할 수 있다.",수학과 교육과정(별책8) p.121,high,
spine_std_mijeok1_02_06,achievement_standard,[12미적Ⅰ-02-06],고등학교,고2-3,일반 선택 과목,미분,미적분Ⅰ,12미적Ⅰ-02-06,"함수에 대한 평균값 정리를 설명하고, 이를 활용할 수 있다.",수학과 교육과정(별책8) p.121,high,
spine_std_mijeok1_02_07,achievement_standard,[12미적Ⅰ-02-07],고등학교,고2-3,일반 선택 과목,미분,미적분Ⅰ,12미적Ⅰ-02-07,"함수의 증가와 감소, 극대와 극소를 판정하고 설명할 수 있다.",수학과 교육과정(별책8) p.121,high,
spine_std_mijeok1_02_08,achievement_standard,[12미적Ⅰ-02-08],고등학교,고2-3,일반 선택 과목,미분,미적분Ⅰ,12미적Ⅰ-02-08,함수의 그래프의 개형을 그릴 수 있다.,수학과 교육과정(별책8) p.121,high,
spine_std_mijeok1_02_09,achievement_standard,[12미적Ⅰ-02-09],고등학교,고2-3,일반 선택 과목,미분,미적분Ⅰ,12미적Ⅰ-02-09,방정식과 부등식에 대한 문제를 해결할 수 있다.,수학과 교육과정(별책8) p.121,high,
spine_std_mijeok1_02_10,achievement_standard,[12미적Ⅰ-02-10],고등학교,고2-3,일반 선택 과목,미분,미적분Ⅰ,12미적Ⅰ-02-10,"미분을 속도와 가속도에 대한 문제에 활용하고, 그 유용성을 인식할 수 있다.",수학과 교육과정(별책8) p.121,high,
spine_std_mijeok1_03_01,achievement_standard,[12미적Ⅰ-03-01],고등학교,고2-3,일반 선택 과목,적분,미적분Ⅰ,12미적Ⅰ-03-01,"부정적분의 뜻을 알고, 이를 설명할 수 있다.",수학과 교육과정(별책8) p.122,high,
spine_std_mijeok1_03_02,achievement_standard,[12미적Ⅰ-03-02],고등학교,고2-3,일반 선택 과목,적분,미적분Ⅰ,12미적Ⅰ-03-02,"함수의 실수배, 합, 차의 부정적분을 알고, 다항함수의 부정적분을 구할 수 있다.",수학과 교육과정(별책8) p.122,high,
spine_std_mijeok1_03_03,achievement_standard,[12미적Ⅰ-03-03],고등학교,고2-3,일반 선택 과목,적분,미적분Ⅰ,12미적Ⅰ-03-03,"정적분의 개념을 탐구하고, 그 성질을 이해한다.",수학과 교육과정(별책8) p.122,high,
spine_std_mijeok1_03_04,achievement_standard,[12미적Ⅰ-03-04],고등학교,고2-3,일반 선택 과목,적분,미적분Ⅰ,12미적Ⅰ-03-04,"부정적분과 정적분의 관계를 이해하고, 다항함수의 정적분을 구할 수 있다.",수학과 교육과정(별책8) p.122,high,
spine_std_mijeok1_03_05,achievement_standard,[12미적Ⅰ-03-05],고등학교,고2-3,일반 선택 과목,적분,미적분Ⅰ,12미적Ⅰ-03-05,곡선으로 둘러싸인 도형의 넓이에 대한 문제를 해결할 수 있다.,수학과 교육과정(별책8) p.122,high,
spine_std_mijeok1_03_06,achievement_standard,[12미적Ⅰ-03-06],고등학교,고2-3,일반 선택 과목,적분,미적분Ⅰ,12미적Ⅰ-03-06,"적분을 속도와 거리에 대한 문제에 활용하고, 그 유용성을 인식할 수 있다.",수학과 교육과정(별책8) p.122,high,
spine_std_hwaktong_01_01,achievement_standard,[12확통01-01],고등학교,고2-3,일반 선택 과목,경우의 수,확률과 통계,12확통01-01,"중복순열, 같은 것이 있는 순열을 이해하고, 그 순열의 수를 구하는 방법을 설명할 수 있다.",수학과 교육과정(별책8) p.134,high,
spine_std_hwaktong_01_02,achievement_standard,[12확통01-02],고등학교,고2-3,일반 선택 과목,경우의 수,확률과 통계,12확통01-02,"중복조합을 이해하고, 중복조합의 수를 구하는 방법을 설명할 수 있다.",수학과 교육과정(별책8) p.134,high,
spine_std_hwaktong_01_03,achievement_standard,[12확통01-03],고등학교,고2-3,일반 선택 과목,경우의 수,확률과 통계,12확통01-03,"이항정리를 이해하고, 이를 활용하여 문제를 해결할 수 있다.",수학과 교육과정(별책8) p.134,high,
spine_std_hwaktong_02_01,achievement_standard,[12확통02-01],고등학교,고2-3,일반 선택 과목,확률,확률과 통계,12확통02-01,확률의 개념을 이해하고 기본 성질을 설명할 수 있다.,수학과 교육과정(별책8) p.135,high,
spine_std_hwaktong_02_02,achievement_standard,[12확통02-02],고등학교,고2-3,일반 선택 과목,확률,확률과 통계,12확통02-02,"확률의 덧셈정리를 이해하고, 이를 활용하여 문제를 해결할 수 있다.",수학과 교육과정(별책8) p.135,high,
spine_std_hwaktong_02_03,achievement_standard,[12확통02-03],고등학교,고2-3,일반 선택 과목,확률,확률과 통계,12확통02-03,"여사건의 확률을 이해하고, 이를 활용하여 문제를 해결할 수 있다.",수학과 교육과정(별책8) p.135,high,
spine_std_hwaktong_02_04,achievement_standard,[12확통02-04],고등학교,고2-3,일반 선택 과목,확률,확률과 통계,12확통02-04,"조건부확률을 이해하고, 이를 실생활과 연결하여 문제를 해결할 수 있다.",수학과 교육과정(별책8) p.135,high,
spine_std_hwaktong_02_05,achievement_standard,[12확통02-05],고등학교,고2-3,일반 선택 과목,확률,확률과 통계,12확통02-05,"사건의 독립과 종속을 이해하고, 이를 판단할 수 있다.",수학과 교육과정(별책8) p.135,high,
spine_std_hwaktong_02_06,achievement_standard,[12확통02-06],고등학교,고2-3,일반 선택 과목,확률,확률과 통계,12확통02-06,"확률의 곱셈정리를 이해하고, 이를 활용하여 문제를 해결할 수 있다.",수학과 교육과정(별책8) p.135,high,
spine_std_hwaktong_03_01,achievement_standard,[12확통03-01],고등학교,고2-3,일반 선택 과목,통계,확률과 통계,12확통03-01,확률변수와 확률분포의 뜻을 설명할 수 있다.,수학과 교육과정(별책8) p.136,high,
spine_std_hwaktong_03_02,achievement_standard,[12확통03-02],고등학교,고2-3,일반 선택 과목,통계,확률과 통계,12확통03-02,이산확률변수의 기댓값(평균)과 표준편차를 구할 수 있다.,수학과 교육과정(별책8) p.136,high,
spine_std_hwaktong_03_03,achievement_standard,[12확통03-03],고등학교,고2-3,일반 선택 과목,통계,확률과 통계,12확통03-03,"이항분포의 뜻과 성질을 이해하고, 평균과 표준편차를 구할 수 있다.",수학과 교육과정(별책8) p.136,high,
spine_std_hwaktong_03_04,achievement_standard,[12확통03-04],고등학교,고2-3,일반 선택 과목,통계,확률과 통계,12확통03-04,"정규분포의 뜻과 성질을 이해하고, 이항분포와의 관계를 설명할 수 있다.",수학과 교육과정(별책8) p.136,high,
spine_std_hwaktong_03_05,achievement_standard,[12확통03-05],고등학교,고2-3,일반 선택 과목,통계,확률과 통계,12확통03-05,"모집단과 표본의 뜻을 알고, 표본추출의 방법을 설명할 수 있다.",수학과 교육과정(별책8) p.136,high,
spine_std_hwaktong_03_06,achievement_standard,[12확통03-06],고등학교,고2-3,일반 선택 과목,통계,확률과 통계,12확통03-06,"표본평균과 모평균, 표본비율과 모비율의 관계를 이해하고 설명할 수 있다.",수학과 교육과정(별책8) p.136,high,
spine_std_hwaktong_03_07,achievement_standard,[12확통03-07],고등학교,고2-3,일반 선택 과목,통계,확률과 통계,12확통03-07,공학 도구를 이용하여 모평균 및 모비율을 추정하고 그 결과를 해석할 수 있다.,수학과 교육과정(별책8) p.136,high,
spine_std_mijeok2_01_01,achievement_standard,[12미적Ⅱ-01-01],고등학교,고2-3,진로 선택 과목,수열의 극한,미적분Ⅱ,12미적Ⅱ-01-01,"수열의 수렴, 발산의 뜻을 알고, 이를 판정할 수 있다.",수학과 교육과정(별책8) p.150,high,
spine_std_mijeok2_01_02,achievement_standard,[12미적Ⅱ-01-02],고등학교,고2-3,진로 선택 과목,수열의 극한,미적분Ⅱ,12미적Ⅱ-01-02,"수열의 극한에 대한 성질을 이해하고, 이를 활용하여 극한값을 구하는 방법을 설명할 수 있다.",수학과 교육과정(별책8) p.150,high,
spine_std_mijeok2_01_03,achievement_standard,[12미적Ⅱ-01-03],고등학교,고2-3,진로 선택 과목,수열의 극한,미적분Ⅱ,12미적Ⅱ-01-03,"등비수열의 수렴, 발산을 판정하고, 수렴하는 경우 그 극한값을 구할 수 있다.",수학과 교육과정(별책8) p.150,high,
spine_std_mijeok2_01_04,achievement_standard,[12미적Ⅱ-01-04],고등학교,고2-3,진로 선택 과목,수열의 극한,미적분Ⅱ,12미적Ⅱ-01-04,"급수의 수렴, 발산의 뜻을 알고, 이를 판정할 수 있다.",수학과 교육과정(별책8) p.150,high,
spine_std_mijeok2_01_05,achievement_standard,[12미적Ⅱ-01-05],고등학교,고2-3,진로 선택 과목,수열의 극한,미적분Ⅱ,12미적Ⅱ-01-05,"등비급수의 합을 구하고, 이를 활용할 수 있다.",수학과 교육과정(별책8) p.150,high,
spine_std_mijeok2_02_01,achievement_standard,[12미적Ⅱ-02-01],고등학교,고2-3,진로 선택 과목,미분법,미적분Ⅱ,12미적Ⅱ-02-01,지수함수와 로그함수의 극한을 구하고 미분할 수 있다.,수학과 교육과정(별책8) p.151,high,
spine_std_mijeok2_02_02,achievement_standard,[12미적Ⅱ-02-02],고등학교,고2-3,진로 선택 과목,미분법,미적분Ⅱ,12미적Ⅱ-02-02,"삼각함수의 덧셈정리를 설명하고, 이를 활용할 수 있다.",수학과 교육과정(별책8) p.151,high,
spine_std_mijeok2_02_03,achievement_standard,[12미적Ⅱ-02-03],고등학교,고2-3,진로 선택 과목,미분법,미적분Ⅱ,12미적Ⅱ-02-03,"삼각함수의 극한을 구하고, 사인함수와 코사인함수를 미분할 수 있다.",수학과 교육과정(별책8) p.151,high,
spine_std_mijeok2_02_04,achievement_standard,[12미적Ⅱ-02-04],고등학교,고2-3,진로 선택 과목,미분법,미적분Ⅱ,12미적Ⅱ-02-04,함수의 몫을 미분할 수 있다.,수학과 교육과정(별책8) p.151,high,
spine_std_mijeok2_02_05,achievement_standard,[12미적Ⅱ-02-05],고등학교,고2-3,진로 선택 과목,미분법,미적분Ⅱ,12미적Ⅱ-02-05,합성함수를 미분할 수 있다.,수학과 교육과정(별책8) p.151,high,
spine_std_mijeok2_02_06,achievement_standard,[12미적Ⅱ-02-06],고등학교,고2-3,진로 선택 과목,미분법,미적분Ⅱ,12미적Ⅱ-02-06,매개변수로 나타낸 함수를 미분할 수 있다.,수학과 교육과정(별책8) p.151,high,
spine_std_mijeok2_02_07,achievement_standard,[12미적Ⅱ-02-07],고등학교,고2-3,진로 선택 과목,미분법,미적분Ⅱ,12미적Ⅱ-02-07,음함수와 역함수를 미분할 수 있다.,수학과 교육과정(별책8) p.151,high,
spine_std_mijeok2_02_08,achievement_standard,[12미적Ⅱ-02-08],고등학교,고2-3,진로 선택 과목,미분법,미적분Ⅱ,12미적Ⅱ-02-08,다양한 곡선의 접선의 방정식을 구할 수 있다.,수학과 교육과정(별책8) p.151,high,
spine_std_mijeok2_02_09,achievement_standard,[12미적Ⅱ-02-09],고등학교,고2-3,진로 선택 과목,미분법,미적분Ⅱ,12미적Ⅱ-02-09,함수의 그래프의 개형을 그릴 수 있다.,수학과 교육과정(별책8) p.151,high,
spine_std_mijeok2_02_10,achievement_standard,[12미적Ⅱ-02-10],고등학교,고2-3,진로 선택 과목,미분법,미적분Ⅱ,12미적Ⅱ-02-10,방정식과 부등식에 대한 문제를 해결할 수 있다.,수학과 교육과정(별책8) p.151,high,
spine_std_mijeok2_02_11,achievement_standard,[12미적Ⅱ-02-11],고등학교,고2-3,진로 선택 과목,미분법,미적분Ⅱ,12미적Ⅱ-02-11,"미분을 속도와 가속도에 대한 문제에 활용하고, 그 유용성을 인식할 수 있다.",수학과 교육과정(별책8) p.151,high,
spine_std_mijeok2_03_01,achievement_standard,[12미적Ⅱ-03-01],고등학교,고2-3,진로 선택 과목,적분법,미적분Ⅱ,12미적Ⅱ-03-01,"(은 실수), 지수함수, 삼각함수의 부정적분과 정적분을 구할 수 있다.",수학과 교육과정(별책8) p.152,high,
spine_std_mijeok2_03_02,achievement_standard,[12미적Ⅱ-03-02],고등학교,고2-3,진로 선택 과목,적분법,미적분Ⅱ,12미적Ⅱ-03-02,"치환적분법을 이해하고, 이를 활용할 수 있다.",수학과 교육과정(별책8) p.152,high,
spine_std_mijeok2_03_03,achievement_standard,[12미적Ⅱ-03-03],고등학교,고2-3,진로 선택 과목,적분법,미적분Ⅱ,12미적Ⅱ-03-03,"부분적분법을 이해하고, 이를 활용할 수 있다.",수학과 교육과정(별책8) p.152,high,
spine_std_mijeok2_03_04,achievement_standard,[12미적Ⅱ-03-04],고등학교,고2-3,진로 선택 과목,적분법,미적분Ⅱ,12미적Ⅱ-03-04,정적분과 급수의 합 사이의 관계를 탐구하고 이해한다.,수학과 교육과정(별책8) p.152,high,
spine_std_mijeok2_03_05,achievement_standard,[12미적Ⅱ-03-05],고등학교,고2-3,진로 선택 과목,적분법,미적분Ⅱ,12미적Ⅱ-03-05,곡선으로 둘러싸인 도형의 넓이에 대한 문제를 해결할 수 있다.,수학과 교육과정(별책8) p.152,high,
spine_std_mijeok2_03_06,achievement_standard,[12미적Ⅱ-03-06],고등학교,고2-3,진로 선택 과목,적분법,미적분Ⅱ,12미적Ⅱ-03-06,입체도형의 부피에 대한 문제를 해결할 수 있다.,수학과 교육과정(별책8) p.152,high,
spine_std_mijeok2_03_07,achievement_standard,[12미적Ⅱ-03-07],고등학교,고2-3,진로 선택 과목,적분법,미적분Ⅱ,12미적Ⅱ-03-07,"적분을 속도와 거리에 대한 문제에 활용하고, 그 유용성을 인식할 수 있다.",수학과 교육과정(별책8) p.152,high,
spine_std_giha_01_01,achievement_standard,[12기하01-01],고등학교,고2-3,진로 선택 과목,이차곡선,기하,12기하01-01,"포물선의 뜻을 알고, 포물선을 방정식으로 표현할 수 있다.",수학과 교육과정(별책8) p.164,high,
spine_std_giha_01_02,achievement_standard,[12기하01-02],고등학교,고2-3,진로 선택 과목,이차곡선,기하,12기하01-02,"타원의 뜻을 알고, 타원을 방정식으로 표현할 수 있다.",수학과 교육과정(별책8) p.164,high,
spine_std_giha_01_03,achievement_standard,[12기하01-03],고등학교,고2-3,진로 선택 과목,이차곡선,기하,12기하01-03,"쌍곡선의 뜻을 알고, 쌍곡선을 방정식으로 표현할 수 있다.",수학과 교육과정(별책8) p.164,high,
spine_std_giha_01_04,achievement_standard,[12기하01-04],고등학교,고2-3,진로 선택 과목,이차곡선,기하,12기하01-04,이차곡선의 접선의 방정식을 구할 수 있다.,수학과 교육과정(별책8) p.164,high,
spine_std_giha_02_01,achievement_standard,[12기하02-01],고등학교,고2-3,진로 선택 과목,공간도형과 공간좌표,기하,12기하02-01,"직선과 직선, 직선과 평면, 평면과 평면의 위치 관계에 대한 간단한 증명을 할 수 있다.",수학과 교육과정(별책8) p.165,high,
spine_std_giha_02_02,achievement_standard,[12기하02-02],고등학교,고2-3,진로 선택 과목,공간도형과 공간좌표,기하,12기하02-02,"삼수선 정리를 이해하고, 이를 활용하여 문제를 해결할 수 있다.",수학과 교육과정(별책8) p.165,high,
spine_std_giha_02_03,achievement_standard,[12기하02-03],고등학교,고2-3,진로 선택 과목,공간도형과 공간좌표,기하,12기하02-03,"도형의 정사영의 뜻을 알고, 도형과 정사영의 관계를 탐구할 수 있다.",수학과 교육과정(별책8) p.165,high,
spine_std_giha_02_04,achievement_standard,[12기하02-04],고등학교,고2-3,진로 선택 과목,공간도형과 공간좌표,기하,12기하02-04,좌표공간에서 두 점 사이의 거리와 선분의 내분점의 좌표를 구할 수 있다.,수학과 교육과정(별책8) p.165,high,
spine_std_giha_02_05,achievement_standard,[12기하02-05],고등학교,고2-3,진로 선택 과목,공간도형과 공간좌표,기하,12기하02-05,구를 방정식으로 표현할 수 있다.,수학과 교육과정(별책8) p.165,high,
spine_std_giha_03_01,achievement_standard,[12기하03-01],고등학교,고2-3,진로 선택 과목,벡터,기하,12기하03-01,"벡터의 뜻을 알고, 벡터의 덧셈, 뺄셈, 실수배를 할 수 있다.",수학과 교육과정(별책8) p.166,high,
spine_std_giha_03_02,achievement_standard,[12기하03-02],고등학교,고2-3,진로 선택 과목,벡터,기하,12기하03-02,"위치벡터의 뜻을 알고, 벡터와 좌표를 대응시켜 표현할 수 있다.",수학과 교육과정(별책8) p.166,high,
spine_std_giha_03_03,achievement_standard,[12기하03-03],고등학교,고2-3,진로 선택 과목,벡터,기하,12기하03-03,"내적의 뜻을 알고, 두 벡터의 내적을 구할 수 있다.",수학과 교육과정(별책8) p.166,high,
spine_std_giha_03_04,achievement_standard,[12기하03-04],고등학교,고2-3,진로 선택 과목,벡터,기하,12기하03-04,벡터를 이용하여 직선의 방정식을 구할 수 있다.,수학과 교육과정(별책8) p.166,high,
spine_std_giha_03_05,achievement_standard,[12기하03-05],고등학교,고2-3,진로 선택 과목,벡터,기하,12기하03-05,좌표공간에서 벡터를 이용하여 평면의 방정식과 구의 방정식을 구할 수 있다.,수학과 교육과정(별책8) p.166,high,
spine_std_gyeongsu_01_01,achievement_standard,[12경수01-01],고등학교,고2-3,진로 선택 과목,수와 경제,경제 수학,12경수01-01,"통계 자료를 활용하여 경제지표의 의미를 이해하고, 경제지표의 변화를 설명할 수 있다.",수학과 교육과정(별책8) p.178,high,
spine_std_gyeongsu_01_02,achievement_standard,[12경수01-02],고등학교,고2-3,진로 선택 과목,수와 경제,경제 수학,12경수01-02,환율과 관련된 실생활 문제를 해결할 수 있다.,수학과 교육과정(별책8) p.178,high,
spine_std_gyeongsu_01_03,achievement_standard,[12경수01-03],고등학교,고2-3,진로 선택 과목,수와 경제,경제 수학,12경수01-03,세금과 관련된 실생활 문제를 해결할 수 있다.,수학과 교육과정(별책8) p.178,high,
spine_std_gyeongsu_01_04,achievement_standard,[12경수01-04],고등학교,고2-3,진로 선택 과목,수와 경제,경제 수학,12경수01-04,"단리와 복리를 이용하여 이자와 원리합계를 구하고, 미래에 받을 금액의 현재가치를 구할 수 있다.",수학과 교육과정(별책8) p.178,high,
spine_std_gyeongsu_01_05,achievement_standard,[12경수01-05],고등학교,고2-3,진로 선택 과목,수와 경제,경제 수학,12경수01-05,"연금의 뜻을 알고, 연금의 현재가치를 구할 수 있다.",수학과 교육과정(별책8) p.178,high,
spine_std_gyeongsu_02_01,achievement_standard,[12경수02-01],고등학교,고2-3,진로 선택 과목,함수와 경제,경제 수학,12경수02-01,여러 가지 경제 현상을 함수로 나타낼 수 있다.,수학과 교육과정(별책8) p.179,high,
spine_std_gyeongsu_02_02,achievement_standard,[12경수02-02],고등학교,고2-3,진로 선택 과목,함수와 경제,경제 수학,12경수02-02,함수와 그래프를 활용하여 수요곡선과 공급곡선의 의미를 탐구하고 이해한다.,수학과 교육과정(별책8) p.179,high,
spine_std_gyeongsu_02_03,achievement_standard,[12경수02-03],고등학교,고2-3,진로 선택 과목,함수와 경제,경제 수학,12경수02-03,"효용의 의미를 이해하고, 효용을 함수와 그래프로 나타낼 수 있다.",수학과 교육과정(별책8) p.179,high,
spine_std_gyeongsu_02_04,achievement_standard,[12경수02-04],고등학교,고2-3,진로 선택 과목,함수와 경제,경제 수학,12경수02-04,수요와 공급의 상호 작용에 의해 균형가격이 결정되는 경제 현상을 설명할 수 있다.,수학과 교육과정(별책8) p.179,high,
spine_std_gyeongsu_02_05,achievement_standard,[12경수02-05],고등학교,고2-3,진로 선택 과목,함수와 경제,경제 수학,12경수02-05,세금과 소득의 변화가 균형가격에 미치는 영향을 탐구하고 이해한다.,수학과 교육과정(별책8) p.179,high,
spine_std_gyeongsu_02_06,achievement_standard,[12경수02-06],고등학교,고2-3,진로 선택 과목,함수와 경제,경제 수학,12경수02-06,"부등식의 영역의 개념을 이해하고, 이를 활용하여 경제 현상의 문제를 해결할 수 있다.",수학과 교육과정(별책8) p.179,high,
spine_std_gyeongsu_03_01,achievement_standard,[12경수03-01],고등학교,고2-3,진로 선택 과목,행렬과 경제,경제 수학,12경수03-01,"여러 가지 경제 현상을 행렬로 나타내고, 연산할 수 있다.",수학과 교육과정(별책8) p.180,high,
spine_std_gyeongsu_03_02,achievement_standard,[12경수03-02],고등학교,고2-3,진로 선택 과목,행렬과 경제,경제 수학,12경수03-02,"역행렬의 뜻을 알고, × 행렬의 역행렬을 구할 수 있다.",수학과 교육과정(별책8) p.180,high,
spine_std_gyeongsu_03_03,achievement_standard,[12경수03-03],고등학교,고2-3,진로 선택 과목,행렬과 경제,경제 수학,12경수03-03,행렬의 연산과 역행렬을 활용하여 경제 현상의 문제를 해결할 수 있다.,수학과 교육과정(별책8) p.180,high,
spine_std_gyeongsu_04_01,achievement_standard,[12경수04-01],고등학교,고2-3,진로 선택 과목,미분과 경제,경제 수학,12경수04-01,미분의 개념을 이해하고 경제 현상을 나타내는 함수를 미분할 수 있다.,수학과 교육과정(별책8) p.180,high,
spine_std_gyeongsu_04_02,achievement_standard,[12경수04-02],고등학교,고2-3,진로 선택 과목,미분과 경제,경제 수학,12경수04-02,미분을 이용하여 그래프의 개형을 탐구하고 해석할 수 있다.,수학과 교육과정(별책8) p.180,high,
spine_std_gyeongsu_04_03,achievement_standard,[12경수04-03],고등학교,고2-3,진로 선택 과목,미분과 경제,경제 수학,12경수04-03,미분을 활용하여 탄력성의 의미를 탐구하고 이해한다.,수학과 교육과정(별책8) p.180,high,
spine_std_gyeongsu_04_04,achievement_standard,[12경수04-04],고등학교,고2-3,진로 선택 과목,미분과 경제,경제 수학,12경수04-04,미분을 활용하여 경제 현상의 최적화 문제를 해결할 수 있다.,수학과 교육과정(별책8) p.180,high,
spine_std_insu_01_01,achievement_standard,[12인수01-01],고등학교,고2-3,진로 선택 과목,인공지능과 빅데이터,인공지능 수학,12인수01-01,인공지능의 개념을 이해하고 학습 방식을 수학적으로 해석할 수 있다.,수학과 교육과정(별책8) p.192,high,
spine_std_insu_01_02,achievement_standard,[12인수01-02],고등학교,고2-3,진로 선택 과목,인공지능과 빅데이터,인공지능 수학,12인수01-02,인공지능에서 수학을 활용한 역사적 사례를 탐구하고 설명할 수 있다.,수학과 교육과정(별책8) p.192,high,
spine_std_insu_01_03,achievement_standard,[12인수01-03],고등학교,고2-3,진로 선택 과목,인공지능과 빅데이터,인공지능 수학,12인수01-03,빅데이터의 개념과 특성을 알고 인공지능에서 빅데이터를 활용한 사례를 찾을 수 있다.,수학과 교육과정(별책8) p.192,high,
spine_std_insu_02_01,achievement_standard,[12인수02-01],고등학교,고2-3,진로 선택 과목,텍스트 데이터 처리,인공지능 수학,12인수02-01,집합과 벡터를 이용하여 텍스트 데이터를 목적에 맞게 표현할 수 있다.,수학과 교육과정(별책8) p.193,high,
spine_std_insu_02_02,achievement_standard,[12인수02-02],고등학교,고2-3,진로 선택 과목,텍스트 데이터 처리,인공지능 수학,12인수02-02,빈도수 벡터를 이용하여 텍스트 데이터를 요약하고 유용한 정보를 추출할 수 있다.,수학과 교육과정(별책8) p.193,high,
spine_std_insu_02_03,achievement_standard,[12인수02-03],고등학교,고2-3,진로 선택 과목,텍스트 데이터 처리,인공지능 수학,12인수02-03,인공지능이 텍스트를 특성에 따라 분석하는 수학적 방법을 설명할 수 있다.,수학과 교육과정(별책8) p.193,high,
spine_std_insu_03_01,achievement_standard,[12인수03-01],고등학교,고2-3,진로 선택 과목,이미지 데이터 처리,인공지능 수학,12인수03-01,행렬을 이용하여 이미지 데이터를 목적에 맞게 표현할 수 있다.,수학과 교육과정(별책8) p.194,high,
spine_std_insu_03_02,achievement_standard,[12인수03-02],고등학교,고2-3,진로 선택 과목,이미지 데이터 처리,인공지능 수학,12인수03-02,행렬의 연산을 이용하여 이미지 데이터를 다양하게 변환할 수 있다.,수학과 교육과정(별책8) p.194,high,
spine_std_insu_03_03,achievement_standard,[12인수03-03],고등학교,고2-3,진로 선택 과목,이미지 데이터 처리,인공지능 수학,12인수03-03,인공지능이 이미지를 자동으로 분류하는 수학적 방법을 설명할 수 있다.,수학과 교육과정(별책8) p.194,high,
spine_std_insu_04_01,achievement_standard,[12인수04-01],고등학교,고2-3,진로 선택 과목,예측과 최적화,인공지능 수학,12인수04-01,데이터를 분석하여 사건이 일어날 확률을 구하고 이를 예측에 이용할 수 있다.,수학과 교육과정(별책8) p.194,high,
spine_std_insu_04_02,achievement_standard,[12인수04-02],고등학교,고2-3,진로 선택 과목,예측과 최적화,인공지능 수학,12인수04-02,공학 도구를 사용하여 데이터의 경향성을 추세선으로 나타내고 이를 예측에 이용할 수 있다.,수학과 교육과정(별책8) p.194,high,
spine_std_insu_04_03,achievement_standard,[12인수04-03],고등학교,고2-3,진로 선택 과목,예측과 최적화,인공지능 수학,12인수04-03,손실함수를 이해하고 최적화된 추세선을 찾을 수 있다.,수학과 교육과정(별책8) p.194,high,
spine_std_insu_04_04,achievement_standard,[12인수04-04],고등학교,고2-3,진로 선택 과목,예측과 최적화,인공지능 수학,12인수04-04,경사하강법을 이해하고 최적화된 예측을 위한 인공지능의 학습 방법을 설명할 수 있다.,수학과 교육과정(별책8) p.194,high,
spine_std_insu_05_01,achievement_standard,[12인수05-01],고등학교,고2-3,진로 선택 과목,인공지능과 수학 탐구,인공지능 수학,12인수05-01,수학적 원리를 이용하여 인공지능이 실생활 문제를 합리적으로 해결하는 사례를 찾을 수 있다.,수학과 교육과정(별책8) p.195,high,
spine_std_insu_05_02,achievement_standard,[12인수05-02],고등학교,고2-3,진로 선택 과목,인공지능과 수학 탐구,인공지능 수학,12인수05-02,인공지능과 관련된 수학 주제를 선정하여 탐구할 수 있다.,수학과 교육과정(별책8) p.195,high,
spine_std_jiksu_01_01,achievement_standard,[12직수01-01],고등학교,고2-3,진로 선택 과목,수와 연산,직무 수학,12직수01-01,직무 상황에서 수 개념과 사칙연산의 문제를 해결하고 그 유용성을 인식할 수 있다.,수학과 교육과정(별책8) p.207,high,
spine_std_jiksu_01_02,achievement_standard,[12직수01-02],고등학교,고2-3,진로 선택 과목,수와 연산,직무 수학,12직수01-02,"큰 수를 어림하여 문제를 해결하고, 어림값을 이용하여 수의 크기를 비교할 수 있다.",수학과 교육과정(별책8) p.207,high,
spine_std_jiksu_01_03,achievement_standard,[12직수01-03],고등학교,고2-3,진로 선택 과목,수와 연산,직무 수학,12직수01-03,"시간, 길이, 무게, 들이의 표준 단위를 알고, 단위를 환산할 수 있다.",수학과 교육과정(별책8) p.207,high,
spine_std_jiksu_02_01,achievement_standard,[12직수02-01],고등학교,고2-3,진로 선택 과목,변화와 관계,직무 수학,12직수02-01,비의 개념을 직무 상황에 연결하여 적용할 수 있다.,수학과 교육과정(별책8) p.208,high,
spine_std_jiksu_02_02,achievement_standard,[12직수02-02],고등학교,고2-3,진로 선택 과목,변화와 관계,직무 수학,12직수02-02,비율을 백분율로 표현할 수 있고 직무 상황에 연결하여 적용할 수 있다.,수학과 교육과정(별책8) p.208,high,
spine_std_jiksu_02_03,achievement_standard,[12직수02-03],고등학교,고2-3,진로 선택 과목,변화와 관계,직무 수학,12직수02-03,두 양 사이의 대응 관계를 나타낸 표에서 규칙을 찾아 설명할 수 있다.,수학과 교육과정(별책8) p.208,high,
spine_std_jiksu_02_04,achievement_standard,[12직수02-04],고등학교,고2-3,진로 선택 과목,변화와 관계,직무 수학,12직수02-04,"증가와 감소, 주기적 변화 등의 관계를 나타내는 그래프를 설명할 수 있다.",수학과 교육과정(별책8) p.208,high,
spine_std_jiksu_02_05,achievement_standard,[12직수02-05],고등학교,고2-3,진로 선택 과목,변화와 관계,직무 수학,12직수02-05,일차방정식 또는 일차부등식을 활용하여 직무 상황의 문제를 해결할 수 있다.,수학과 교육과정(별책8) p.208,high,
spine_std_jiksu_03_01,achievement_standard,[12직수03-01],고등학교,고2-3,진로 선택 과목,도형과 측정,직무 수학,12직수03-01,"입체도형의 겨냥도와 전개도를 그릴 수 있고, 겨냥도와 전개도를 이용하여 입체도형의 모양을 만들 수 있다.",수학과 교육과정(별책8) p.209,high,
spine_std_jiksu_03_02,achievement_standard,[12직수03-02],고등학교,고2-3,진로 선택 과목,도형과 측정,직무 수학,12직수03-02,"입체도형의 위, 앞, 옆에서 본 모양을 표현할 수 있고, 이러한 표현을 보고 입체 도형의 모양을 판별할 수 있다.",수학과 교육과정(별책8) p.209,high,
spine_std_jiksu_03_03,achievement_standard,[12직수03-03],고등학교,고2-3,진로 선택 과목,도형과 측정,직무 수학,12직수03-03,"도형의 이동, 합동과 닮음을 직무 상황에 연결하여 문제를 해결할 수 있다.",수학과 교육과정(별책8) p.209,high,
spine_std_jiksu_03_04,achievement_standard,[12직수03-04],고등학교,고2-3,진로 선택 과목,도형과 측정,직무 수학,12직수03-04,직무 상황에서 나타나는 평면도형의 둘레와 넓이를 구할 수 있다.,수학과 교육과정(별책8) p.209,high,
spine_std_jiksu_03_05,achievement_standard,[12직수03-05],고등학교,고2-3,진로 선택 과목,도형과 측정,직무 수학,12직수03-05,직무 상황에서 나타나는 입체도형의 겉넓이와 부피를 구할 수 있다.,수학과 교육과정(별책8) p.209,high,
spine_std_jiksu_04_01,achievement_standard,[12직수04-01],고등학교,고2-3,진로 선택 과목,자료와 가능성,직무 수학,12직수04-01,직무 상황에서 경우의 수를 구할 수 있다.,수학과 교육과정(별책8) p.210,high,
spine_std_jiksu_04_02,achievement_standard,[12직수04-02],고등학교,고2-3,진로 선택 과목,자료와 가능성,직무 수학,12직수04-02,어떤 현상이 나타날 가능성을 수치화하여 설명할 수 있다.,수학과 교육과정(별책8) p.210,high,
spine_std_jiksu_04_03,achievement_standard,[12직수04-03],고등학교,고2-3,진로 선택 과목,자료와 가능성,직무 수학,12직수04-03,직무 상황의 자료를 목적에 맞게 표와 그래프로 정리할 수 있다.,수학과 교육과정(별책8) p.210,high,
spine_std_jiksu_04_04,achievement_standard,[12직수04-04],고등학교,고2-3,진로 선택 과목,자료와 가능성,직무 수학,12직수04-04,직무 상황의 다양한 표와 그래프를 해석할 수 있다.,수학과 교육과정(별책8) p.210,high,
spine_std_jiksu_04_05,achievement_standard,[12직수04-05],고등학교,고2-3,진로 선택 과목,자료와 가능성,직무 수학,12직수04-05,"다양한 자료의 특성을 파악하여, 직무 목적에 적합한 표나 그래프로 나타내고 합리적인 의사 결정을 할 수 있다.",수학과 교육과정(별책8) p.210,high,
spine_std_sumun_01_01,achievement_standard,[12수문01-01],고등학교,고2-3,융합 선택 과목,예술과 수학,수학과 문화,12수문01-01,"음악과 관련된 수학적 내용을 조사하고, 관련 활동을 수행할 수 있다.",수학과 교육과정(별책8) p.224,high,
spine_std_sumun_01_02,achievement_standard,[12수문01-02],고등학교,고2-3,융합 선택 과목,예술과 수학,수학과 문화,12수문01-02,"미술과 관련된 수학적 내용을 조사하고, 관련 활동을 수행할 수 있다.",수학과 교육과정(별책8) p.224,high,
spine_std_sumun_01_03,achievement_standard,[12수문01-03],고등학교,고2-3,융합 선택 과목,예술과 수학,수학과 문화,12수문01-03,"문학과 관련된 수학적 내용을 조사하고, 관련 활동을 수행할 수 있다.",수학과 교육과정(별책8) p.224,high,
spine_std_sumun_01_04,achievement_standard,[12수문01-04],고등학교,고2-3,융합 선택 과목,예술과 수학,수학과 문화,12수문01-04,"영화와 관련된 수학적 내용을 조사하고, 관련 활동을 수행할 수 있다.",수학과 교육과정(별책8) p.224,high,
spine_std_sumun_02_01,achievement_standard,[12수문02-01],고등학교,고2-3,융합 선택 과목,생활과 수학,수학과 문화,12수문02-01,스포츠와 관련된 수학적 내용을 조사하여 그 유용성을 인식할 수 있다.,수학과 교육과정(별책8) p.225,high,
spine_std_sumun_02_02,achievement_standard,[12수문02-02],고등학교,고2-3,융합 선택 과목,생활과 수학,수학과 문화,12수문02-02,게임과 관련된 수학적 내용을 조사하고 관련 활동을 수행할 수 있다.,수학과 교육과정(별책8) p.225,high,
spine_std_sumun_02_03,achievement_standard,[12수문02-03],고등학교,고2-3,융합 선택 과목,생활과 수학,수학과 문화,12수문02-03,디지털 기술에 활용된 수학적 내용을 조사하여 설명할 수 있다.,수학과 교육과정(별책8) p.225,high,
spine_std_sumun_02_04,achievement_standard,[12수문02-04],고등학교,고2-3,융합 선택 과목,생활과 수학,수학과 문화,12수문02-04,투표와 관련된 수학적 내용을 조사하고 이를 활용하여 합리적 의사 결정을 위한 방법을 제안할 수 있다.,수학과 교육과정(별책8) p.225,high,
spine_std_sumun_03_01,achievement_standard,[12수문03-01],고등학교,고2-3,융합 선택 과목,사회와 수학,수학과 문화,12수문03-01,민속 수학과 건축 양식 속에 나타난 수학적 원리에 대해 탐구하고 문화 다양성을 이해한다.,수학과 교육과정(별책8) p.226,high,
spine_std_sumun_03_02,achievement_standard,[12수문03-02],고등학교,고2-3,융합 선택 과목,사회와 수학,수학과 문화,12수문03-02,점자표에 사용된 수학적 원리에 대해 탐구하고 이를 활용하여 산출물을 설계할 수 있다.,수학과 교육과정(별책8) p.226,high,
spine_std_sumun_03_03,achievement_standard,[12수문03-03],고등학교,고2-3,융합 선택 과목,사회와 수학,수학과 문화,12수문03-03,"대중매체로부터 얻은 데이터를 정리, 분석하여 그 의미와 가치를 해석할 수 있다.",수학과 교육과정(별책8) p.226,high,
spine_std_sumun_03_04,achievement_standard,[12수문03-04],고등학교,고2-3,융합 선택 과목,사회와 수학,수학과 문화,12수문03-04,가치소비를 위한 의사 결정 방법을 탐구하고 실천 방법을 제시할 수 있다.,수학과 교육과정(별책8) p.226,high,
spine_std_sumun_04_01,achievement_standard,[12수문04-01],고등학교,고2-3,융합 선택 과목,환경과 수학,수학과 문화,12수문04-01,식생활과 관련된 문제를 수학적으로 분석하고 이를 개선하기 위한 방법을 제안할 수 있다.,수학과 교육과정(별책8) p.227,high,
spine_std_sumun_04_02,achievement_standard,[12수문04-02],고등학교,고2-3,융합 선택 과목,환경과 수학,수학과 문화,12수문04-02,대기 오염과 관련된 문제를 수학적으로 분석하고 이를 개선하기 위한 방법을 제안할 수 있다.,수학과 교육과정(별책8) p.227,high,
spine_std_sumun_04_03,achievement_standard,[12수문04-03],고등학교,고2-3,융합 선택 과목,환경과 수학,수학과 문화,12수문04-03,사막화 현상과 관련된 문제를 수학적으로 분석하고 이를 개선하기 위한 방법을 제안 할 수 있다.,수학과 교육과정(별책8) p.227,high,
spine_std_sumun_04_04,achievement_standard,[12수문04-04],고등학교,고2-3,융합 선택 과목,환경과 수학,수학과 문화,12수문04-04,생물 다양성과 생명권 관련 자료를 수학적으로 분석하고 이를 통해 생태 감수성을 함양할 수 있다.,수학과 교육과정(별책8) p.227,high,
spine_std_siltong_01_01,achievement_standard,[12실통01-01],고등학교,고2-3,융합 선택 과목,통계와 통계적 문제,실용 통계,12실통01-01,통계와 통계적 방법의 유용성과 필요성을 인식할 수 있다.,수학과 교육과정(별책8) p.239,high,
spine_std_siltong_01_02,achievement_standard,[12실통01-02],고등학교,고2-3,융합 선택 과목,통계와 통계적 문제,실용 통계,12실통01-02,통계적 문제해결 과정을 이해하고 각 단계의 역할을 설명할 수 있다.,수학과 교육과정(별책8) p.239,high,
spine_std_siltong_01_03,achievement_standard,[12실통01-03],고등학교,고2-3,융합 선택 과목,통계와 통계적 문제,실용 통계,12실통01-03,"모집단과 표본의 뜻을 알고, 표본추출의 방법을 이해하여 문제 상황에 맞는 방법을 선택할 수 있다.",수학과 교육과정(별책8) p.239,high,
spine_std_siltong_02_01,achievement_standard,[12실통02-01],고등학교,고2-3,융합 선택 과목,자료의 수집과 정리,실용 통계,12실통02-01,자료의 종류를 알고 설명할 수 있다.,수학과 교육과정(별책8) p.240,high,
spine_std_siltong_02_02,achievement_standard,[12실통02-02],고등학교,고2-3,융합 선택 과목,자료의 수집과 정리,실용 통계,12실통02-02,자료의 수집 방법을 이해하고 문제 상황에 맞는 자료 수집 방법을 선택할 수 있다.,수학과 교육과정(별책8) p.240,high,
spine_std_siltong_02_03,achievement_standard,[12실통02-03],고등학교,고2-3,융합 선택 과목,자료의 수집과 정리,실용 통계,12실통02-03,그래프의 종류를 알고 자료의 특성을 나타내는 적절한 그래프를 그릴 수 있다.,수학과 교육과정(별책8) p.240,high,
spine_std_siltong_02_04,achievement_standard,[12실통02-04],고등학교,고2-3,융합 선택 과목,자료의 수집과 정리,실용 통계,12실통02-04,대푯값과 산포도의 종류를 알고 자료의 특성을 나타내는 값으로 요약할 수 있다.,수학과 교육과정(별책8) p.240,high,
spine_std_siltong_03_01,achievement_standard,[12실통03-01],고등학교,고2-3,융합 선택 과목,자료의 분석,실용 통계,12실통03-01,정규분포와 t분포를 공학 도구를 이용하여 탐구할 수 있다.,수학과 교육과정(별책8) p.241,high,
spine_std_siltong_03_02,achievement_standard,[12실통03-02],고등학교,고2-3,융합 선택 과목,자료의 분석,실용 통계,12실통03-02,실생활에서 공학 도구를 이용하여 모평균을 추정할 수 있다.,수학과 교육과정(별책8) p.241,high,
spine_std_siltong_03_03,achievement_standard,[12실통03-03],고등학교,고2-3,융합 선택 과목,자료의 분석,실용 통계,12실통03-03,실생활에서 공학 도구를 이용하여 모비율을 추정할 수 있다.,수학과 교육과정(별책8) p.241,high,
spine_std_siltong_03_04,achievement_standard,[12실통03-04],고등학교,고2-3,융합 선택 과목,자료의 분석,실용 통계,12실통03-04,"가설검정을 이해하고, 실생활에서 공학 도구를 이용하여 가설을 검정할 수 있다.",수학과 교육과정(별책8) p.241,high,
spine_std_siltong_04_01,achievement_standard,[12실통04-01],고등학교,고2-3,융합 선택 과목,통계적 탐구,실용 통계,12실통04-01,실생활에서 통계적 탐구 과정에 따라 문제를 해결하고 합리적인 의사 결정을 할 수 있다.,수학과 교육과정(별책8) p.241,high,
spine_std_siltong_04_02,achievement_standard,[12실통04-02],고등학교,고2-3,융합 선택 과목,통계적 탐구,실용 통계,12실통04-02,통계적 탐구 과정과 그 결과를 비판적으로 성찰할 수 있다.,수학과 교육과정(별책8) p.241,high,
spine_std_sugwa_01_01,achievement_standard,[12수과01-01],고등학교,고2-3,융합 선택 과목,과제 탐구의 이해,수학과제 탐구,12수과01-01,수학과제 탐구의 의미와 필요성을 설명할 수 있다.,수학과 교육과정(별책8) p.253,high,
spine_std_sugwa_01_02,achievement_standard,[12수과01-02],고등학교,고2-3,융합 선택 과목,과제 탐구의 이해,수학과제 탐구,12수과01-02,"올바른 연구 윤리를 이해하고, 탐구의 전 과정에서 이를 준수한다.",수학과 교육과정(별책8) p.253,high,
spine_std_sugwa_02_01,achievement_standard,[12수과02-01],고등학교,고2-3,융합 선택 과목,과제 탐구의 방법과 절차,수학과제 탐구,12수과02-01,문헌 조사를 통해 탐구하는 방법과 절차를 이해하고 설명할 수 있다.,수학과 교육과정(별책8) p.254,high,
spine_std_sugwa_02_02,achievement_standard,[12수과02-02],고등학교,고2-3,융합 선택 과목,과제 탐구의 방법과 절차,수학과제 탐구,12수과02-02,사례 조사를 통해 탐구하는 방법과 절차를 이해하고 설명할 수 있다.,수학과 교육과정(별책8) p.254,high,
spine_std_sugwa_02_03,achievement_standard,[12수과02-03],고등학교,고2-3,융합 선택 과목,과제 탐구의 방법과 절차,수학과제 탐구,12수과02-03,수학 실험을 통해 탐구하는 방법과 절차를 이해하고 설명할 수 있다.,수학과 교육과정(별책8) p.254,high,
spine_std_sugwa_02_04,achievement_standard,[12수과02-04],고등학교,고2-3,융합 선택 과목,과제 탐구의 방법과 절차,수학과제 탐구,12수과02-04,개발 연구를 통해 탐구하는 방법과 절차를 이해하고 설명할 수 있다.,수학과 교육과정(별책8) p.254,high,
spine_std_sugwa_03_01,achievement_standard,[12수과03-01],고등학교,고2-3,융합 선택 과목,과제 탐구의 실행 및 평가,수학과제 탐구,12수과03-01,여러 가지 현상에서 수학 탐구 주제를 선정하고 탐구 계획을 수립할 수 있다.,수학과 교육과정(별책8) p.255,high,
spine_std_sugwa_03_02,achievement_standard,[12수과03-02],고등학교,고2-3,융합 선택 과목,과제 탐구의 실행 및 평가,수학과제 탐구,12수과03-02,적절한 탐구 방법과 절차에 따라 탐구를 수행할 수 있다.,수학과 교육과정(별책8) p.255,high,
spine_std_sugwa_03_03,achievement_standard,[12수과03-03],고등학교,고2-3,융합 선택 과목,과제 탐구의 실행 및 평가,수학과제 탐구,12수과03-03,탐구 결과를 정리하여 산출물을 만들고 발표할 수 있다.,수학과 교육과정(별책8) p.255,high,
spine_std_sugwa_03_04,achievement_standard,[12수과03-04],고등학교,고2-3,융합 선택 과목,과제 탐구의 실행 및 평가,수학과제 탐구,12수과03-04,탐구 과정과 결과를 반성하고 평가할 수 있다.,수학과 교육과정(별책8) p.255,high,
