edge_id,source_id,target_id,relationship_type,confidence,source_locator,notes
spine_edge_0001,spine_stage_e12,spine_dom_e12_01,contains,high,수학과 교육과정(별책8) p.9 이하 내용 체계,
spine_edge_0002,spine_stage_e12,spine_dom_e12_02,contains,high,수학과 교육과정(별책8) p.9 이하 내용 체계,
spine_edge_0003,spine_stage_e12,spine_dom_e12_03,contains,high,수학과 교육과정(별책8) p.9 이하 내용 체계,
spine_edge_0004,spine_stage_e12,spine_dom_e12_04,contains,high,수학과 교육과정(별책8) p.9 이하 내용 체계,
spine_edge_0005,spine_stage_e34,spine_dom_e34_01,contains,high,수학과 교육과정(별책8) p.9 이하 내용 체계,
spine_edge_0006,spine_stage_e34,spine_dom_e34_02,contains,high,수학과 교육과정(별책8) p.9 이하 내용 체계,
spine_edge_0007,spine_stage_e34,spine_dom_e34_03,contains,high,수학과 교육과정(별책8) p.9 이하 내용 체계,
spine_edge_0008,spine_stage_e34,spine_dom_e34_04,contains,high,수학과 교육과정(별책8) p.9 이하 내용 체계,
spine_edge_0009,spine_stage_e56,spine_dom_e56_01,contains,high,수학과 교육과정(별책8) p.9 이하 내용 체계,
spine_edge_0010,spine_stage_e56,spine_dom_e56_02,contains,high,수학과 교육과정(별책8) p.9 이하 내용 체계,
spine_edge_0011,spine_stage_e56,spine_dom_e56_03,contains,high,수학과 교육과정(별책8) p.9 이하 내용 체계,
spine_edge_0012,spine_stage_e56,spine_dom_e56_04,contains,high,수학과 교육과정(별책8) p.9 이하 내용 체계,
spine_edge_0013,spine_stage_m13,spine_dom_m13_01,contains,high,수학과 교육과정(별책8) p.9 이하 내용 체계,
spine_edge_0014,spine_stage_m13,spine_dom_m13_02,contains,high,수학과 교육과정(별책8) p.9 이하 내용 체계,
spine_edge_0015,spine_stage_m13,spine_dom_m13_03,contains,high,수학과 교육과정(별책8) p.9 이하 내용 체계,
spine_edge_0016,spine_stage_m13,spine_dom_m13_04,contains,high,수학과 교육과정(별책8) p.9 이하 내용 체계,
spine_edge_0017,spine_dom_e12_01,spine_std_e12_01_01,contains,high,수학과 교육과정(별책8) p.17,
spine_edge_0018,spine_dom_e12_01,spine_std_e12_01_02,contains,high,수학과 교육과정(별책8) p.17,
spine_edge_0019,spine_dom_e12_01,spine_std_e12_01_03,contains,high,수학과 교육과정(별책8) p.17,
spine_edge_0020,spine_dom_e12_01,spine_std_e12_01_04,contains,high,수학과 교육과정(별책8) p.17,
spine_edge_0021,spine_dom_e12_01,spine_std_e12_01_05,contains,high,수학과 교육과정(별책8) p.17,
spine_edge_0022,spine_dom_e12_01,spine_std_e12_01_06,contains,high,수학과 교육과정(별책8) p.17,
spine_edge_0023,spine_dom_e12_01,spine_std_e12_01_07,contains,high,수학과 교육과정(별책8) p.17,
spine_edge_0024,spine_dom_e12_01,spine_std_e12_01_08,contains,high,수학과 교육과정(별책8) p.17,
spine_edge_0025,spine_dom_e12_01,spine_std_e12_01_09,contains,high,수학과 교육과정(별책8) p.17,
spine_edge_0026,spine_dom_e12_01,spine_std_e12_01_10,contains,high,수학과 교육과정(별책8) p.17,
spine_edge_0027,spine_dom_e12_01,spine_std_e12_01_11,contains,high,수학과 교육과정(별책8) p.17,
spine_edge_0028,spine_dom_e12_02,spine_std_e12_02_01,contains,high,수학과 교육과정(별책8) p.19,
spine_edge_0029,spine_dom_e12_02,spine_std_e12_02_02,contains,high,수학과 교육과정(별책8) p.19,
spine_edge_0030,spine_dom_e12_03,spine_std_e12_03_01,contains,high,수학과 교육과정(별책8) p.19,
spine_edge_0031,spine_dom_e12_03,spine_std_e12_03_02,contains,high,수학과 교육과정(별책8) p.19,
spine_edge_0032,spine_dom_e12_03,spine_std_e12_03_03,contains,high,수학과 교육과정(별책8) p.19,
spine_edge_0033,spine_dom_e12_03,spine_std_e12_03_04,contains,high,수학과 교육과정(별책8) p.19,
spine_edge_0034,spine_dom_e12_03,spine_std_e12_03_05,contains,high,수학과 교육과정(별책8) p.20,
spine_edge_0035,spine_dom_e12_03,spine_std_e12_03_06,contains,high,수학과 교육과정(별책8) p.20,
spine_edge_0036,spine_dom_e12_03,spine_std_e12_03_07,contains,high,수학과 교육과정(별책8) p.20,
spine_edge_0037,spine_dom_e12_03,spine_std_e12_03_08,contains,high,수학과 교육과정(별책8) p.20,
spine_edge_0038,spine_dom_e12_03,spine_std_e12_03_09,contains,high,수학과 교육과정(별책8) p.20,
spine_edge_0039,spine_dom_e12_03,spine_std_e12_03_10,contains,high,수학과 교육과정(별책8) p.20,
spine_edge_0040,spine_dom_e12_03,spine_std_e12_03_11,contains,high,수학과 교육과정(별책8) p.20,
spine_edge_0041,spine_dom_e12_03,spine_std_e12_03_12,contains,high,수학과 교육과정(별책8) p.20,
spine_edge_0042,spine_dom_e12_03,spine_std_e12_03_13,contains,high,수학과 교육과정(별책8) p.20,
spine_edge_0043,spine_dom_e12_04,spine_std_e12_04_01,contains,high,수학과 교육과정(별책8) p.21,
spine_edge_0044,spine_dom_e12_04,spine_std_e12_04_02,contains,high,수학과 교육과정(별책8) p.21,
spine_edge_0045,spine_dom_e12_04,spine_std_e12_04_03,contains,high,수학과 교육과정(별책8) p.21,
spine_edge_0046,spine_dom_e34_01,spine_std_e34_01_01,contains,high,수학과 교육과정(별책8) p.23,
spine_edge_0047,spine_dom_e34_01,spine_std_e34_01_02,contains,high,수학과 교육과정(별책8) p.23,
spine_edge_0048,spine_dom_e34_01,spine_std_e34_01_03,contains,high,수학과 교육과정(별책8) p.23,
spine_edge_0049,spine_dom_e34_01,spine_std_e34_01_04,contains,high,수학과 교육과정(별책8) p.23,
spine_edge_0050,spine_dom_e34_01,spine_std_e34_01_05,contains,high,수학과 교육과정(별책8) p.23,
spine_edge_0051,spine_dom_e34_01,spine_std_e34_01_06,contains,high,수학과 교육과정(별책8) p.23,
spine_edge_0052,spine_dom_e34_01,spine_std_e34_01_07,contains,high,수학과 교육과정(별책8) p.23,
spine_edge_0053,spine_dom_e34_01,spine_std_e34_01_08,contains,high,수학과 교육과정(별책8) p.23,
spine_edge_0054,spine_dom_e34_01,spine_std_e34_01_09,contains,high,수학과 교육과정(별책8) p.23,
spine_edge_0055,spine_dom_e34_01,spine_std_e34_01_10,contains,high,수학과 교육과정(별책8) p.23,
spine_edge_0056,spine_dom_e34_01,spine_std_e34_01_11,contains,high,수학과 교육과정(별책8) p.23,
spine_edge_0057,spine_dom_e34_01,spine_std_e34_01_12,contains,high,수학과 교육과정(별책8) p.23,
spine_edge_0058,spine_dom_e34_01,spine_std_e34_01_13,contains,high,수학과 교육과정(별책8) p.24,
spine_edge_0059,spine_dom_e34_01,spine_std_e34_01_14,contains,high,수학과 교육과정(별책8) p.24,
spine_edge_0060,spine_dom_e34_01,spine_std_e34_01_15,contains,high,수학과 교육과정(별책8) p.24,
spine_edge_0061,spine_dom_e34_01,spine_std_e34_01_16,contains,high,수학과 교육과정(별책8) p.24,
spine_edge_0062,spine_dom_e34_02,spine_std_e34_02_01,contains,high,수학과 교육과정(별책8) p.25,
spine_edge_0063,spine_dom_e34_02,spine_std_e34_02_02,contains,high,수학과 교육과정(별책8) p.25,
spine_edge_0064,spine_dom_e34_02,spine_std_e34_02_03,contains,high,수학과 교육과정(별책8) p.25,
spine_edge_0065,spine_dom_e34_03,spine_std_e34_03_01,contains,high,수학과 교육과정(별책8) p.26,
spine_edge_0066,spine_dom_e34_03,spine_std_e34_03_02,contains,high,수학과 교육과정(별책8) p.26,
spine_edge_0067,spine_dom_e34_03,spine_std_e34_03_03,contains,high,수학과 교육과정(별책8) p.26,
spine_edge_0068,spine_dom_e34_03,spine_std_e34_03_04,contains,high,수학과 교육과정(별책8) p.26,
spine_edge_0069,spine_dom_e34_03,spine_std_e34_03_05,contains,high,수학과 교육과정(별책8) p.26,
spine_edge_0070,spine_dom_e34_03,spine_std_e34_03_06,contains,high,수학과 교육과정(별책8) p.26,
spine_edge_0071,spine_dom_e34_03,spine_std_e34_03_07,contains,high,수학과 교육과정(별책8) p.26,
spine_edge_0072,spine_dom_e34_03,spine_std_e34_03_08,contains,high,수학과 교육과정(별책8) p.26,
spine_edge_0073,spine_dom_e34_03,spine_std_e34_03_09,contains,high,수학과 교육과정(별책8) p.26,
spine_edge_0074,spine_dom_e34_03,spine_std_e34_03_10,contains,high,수학과 교육과정(별책8) p.26,
spine_edge_0075,spine_dom_e34_03,spine_std_e34_03_11,contains,high,수학과 교육과정(별책8) p.27,
spine_edge_0076,spine_dom_e34_03,spine_std_e34_03_12,contains,high,수학과 교육과정(별책8) p.27,
spine_edge_0077,spine_dom_e34_03,spine_std_e34_03_13,contains,high,수학과 교육과정(별책8) p.27,
spine_edge_0078,spine_dom_e34_03,spine_std_e34_03_14,contains,high,수학과 교육과정(별책8) p.27,
spine_edge_0079,spine_dom_e34_03,spine_std_e34_03_15,contains,high,수학과 교육과정(별책8) p.27,
spine_edge_0080,spine_dom_e34_03,spine_std_e34_03_16,contains,high,수학과 교육과정(별책8) p.27,
spine_edge_0081,spine_dom_e34_03,spine_std_e34_03_17,contains,high,수학과 교육과정(별책8) p.27,
spine_edge_0082,spine_dom_e34_03,spine_std_e34_03_18,contains,high,수학과 교육과정(별책8) p.27,
spine_edge_0083,spine_dom_e34_03,spine_std_e34_03_19,contains,high,수학과 교육과정(별책8) p.27,
spine_edge_0084,spine_dom_e34_03,spine_std_e34_03_20,contains,high,수학과 교육과정(별책8) p.27,
spine_edge_0085,spine_dom_e34_03,spine_std_e34_03_21,contains,high,수학과 교육과정(별책8) p.27,
spine_edge_0086,spine_dom_e34_03,spine_std_e34_03_22,contains,high,수학과 교육과정(별책8) p.27,
spine_edge_0087,spine_dom_e34_03,spine_std_e34_03_23,contains,high,수학과 교육과정(별책8) p.27,
spine_edge_0088,spine_dom_e34_03,spine_std_e34_03_24,contains,high,수학과 교육과정(별책8) p.27,
spine_edge_0089,spine_dom_e34_03,spine_std_e34_03_25,contains,high,수학과 교육과정(별책8) p.27,
spine_edge_0090,spine_dom_e34_04,spine_std_e34_04_01,contains,high,수학과 교육과정(별책8) p.29,
spine_edge_0091,spine_dom_e34_04,spine_std_e34_04_02,contains,high,수학과 교육과정(별책8) p.29,
spine_edge_0092,spine_dom_e34_04,spine_std_e34_04_03,contains,high,수학과 교육과정(별책8) p.29,
spine_edge_0093,spine_dom_e56_01,spine_std_e56_01_01,contains,high,수학과 교육과정(별책8) p.31,
spine_edge_0094,spine_dom_e56_01,spine_std_e56_01_02,contains,high,수학과 교육과정(별책8) p.31,
spine_edge_0095,spine_dom_e56_01,spine_std_e56_01_03,contains,high,수학과 교육과정(별책8) p.31,
spine_edge_0096,spine_dom_e56_01,spine_std_e56_01_04,contains,high,수학과 교육과정(별책8) p.31,
spine_edge_0097,spine_dom_e56_01,spine_std_e56_01_05,contains,high,수학과 교육과정(별책8) p.31,
spine_edge_0098,spine_dom_e56_01,spine_std_e56_01_06,contains,high,수학과 교육과정(별책8) p.31,
spine_edge_0099,spine_dom_e56_01,spine_std_e56_01_07,contains,high,수학과 교육과정(별책8) p.31,
spine_edge_0100,spine_dom_e56_01,spine_std_e56_01_08,contains,high,수학과 교육과정(별책8) p.31,
spine_edge_0101,spine_dom_e56_01,spine_std_e56_01_09,contains,high,수학과 교육과정(별책8) p.31,
spine_edge_0102,spine_dom_e56_01,spine_std_e56_01_10,contains,high,수학과 교육과정(별책8) p.31,
spine_edge_0103,spine_dom_e56_01,spine_std_e56_01_11,contains,high,수학과 교육과정(별책8) p.31,
spine_edge_0104,spine_dom_e56_01,spine_std_e56_01_12,contains,high,수학과 교육과정(별책8) p.31,
spine_edge_0105,spine_dom_e56_01,spine_std_e56_01_13,contains,high,수학과 교육과정(별책8) p.31,
spine_edge_0106,spine_dom_e56_01,spine_std_e56_01_14,contains,high,수학과 교육과정(별책8) p.31,
spine_edge_0107,spine_dom_e56_01,spine_std_e56_01_15,contains,high,수학과 교육과정(별책8) p.31,
spine_edge_0108,spine_dom_e56_02,spine_std_e56_02_01,contains,high,수학과 교육과정(별책8) p.33,
spine_edge_0109,spine_dom_e56_02,spine_std_e56_02_02,contains,high,수학과 교육과정(별책8) p.33,
spine_edge_0110,spine_dom_e56_02,spine_std_e56_02_03,contains,high,수학과 교육과정(별책8) p.33,
spine_edge_0111,spine_dom_e56_02,spine_std_e56_02_04,contains,high,수학과 교육과정(별책8) p.33,
spine_edge_0112,spine_dom_e56_02,spine_std_e56_02_05,contains,high,수학과 교육과정(별책8) p.33,
spine_edge_0113,spine_dom_e56_03,spine_std_e56_03_01,contains,high,수학과 교육과정(별책8) p.34,
spine_edge_0114,spine_dom_e56_03,spine_std_e56_03_02,contains,high,수학과 교육과정(별책8) p.34,
spine_edge_0115,spine_dom_e56_03,spine_std_e56_03_03,contains,high,수학과 교육과정(별책8) p.34,
spine_edge_0116,spine_dom_e56_03,spine_std_e56_03_04,contains,high,수학과 교육과정(별책8) p.34,
spine_edge_0117,spine_dom_e56_03,spine_std_e56_03_05,contains,high,수학과 교육과정(별책8) p.34,
spine_edge_0118,spine_dom_e56_03,spine_std_e56_03_06,contains,high,수학과 교육과정(별책8) p.34,
spine_edge_0119,spine_dom_e56_03,spine_std_e56_03_07,contains,high,수학과 교육과정(별책8) p.34,
spine_edge_0120,spine_dom_e56_03,spine_std_e56_03_08,contains,high,수학과 교육과정(별책8) p.34,
spine_edge_0121,spine_dom_e56_03,spine_std_e56_03_09,contains,high,수학과 교육과정(별책8) p.34,
spine_edge_0122,spine_dom_e56_03,spine_std_e56_03_10,contains,high,수학과 교육과정(별책8) p.34,
spine_edge_0123,spine_dom_e56_03,spine_std_e56_03_11,contains,high,수학과 교육과정(별책8) p.35,
spine_edge_0124,spine_dom_e56_03,spine_std_e56_03_12,contains,high,수학과 교육과정(별책8) p.35,
spine_edge_0125,spine_dom_e56_03,spine_std_e56_03_13,contains,high,수학과 교육과정(별책8) p.35,
spine_edge_0126,spine_dom_e56_03,spine_std_e56_03_14,contains,high,수학과 교육과정(별책8) p.35,
spine_edge_0127,spine_dom_e56_03,spine_std_e56_03_15,contains,high,수학과 교육과정(별책8) p.35,
spine_edge_0128,spine_dom_e56_03,spine_std_e56_03_16,contains,high,수학과 교육과정(별책8) p.35,
spine_edge_0129,spine_dom_e56_03,spine_std_e56_03_17,contains,high,수학과 교육과정(별책8) p.35,
spine_edge_0130,spine_dom_e56_03,spine_std_e56_03_18,contains,high,수학과 교육과정(별책8) p.35,
spine_edge_0131,spine_dom_e56_03,spine_std_e56_03_19,contains,high,수학과 교육과정(별책8) p.35,
spine_edge_0132,spine_dom_e56_04,spine_std_e56_04_01,contains,high,수학과 교육과정(별책8) p.37,
spine_edge_0133,spine_dom_e56_04,spine_std_e56_04_02,contains,high,수학과 교육과정(별책8) p.37,
spine_edge_0134,spine_dom_e56_04,spine_std_e56_04_03,contains,high,수학과 교육과정(별책8) p.37,
spine_edge_0135,spine_dom_e56_04,spine_std_e56_04_04,contains,high,수학과 교육과정(별책8) p.37,
spine_edge_0136,spine_dom_e56_04,spine_std_e56_04_05,contains,high,수학과 교육과정(별책8) p.37,
spine_edge_0137,spine_dom_e56_04,spine_std_e56_04_06,contains,high,수학과 교육과정(별책8) p.37,
spine_edge_0138,spine_dom_m13_01,spine_std_m13_01_01,contains,high,수학과 교육과정(별책8) p.39,
spine_edge_0139,spine_dom_m13_01,spine_std_m13_01_02,contains,high,수학과 교육과정(별책8) p.39,
spine_edge_0140,spine_dom_m13_01,spine_std_m13_01_03,contains,high,수학과 교육과정(별책8) p.39,
spine_edge_0141,spine_dom_m13_01,spine_std_m13_01_04,contains,high,수학과 교육과정(별책8) p.39,
spine_edge_0142,spine_dom_m13_01,spine_std_m13_01_05,contains,high,수학과 교육과정(별책8) p.39,
spine_edge_0143,spine_dom_m13_01,spine_std_m13_01_06,contains,high,수학과 교육과정(별책8) p.39,
spine_edge_0144,spine_dom_m13_01,spine_std_m13_01_07,contains,high,수학과 교육과정(별책8) p.39,
spine_edge_0145,spine_dom_m13_01,spine_std_m13_01_08,contains,high,수학과 교육과정(별책8) p.39,
spine_edge_0146,spine_dom_m13_01,spine_std_m13_01_09,contains,high,수학과 교육과정(별책8) p.39,
spine_edge_0147,spine_dom_m13_01,spine_std_m13_01_10,contains,high,수학과 교육과정(별책8) p.39,
spine_edge_0148,spine_dom_m13_02,spine_std_m13_02_01,contains,high,수학과 교육과정(별책8) p.40,
spine_edge_0149,spine_dom_m13_02,spine_std_m13_02_02,contains,high,수학과 교육과정(별책8) p.40,
spine_edge_0150,spine_dom_m13_02,spine_std_m13_02_03,contains,high,수학과 교육과정(별책8) p.40,
spine_edge_0151,spine_dom_m13_02,spine_std_m13_02_04,contains,high,수학과 교육과정(별책8) p.40,
spine_edge_0152,spine_dom_m13_02,spine_std_m13_02_05,contains,high,수학과 교육과정(별책8) p.40,
spine_edge_0153,spine_dom_m13_02,spine_std_m13_02_06,contains,high,수학과 교육과정(별책8) p.40,
spine_edge_0154,spine_dom_m13_02,spine_std_m13_02_07,contains,high,수학과 교육과정(별책8) p.41,
spine_edge_0155,spine_dom_m13_02,spine_std_m13_02_08,contains,high,수학과 교육과정(별책8) p.41,
spine_edge_0156,spine_dom_m13_02,spine_std_m13_02_09,contains,high,수학과 교육과정(별책8) p.41,
spine_edge_0157,spine_dom_m13_02,spine_std_m13_02_10,contains,high,수학과 교육과정(별책8) p.41,
spine_edge_0158,spine_dom_m13_02,spine_std_m13_02_11,contains,high,수학과 교육과정(별책8) p.41,
spine_edge_0159,spine_dom_m13_02,spine_std_m13_02_12,contains,high,수학과 교육과정(별책8) p.41,
spine_edge_0160,spine_dom_m13_02,spine_std_m13_02_13,contains,high,수학과 교육과정(별책8) p.41,
spine_edge_0161,spine_dom_m13_02,spine_std_m13_02_14,contains,high,수학과 교육과정(별책8) p.41,
spine_edge_0162,spine_dom_m13_02,spine_std_m13_02_15,contains,high,수학과 교육과정(별책8) p.41,
spine_edge_0163,spine_dom_m13_02,spine_std_m13_02_16,contains,high,수학과 교육과정(별책8) p.41,
spine_edge_0164,spine_dom_m13_02,spine_std_m13_02_17,contains,high,수학과 교육과정(별책8) p.41,
spine_edge_0165,spine_dom_m13_02,spine_std_m13_02_18,contains,high,수학과 교육과정(별책8) p.41,
spine_edge_0166,spine_dom_m13_02,spine_std_m13_02_19,contains,high,수학과 교육과정(별책8) p.41,
spine_edge_0167,spine_dom_m13_02,spine_std_m13_02_20,contains,high,수학과 교육과정(별책8) p.41,
spine_edge_0168,spine_dom_m13_02,spine_std_m13_02_21,contains,high,수학과 교육과정(별책8) p.41,
spine_edge_0169,spine_dom_m13_02,spine_std_m13_02_22,contains,high,수학과 교육과정(별책8) p.41,
spine_edge_0170,spine_dom_m13_03,spine_std_m13_03_01,contains,high,수학과 교육과정(별책8) p.43,
spine_edge_0171,spine_dom_m13_03,spine_std_m13_03_02,contains,high,수학과 교육과정(별책8) p.43,
spine_edge_0172,spine_dom_m13_03,spine_std_m13_03_03,contains,high,수학과 교육과정(별책8) p.43,
spine_edge_0173,spine_dom_m13_03,spine_std_m13_03_04,contains,high,수학과 교육과정(별책8) p.43,
spine_edge_0174,spine_dom_m13_03,spine_std_m13_03_05,contains,high,수학과 교육과정(별책8) p.43,
spine_edge_0175,spine_dom_m13_03,spine_std_m13_03_06,contains,high,수학과 교육과정(별책8) p.44,
spine_edge_0176,spine_dom_m13_03,spine_std_m13_03_07,contains,high,수학과 교육과정(별책8) p.44,
spine_edge_0177,spine_dom_m13_03,spine_std_m13_03_08,contains,high,수학과 교육과정(별책8) p.44,
spine_edge_0178,spine_dom_m13_03,spine_std_m13_03_09,contains,high,수학과 교육과정(별책8) p.44,
spine_edge_0179,spine_dom_m13_03,spine_std_m13_03_10,contains,high,수학과 교육과정(별책8) p.44,
spine_edge_0180,spine_dom_m13_03,spine_std_m13_03_11,contains,high,수학과 교육과정(별책8) p.44,
spine_edge_0181,spine_dom_m13_03,spine_std_m13_03_12,contains,high,수학과 교육과정(별책8) p.44,
spine_edge_0182,spine_dom_m13_03,spine_std_m13_03_13,contains,high,수학과 교육과정(별책8) p.44,
spine_edge_0183,spine_dom_m13_03,spine_std_m13_03_14,contains,high,수학과 교육과정(별책8) p.44,
spine_edge_0184,spine_dom_m13_03,spine_std_m13_03_15,contains,high,수학과 교육과정(별책8) p.44,
spine_edge_0185,spine_dom_m13_03,spine_std_m13_03_16,contains,high,수학과 교육과정(별책8) p.44,
spine_edge_0186,spine_dom_m13_03,spine_std_m13_03_17,contains,high,수학과 교육과정(별책8) p.44,
spine_edge_0187,spine_dom_m13_03,spine_std_m13_03_18,contains,high,수학과 교육과정(별책8) p.44,
spine_edge_0188,spine_dom_m13_03,spine_std_m13_03_19,contains,high,수학과 교육과정(별책8) p.44,
spine_edge_0189,spine_dom_m13_04,spine_std_m13_04_01,contains,high,수학과 교육과정(별책8) p.46,
spine_edge_0190,spine_dom_m13_04,spine_std_m13_04_02,contains,high,수학과 교육과정(별책8) p.46,
spine_edge_0191,spine_dom_m13_04,spine_std_m13_04_03,contains,high,수학과 교육과정(별책8) p.46,
spine_edge_0192,spine_dom_m13_04,spine_std_m13_04_04,contains,high,수학과 교육과정(별책8) p.46,
spine_edge_0193,spine_dom_m13_04,spine_std_m13_04_05,contains,high,수학과 교육과정(별책8) p.46,
spine_edge_0194,spine_dom_m13_04,spine_std_m13_04_06,contains,high,수학과 교육과정(별책8) p.46,
spine_edge_0195,spine_dom_m13_04,spine_std_m13_04_07,contains,high,수학과 교육과정(별책8) p.47,
spine_edge_0196,spine_dom_m13_04,spine_std_m13_04_08,contains,high,수학과 교육과정(별책8) p.47,
spine_edge_0197,spine_dom_m13_04,spine_std_m13_04_09,contains,high,수학과 교육과정(별책8) p.47,
spine_edge_0198,spine_subj_gongsu1,spine_area_gongsu1_01,contains,high,수학과 교육과정(별책8) p.66,
spine_edge_0199,spine_area_gongsu1_01,spine_std_gongsu1_01_01,contains,high,수학과 교육과정(별책8) p.66,
spine_edge_0200,spine_area_gongsu1_01,spine_std_gongsu1_01_02,contains,high,수학과 교육과정(별책8) p.66,
spine_edge_0201,spine_area_gongsu1_01,spine_std_gongsu1_01_03,contains,high,수학과 교육과정(별책8) p.66,
spine_edge_0202,spine_subj_gongsu1,spine_area_gongsu1_02,contains,high,수학과 교육과정(별책8) p.67,
spine_edge_0203,spine_area_gongsu1_02,spine_std_gongsu1_02_01,contains,high,수학과 교육과정(별책8) p.67,
spine_edge_0204,spine_area_gongsu1_02,spine_std_gongsu1_02_02,contains,high,수학과 교육과정(별책8) p.67,
spine_edge_0205,spine_area_gongsu1_02,spine_std_gongsu1_02_03,contains,high,수학과 교육과정(별책8) p.67,
spine_edge_0206,spine_area_gongsu1_02,spine_std_gongsu1_02_04,contains,high,수학과 교육과정(별책8) p.67,
spine_edge_0207,spine_area_gongsu1_02,spine_std_gongsu1_02_05,contains,high,수학과 교육과정(별책8) p.67,
spine_edge_0208,spine_area_gongsu1_02,spine_std_gongsu1_02_06,contains,high,수학과 교육과정(별책8) p.67,
spine_edge_0209,spine_area_gongsu1_02,spine_std_gongsu1_02_07,contains,high,수학과 교육과정(별책8) p.67,
spine_edge_0210,spine_area_gongsu1_02,spine_std_gongsu1_02_08,contains,high,수학과 교육과정(별책8) p.67,
spine_edge_0211,spine_area_gongsu1_02,spine_std_gongsu1_02_09,contains,high,수학과 교육과정(별책8) p.67,
spine_edge_0212,spine_area_gongsu1_02,spine_std_gongsu1_02_10,contains,high,수학과 교육과정(별책8) p.67,
spine_edge_0213,spine_area_gongsu1_02,spine_std_gongsu1_02_11,contains,high,수학과 교육과정(별책8) p.67,
spine_edge_0214,spine_subj_gongsu1,spine_area_gongsu1_03,contains,high,수학과 교육과정(별책8) p.68,
spine_edge_0215,spine_area_gongsu1_03,spine_std_gongsu1_03_01,contains,high,수학과 교육과정(별책8) p.68,
spine_edge_0216,spine_area_gongsu1_03,spine_std_gongsu1_03_02,contains,high,수학과 교육과정(별책8) p.68,
spine_edge_0217,spine_area_gongsu1_03,spine_std_gongsu1_03_03,contains,high,수학과 교육과정(별책8) p.68,
spine_edge_0218,spine_subj_gongsu1,spine_area_gongsu1_04,contains,high,수학과 교육과정(별책8) p.69,
spine_edge_0219,spine_area_gongsu1_04,spine_std_gongsu1_04_01,contains,high,수학과 교육과정(별책8) p.69,
spine_edge_0220,spine_area_gongsu1_04,spine_std_gongsu1_04_02,contains,high,수학과 교육과정(별책8) p.69,
spine_edge_0221,spine_subj_gongsu2,spine_area_gongsu2_01,contains,high,수학과 교육과정(별책8) p.71,
spine_edge_0222,spine_area_gongsu2_01,spine_std_gongsu2_01_01,contains,high,수학과 교육과정(별책8) p.71,
spine_edge_0223,spine_area_gongsu2_01,spine_std_gongsu2_01_02,contains,high,수학과 교육과정(별책8) p.71,
spine_edge_0224,spine_area_gongsu2_01,spine_std_gongsu2_01_03,contains,high,수학과 교육과정(별책8) p.71,
spine_edge_0225,spine_area_gongsu2_01,spine_std_gongsu2_01_04,contains,high,수학과 교육과정(별책8) p.71,
spine_edge_0226,spine_area_gongsu2_01,spine_std_gongsu2_01_05,contains,high,수학과 교육과정(별책8) p.71,
spine_edge_0227,spine_area_gongsu2_01,spine_std_gongsu2_01_06,contains,high,수학과 교육과정(별책8) p.71,
spine_edge_0228,spine_area_gongsu2_01,spine_std_gongsu2_01_07,contains,high,수학과 교육과정(별책8) p.71,
spine_edge_0229,spine_subj_gongsu2,spine_area_gongsu2_02,contains,high,수학과 교육과정(별책8) p.72,
spine_edge_0230,spine_area_gongsu2_02,spine_std_gongsu2_02_01,contains,high,수학과 교육과정(별책8) p.72,
spine_edge_0231,spine_area_gongsu2_02,spine_std_gongsu2_02_02,contains,high,수학과 교육과정(별책8) p.72,
spine_edge_0232,spine_area_gongsu2_02,spine_std_gongsu2_02_03,contains,high,수학과 교육과정(별책8) p.72,
spine_edge_0233,spine_area_gongsu2_02,spine_std_gongsu2_02_04,contains,high,수학과 교육과정(별책8) p.72,
spine_edge_0234,spine_area_gongsu2_02,spine_std_gongsu2_02_05,contains,high,수학과 교육과정(별책8) p.72,
spine_edge_0235,spine_area_gongsu2_02,spine_std_gongsu2_02_06,contains,high,수학과 교육과정(별책8) p.72,
spine_edge_0236,spine_area_gongsu2_02,spine_std_gongsu2_02_07,contains,high,수학과 교육과정(별책8) p.72,
spine_edge_0237,spine_area_gongsu2_02,spine_std_gongsu2_02_08,contains,high,수학과 교육과정(별책8) p.72,
spine_edge_0238,spine_subj_gongsu2,spine_area_gongsu2_03,contains,high,수학과 교육과정(별책8) p.73,
spine_edge_0239,spine_area_gongsu2_03,spine_std_gongsu2_03_01,contains,high,수학과 교육과정(별책8) p.73,
spine_edge_0240,spine_area_gongsu2_03,spine_std_gongsu2_03_02,contains,high,수학과 교육과정(별책8) p.73,
spine_edge_0241,spine_area_gongsu2_03,spine_std_gongsu2_03_03,contains,high,수학과 교육과정(별책8) p.73,
spine_edge_0242,spine_area_gongsu2_03,spine_std_gongsu2_03_04,contains,high,수학과 교육과정(별책8) p.73,
spine_edge_0243,spine_area_gongsu2_03,spine_std_gongsu2_03_05,contains,high,수학과 교육과정(별책8) p.73,
spine_edge_0244,spine_subj_gisu1,spine_area_gisu1_01,contains,high,수학과 교육과정(별책8) p.85,
spine_edge_0245,spine_area_gisu1_01,spine_std_gisu1_01_01,contains,high,수학과 교육과정(별책8) p.85,
spine_edge_0246,spine_area_gisu1_01,spine_std_gisu1_01_02,contains,high,수학과 교육과정(별책8) p.85,
spine_edge_0247,spine_area_gisu1_01,spine_std_gisu1_01_03,contains,high,수학과 교육과정(별책8) p.85,
spine_edge_0248,spine_subj_gisu1,spine_area_gisu1_02,contains,high,수학과 교육과정(별책8) p.86,
spine_edge_0249,spine_area_gisu1_02,spine_std_gisu1_02_01,contains,high,수학과 교육과정(별책8) p.86,
spine_edge_0250,spine_area_gisu1_02,spine_std_gisu1_02_02,contains,high,수학과 교육과정(별책8) p.86,
spine_edge_0251,spine_area_gisu1_02,spine_std_gisu1_02_03,contains,high,수학과 교육과정(별책8) p.86,
spine_edge_0252,spine_area_gisu1_02,spine_std_gisu1_02_04,contains,high,수학과 교육과정(별책8) p.86,
spine_edge_0253,spine_area_gisu1_02,spine_std_gisu1_02_05,contains,high,수학과 교육과정(별책8) p.86,
spine_edge_0254,spine_area_gisu1_02,spine_std_gisu1_02_06,contains,high,수학과 교육과정(별책8) p.86,
spine_edge_0255,spine_area_gisu1_02,spine_std_gisu1_02_07,contains,high,수학과 교육과정(별책8) p.86,
spine_edge_0256,spine_area_gisu1_02,spine_std_gisu1_02_08,contains,high,수학과 교육과정(별책8) p.86,
spine_edge_0257,spine_area_gisu1_02,spine_std_gisu1_02_09,contains,high,수학과 교육과정(별책8) p.86,
spine_edge_0258,spine_subj_gisu1,spine_area_gisu1_03,contains,high,수학과 교육과정(별책8) p.87,
spine_edge_0259,spine_area_gisu1_03,spine_std_gisu1_03_01,contains,high,수학과 교육과정(별책8) p.87,
spine_edge_0260,spine_area_gisu1_03,spine_std_gisu1_03_02,contains,high,수학과 교육과정(별책8) p.87,
spine_edge_0261,spine_area_gisu1_03,spine_std_gisu1_03_03,contains,high,수학과 교육과정(별책8) p.87,
spine_edge_0262,spine_subj_gisu1,spine_area_gisu1_04,contains,high,수학과 교육과정(별책8) p.88,
spine_edge_0263,spine_area_gisu1_04,spine_std_gisu1_04_01,contains,high,수학과 교육과정(별책8) p.88,
spine_edge_0264,spine_area_gisu1_04,spine_std_gisu1_04_02,contains,high,수학과 교육과정(별책8) p.88,
spine_edge_0265,spine_subj_gisu2,spine_area_gisu2_01,contains,high,수학과 교육과정(별책8) p.90,
spine_edge_0266,spine_area_gisu2_01,spine_std_gisu2_01_01,contains,high,수학과 교육과정(별책8) p.90,
spine_edge_0267,spine_area_gisu2_01,spine_std_gisu2_01_02,contains,high,수학과 교육과정(별책8) p.90,
spine_edge_0268,spine_area_gisu2_01,spine_std_gisu2_01_03,contains,high,수학과 교육과정(별책8) p.90,
spine_edge_0269,spine_area_gisu2_01,spine_std_gisu2_01_04,contains,high,수학과 교육과정(별책8) p.90,
spine_edge_0270,spine_area_gisu2_01,spine_std_gisu2_01_05,contains,high,수학과 교육과정(별책8) p.90,
spine_edge_0271,spine_area_gisu2_01,spine_std_gisu2_01_06,contains,high,수학과 교육과정(별책8) p.90,
spine_edge_0272,spine_area_gisu2_01,spine_std_gisu2_01_07,contains,high,수학과 교육과정(별책8) p.90,
spine_edge_0273,spine_subj_gisu2,spine_area_gisu2_02,contains,high,수학과 교육과정(별책8) p.91,
spine_edge_0274,spine_area_gisu2_02,spine_std_gisu2_02_01,contains,high,수학과 교육과정(별책8) p.91,
spine_edge_0275,spine_area_gisu2_02,spine_std_gisu2_02_02,contains,high,수학과 교육과정(별책8) p.91,
spine_edge_0276,spine_area_gisu2_02,spine_std_gisu2_02_03,contains,high,수학과 교육과정(별책8) p.91,
spine_edge_0277,spine_area_gisu2_02,spine_std_gisu2_02_04,contains,high,수학과 교육과정(별책8) p.91,
spine_edge_0278,spine_area_gisu2_02,spine_std_gisu2_02_05,contains,high,수학과 교육과정(별책8) p.91,
spine_edge_0279,spine_subj_gisu2,spine_area_gisu2_03,contains,high,수학과 교육과정(별책8) p.92,
spine_edge_0280,spine_area_gisu2_03,spine_std_gisu2_03_01,contains,high,수학과 교육과정(별책8) p.92,
spine_edge_0281,spine_area_gisu2_03,spine_std_gisu2_03_02,contains,high,수학과 교육과정(별책8) p.92,
spine_edge_0282,spine_area_gisu2_03,spine_std_gisu2_03_03,contains,high,수학과 교육과정(별책8) p.92,
spine_edge_0283,spine_area_gisu2_03,spine_std_gisu2_03_04,contains,high,수학과 교육과정(별책8) p.92,
spine_edge_0284,spine_area_gisu2_03,spine_std_gisu2_03_05,contains,high,수학과 교육과정(별책8) p.92,
spine_edge_0285,spine_subj_daesu,spine_area_daesu_01,contains,high,수학과 교육과정(별책8) p.106,
spine_edge_0286,spine_area_daesu_01,spine_std_daesu_01_01,contains,high,수학과 교육과정(별책8) p.106,
spine_edge_0287,spine_area_daesu_01,spine_std_daesu_01_02,contains,high,수학과 교육과정(별책8) p.106,
spine_edge_0288,spine_area_daesu_01,spine_std_daesu_01_03,contains,high,수학과 교육과정(별책8) p.106,
spine_edge_0289,spine_area_daesu_01,spine_std_daesu_01_04,contains,high,수학과 교육과정(별책8) p.106,
spine_edge_0290,spine_area_daesu_01,spine_std_daesu_01_05,contains,high,수학과 교육과정(별책8) p.106,
spine_edge_0291,spine_area_daesu_01,spine_std_daesu_01_06,contains,high,수학과 교육과정(별책8) p.106,
spine_edge_0292,spine_area_daesu_01,spine_std_daesu_01_07,contains,high,수학과 교육과정(별책8) p.106,
spine_edge_0293,spine_area_daesu_01,spine_std_daesu_01_08,contains,high,수학과 교육과정(별책8) p.106,
spine_edge_0294,spine_subj_daesu,spine_area_daesu_02,contains,high,수학과 교육과정(별책8) p.107,
spine_edge_0295,spine_area_daesu_02,spine_std_daesu_02_01,contains,high,수학과 교육과정(별책8) p.107,
spine_edge_0296,spine_area_daesu_02,spine_std_daesu_02_02,contains,high,수학과 교육과정(별책8) p.107,
spine_edge_0297,spine_area_daesu_02,spine_std_daesu_02_03,contains,high,수학과 교육과정(별책8) p.107,
spine_edge_0298,spine_subj_daesu,spine_area_daesu_03,contains,high,수학과 교육과정(별책8) p.108,
spine_edge_0299,spine_area_daesu_03,spine_std_daesu_03_01,contains,high,수학과 교육과정(별책8) p.108,
spine_edge_0300,spine_area_daesu_03,spine_std_daesu_03_02,contains,high,수학과 교육과정(별책8) p.108,
spine_edge_0301,spine_area_daesu_03,spine_std_daesu_03_03,contains,high,수학과 교육과정(별책8) p.108,
spine_edge_0302,spine_area_daesu_03,spine_std_daesu_03_04,contains,high,수학과 교육과정(별책8) p.108,
spine_edge_0303,spine_area_daesu_03,spine_std_daesu_03_05,contains,high,수학과 교육과정(별책8) p.108,
spine_edge_0304,spine_area_daesu_03,spine_std_daesu_03_06,contains,high,수학과 교육과정(별책8) p.108,
spine_edge_0305,spine_area_daesu_03,spine_std_daesu_03_07,contains,high,수학과 교육과정(별책8) p.108,
spine_edge_0306,spine_subj_mijeok1,spine_area_mijeok1_01,contains,high,수학과 교육과정(별책8) p.120,
spine_edge_0307,spine_area_mijeok1_01,spine_std_mijeok1_01_01,contains,high,수학과 교육과정(별책8) p.120,
spine_edge_0308,spine_area_mijeok1_01,spine_std_mijeok1_01_02,contains,high,수학과 교육과정(별책8) p.120,
spine_edge_0309,spine_area_mijeok1_01,spine_std_mijeok1_01_03,contains,high,수학과 교육과정(별책8) p.120,
spine_edge_0310,spine_area_mijeok1_01,spine_std_mijeok1_01_04,contains,high,수학과 교육과정(별책8) p.120,
spine_edge_0311,spine_subj_mijeok1,spine_area_mijeok1_02,contains,high,수학과 교육과정(별책8) p.121,
spine_edge_0312,spine_area_mijeok1_02,spine_std_mijeok1_02_01,contains,high,수학과 교육과정(별책8) p.121,
spine_edge_0313,spine_area_mijeok1_02,spine_std_mijeok1_02_02,contains,high,수학과 교육과정(별책8) p.121,
spine_edge_0314,spine_area_mijeok1_02,spine_std_mijeok1_02_03,contains,high,수학과 교육과정(별책8) p.121,
spine_edge_0315,spine_area_mijeok1_02,spine_std_mijeok1_02_04,contains,high,수학과 교육과정(별책8) p.121,
spine_edge_0316,spine_area_mijeok1_02,spine_std_mijeok1_02_05,contains,high,수학과 교육과정(별책8) p.121,
spine_edge_0317,spine_area_mijeok1_02,spine_std_mijeok1_02_06,contains,high,수학과 교육과정(별책8) p.121,
spine_edge_0318,spine_area_mijeok1_02,spine_std_mijeok1_02_07,contains,high,수학과 교육과정(별책8) p.121,
spine_edge_0319,spine_area_mijeok1_02,spine_std_mijeok1_02_08,contains,high,수학과 교육과정(별책8) p.121,
spine_edge_0320,spine_area_mijeok1_02,spine_std_mijeok1_02_09,contains,high,수학과 교육과정(별책8) p.121,
spine_edge_0321,spine_area_mijeok1_02,spine_std_mijeok1_02_10,contains,high,수학과 교육과정(별책8) p.121,
spine_edge_0322,spine_subj_mijeok1,spine_area_mijeok1_03,contains,high,수학과 교육과정(별책8) p.122,
spine_edge_0323,spine_area_mijeok1_03,spine_std_mijeok1_03_01,contains,high,수학과 교육과정(별책8) p.122,
spine_edge_0324,spine_area_mijeok1_03,spine_std_mijeok1_03_02,contains,high,수학과 교육과정(별책8) p.122,
spine_edge_0325,spine_area_mijeok1_03,spine_std_mijeok1_03_03,contains,high,수학과 교육과정(별책8) p.122,
spine_edge_0326,spine_area_mijeok1_03,spine_std_mijeok1_03_04,contains,high,수학과 교육과정(별책8) p.122,
spine_edge_0327,spine_area_mijeok1_03,spine_std_mijeok1_03_05,contains,high,수학과 교육과정(별책8) p.122,
spine_edge_0328,spine_area_mijeok1_03,spine_std_mijeok1_03_06,contains,high,수학과 교육과정(별책8) p.122,
spine_edge_0329,spine_subj_hwaktong,spine_area_hwaktong_01,contains,high,수학과 교육과정(별책8) p.134,
spine_edge_0330,spine_area_hwaktong_01,spine_std_hwaktong_01_01,contains,high,수학과 교육과정(별책8) p.134,
spine_edge_0331,spine_area_hwaktong_01,spine_std_hwaktong_01_02,contains,high,수학과 교육과정(별책8) p.134,
spine_edge_0332,spine_area_hwaktong_01,spine_std_hwaktong_01_03,contains,high,수학과 교육과정(별책8) p.134,
spine_edge_0333,spine_subj_hwaktong,spine_area_hwaktong_02,contains,high,수학과 교육과정(별책8) p.135,
spine_edge_0334,spine_area_hwaktong_02,spine_std_hwaktong_02_01,contains,high,수학과 교육과정(별책8) p.135,
spine_edge_0335,spine_area_hwaktong_02,spine_std_hwaktong_02_02,contains,high,수학과 교육과정(별책8) p.135,
spine_edge_0336,spine_area_hwaktong_02,spine_std_hwaktong_02_03,contains,high,수학과 교육과정(별책8) p.135,
spine_edge_0337,spine_area_hwaktong_02,spine_std_hwaktong_02_04,contains,high,수학과 교육과정(별책8) p.135,
spine_edge_0338,spine_area_hwaktong_02,spine_std_hwaktong_02_05,contains,high,수학과 교육과정(별책8) p.135,
spine_edge_0339,spine_area_hwaktong_02,spine_std_hwaktong_02_06,contains,high,수학과 교육과정(별책8) p.135,
spine_edge_0340,spine_subj_hwaktong,spine_area_hwaktong_03,contains,high,수학과 교육과정(별책8) p.136,
spine_edge_0341,spine_area_hwaktong_03,spine_std_hwaktong_03_01,contains,high,수학과 교육과정(별책8) p.136,
spine_edge_0342,spine_area_hwaktong_03,spine_std_hwaktong_03_02,contains,high,수학과 교육과정(별책8) p.136,
spine_edge_0343,spine_area_hwaktong_03,spine_std_hwaktong_03_03,contains,high,수학과 교육과정(별책8) p.136,
spine_edge_0344,spine_area_hwaktong_03,spine_std_hwaktong_03_04,contains,high,수학과 교육과정(별책8) p.136,
spine_edge_0345,spine_area_hwaktong_03,spine_std_hwaktong_03_05,contains,high,수학과 교육과정(별책8) p.136,
spine_edge_0346,spine_area_hwaktong_03,spine_std_hwaktong_03_06,contains,high,수학과 교육과정(별책8) p.136,
spine_edge_0347,spine_area_hwaktong_03,spine_std_hwaktong_03_07,contains,high,수학과 교육과정(별책8) p.136,
spine_edge_0348,spine_subj_mijeok2,spine_area_mijeok2_01,contains,high,수학과 교육과정(별책8) p.150,
spine_edge_0349,spine_area_mijeok2_01,spine_std_mijeok2_01_01,contains,high,수학과 교육과정(별책8) p.150,
spine_edge_0350,spine_area_mijeok2_01,spine_std_mijeok2_01_02,contains,high,수학과 교육과정(별책8) p.150,
spine_edge_0351,spine_area_mijeok2_01,spine_std_mijeok2_01_03,contains,high,수학과 교육과정(별책8) p.150,
spine_edge_0352,spine_area_mijeok2_01,spine_std_mijeok2_01_04,contains,high,수학과 교육과정(별책8) p.150,
spine_edge_0353,spine_area_mijeok2_01,spine_std_mijeok2_01_05,contains,high,수학과 교육과정(별책8) p.150,
spine_edge_0354,spine_subj_mijeok2,spine_area_mijeok2_02,contains,high,수학과 교육과정(별책8) p.151,
spine_edge_0355,spine_area_mijeok2_02,spine_std_mijeok2_02_01,contains,high,수학과 교육과정(별책8) p.151,
spine_edge_0356,spine_area_mijeok2_02,spine_std_mijeok2_02_02,contains,high,수학과 교육과정(별책8) p.151,
spine_edge_0357,spine_area_mijeok2_02,spine_std_mijeok2_02_03,contains,high,수학과 교육과정(별책8) p.151,
spine_edge_0358,spine_area_mijeok2_02,spine_std_mijeok2_02_04,contains,high,수학과 교육과정(별책8) p.151,
spine_edge_0359,spine_area_mijeok2_02,spine_std_mijeok2_02_05,contains,high,수학과 교육과정(별책8) p.151,
spine_edge_0360,spine_area_mijeok2_02,spine_std_mijeok2_02_06,contains,high,수학과 교육과정(별책8) p.151,
spine_edge_0361,spine_area_mijeok2_02,spine_std_mijeok2_02_07,contains,high,수학과 교육과정(별책8) p.151,
spine_edge_0362,spine_area_mijeok2_02,spine_std_mijeok2_02_08,contains,high,수학과 교육과정(별책8) p.151,
spine_edge_0363,spine_area_mijeok2_02,spine_std_mijeok2_02_09,contains,high,수학과 교육과정(별책8) p.151,
spine_edge_0364,spine_area_mijeok2_02,spine_std_mijeok2_02_10,contains,high,수학과 교육과정(별책8) p.151,
spine_edge_0365,spine_area_mijeok2_02,spine_std_mijeok2_02_11,contains,high,수학과 교육과정(별책8) p.151,
spine_edge_0366,spine_subj_mijeok2,spine_area_mijeok2_03,contains,high,수학과 교육과정(별책8) p.152,
spine_edge_0367,spine_area_mijeok2_03,spine_std_mijeok2_03_01,contains,high,수학과 교육과정(별책8) p.152,
spine_edge_0368,spine_area_mijeok2_03,spine_std_mijeok2_03_02,contains,high,수학과 교육과정(별책8) p.152,
spine_edge_0369,spine_area_mijeok2_03,spine_std_mijeok2_03_03,contains,high,수학과 교육과정(별책8) p.152,
spine_edge_0370,spine_area_mijeok2_03,spine_std_mijeok2_03_04,contains,high,수학과 교육과정(별책8) p.152,
spine_edge_0371,spine_area_mijeok2_03,spine_std_mijeok2_03_05,contains,high,수학과 교육과정(별책8) p.152,
spine_edge_0372,spine_area_mijeok2_03,spine_std_mijeok2_03_06,contains,high,수학과 교육과정(별책8) p.152,
spine_edge_0373,spine_area_mijeok2_03,spine_std_mijeok2_03_07,contains,high,수학과 교육과정(별책8) p.152,
spine_edge_0374,spine_subj_giha,spine_area_giha_01,contains,high,수학과 교육과정(별책8) p.164,
spine_edge_0375,spine_area_giha_01,spine_std_giha_01_01,contains,high,수학과 교육과정(별책8) p.164,
spine_edge_0376,spine_area_giha_01,spine_std_giha_01_02,contains,high,수학과 교육과정(별책8) p.164,
spine_edge_0377,spine_area_giha_01,spine_std_giha_01_03,contains,high,수학과 교육과정(별책8) p.164,
spine_edge_0378,spine_area_giha_01,spine_std_giha_01_04,contains,high,수학과 교육과정(별책8) p.164,
spine_edge_0379,spine_subj_giha,spine_area_giha_02,contains,high,수학과 교육과정(별책8) p.165,
spine_edge_0380,spine_area_giha_02,spine_std_giha_02_01,contains,high,수학과 교육과정(별책8) p.165,
spine_edge_0381,spine_area_giha_02,spine_std_giha_02_02,contains,high,수학과 교육과정(별책8) p.165,
spine_edge_0382,spine_area_giha_02,spine_std_giha_02_03,contains,high,수학과 교육과정(별책8) p.165,
spine_edge_0383,spine_area_giha_02,spine_std_giha_02_04,contains,high,수학과 교육과정(별책8) p.165,
spine_edge_0384,spine_area_giha_02,spine_std_giha_02_05,contains,high,수학과 교육과정(별책8) p.165,
spine_edge_0385,spine_subj_giha,spine_area_giha_03,contains,high,수학과 교육과정(별책8) p.166,
spine_edge_0386,spine_area_giha_03,spine_std_giha_03_01,contains,high,수학과 교육과정(별책8) p.166,
spine_edge_0387,spine_area_giha_03,spine_std_giha_03_02,contains,high,수학과 교육과정(별책8) p.166,
spine_edge_0388,spine_area_giha_03,spine_std_giha_03_03,contains,high,수학과 교육과정(별책8) p.166,
spine_edge_0389,spine_area_giha_03,spine_std_giha_03_04,contains,high,수학과 교육과정(별책8) p.166,
spine_edge_0390,spine_area_giha_03,spine_std_giha_03_05,contains,high,수학과 교육과정(별책8) p.166,
spine_edge_0391,spine_subj_gyeongsu,spine_area_gyeongsu_01,contains,high,수학과 교육과정(별책8) p.178,
spine_edge_0392,spine_area_gyeongsu_01,spine_std_gyeongsu_01_01,contains,high,수학과 교육과정(별책8) p.178,
spine_edge_0393,spine_area_gyeongsu_01,spine_std_gyeongsu_01_02,contains,high,수학과 교육과정(별책8) p.178,
spine_edge_0394,spine_area_gyeongsu_01,spine_std_gyeongsu_01_03,contains,high,수학과 교육과정(별책8) p.178,
spine_edge_0395,spine_area_gyeongsu_01,spine_std_gyeongsu_01_04,contains,high,수학과 교육과정(별책8) p.178,
spine_edge_0396,spine_area_gyeongsu_01,spine_std_gyeongsu_01_05,contains,high,수학과 교육과정(별책8) p.178,
spine_edge_0397,spine_subj_gyeongsu,spine_area_gyeongsu_02,contains,high,수학과 교육과정(별책8) p.179,
spine_edge_0398,spine_area_gyeongsu_02,spine_std_gyeongsu_02_01,contains,high,수학과 교육과정(별책8) p.179,
spine_edge_0399,spine_area_gyeongsu_02,spine_std_gyeongsu_02_02,contains,high,수학과 교육과정(별책8) p.179,
spine_edge_0400,spine_area_gyeongsu_02,spine_std_gyeongsu_02_03,contains,high,수학과 교육과정(별책8) p.179,
spine_edge_0401,spine_area_gyeongsu_02,spine_std_gyeongsu_02_04,contains,high,수학과 교육과정(별책8) p.179,
spine_edge_0402,spine_area_gyeongsu_02,spine_std_gyeongsu_02_05,contains,high,수학과 교육과정(별책8) p.179,
spine_edge_0403,spine_area_gyeongsu_02,spine_std_gyeongsu_02_06,contains,high,수학과 교육과정(별책8) p.179,
spine_edge_0404,spine_subj_gyeongsu,spine_area_gyeongsu_03,contains,high,수학과 교육과정(별책8) p.180,
spine_edge_0405,spine_area_gyeongsu_03,spine_std_gyeongsu_03_01,contains,high,수학과 교육과정(별책8) p.180,
spine_edge_0406,spine_area_gyeongsu_03,spine_std_gyeongsu_03_02,contains,high,수학과 교육과정(별책8) p.180,
spine_edge_0407,spine_area_gyeongsu_03,spine_std_gyeongsu_03_03,contains,high,수학과 교육과정(별책8) p.180,
spine_edge_0408,spine_subj_gyeongsu,spine_area_gyeongsu_04,contains,high,수학과 교육과정(별책8) p.180,
spine_edge_0409,spine_area_gyeongsu_04,spine_std_gyeongsu_04_01,contains,high,수학과 교육과정(별책8) p.180,
spine_edge_0410,spine_area_gyeongsu_04,spine_std_gyeongsu_04_02,contains,high,수학과 교육과정(별책8) p.180,
spine_edge_0411,spine_area_gyeongsu_04,spine_std_gyeongsu_04_03,contains,high,수학과 교육과정(별책8) p.180,
spine_edge_0412,spine_area_gyeongsu_04,spine_std_gyeongsu_04_04,contains,high,수학과 교육과정(별책8) p.180,
spine_edge_0413,spine_subj_insu,spine_area_insu_01,contains,high,수학과 교육과정(별책8) p.192,
spine_edge_0414,spine_area_insu_01,spine_std_insu_01_01,contains,high,수학과 교육과정(별책8) p.192,
spine_edge_0415,spine_area_insu_01,spine_std_insu_01_02,contains,high,수학과 교육과정(별책8) p.192,
spine_edge_0416,spine_area_insu_01,spine_std_insu_01_03,contains,high,수학과 교육과정(별책8) p.192,
spine_edge_0417,spine_subj_insu,spine_area_insu_02,contains,high,수학과 교육과정(별책8) p.193,
spine_edge_0418,spine_area_insu_02,spine_std_insu_02_01,contains,high,수학과 교육과정(별책8) p.193,
spine_edge_0419,spine_area_insu_02,spine_std_insu_02_02,contains,high,수학과 교육과정(별책8) p.193,
spine_edge_0420,spine_area_insu_02,spine_std_insu_02_03,contains,high,수학과 교육과정(별책8) p.193,
spine_edge_0421,spine_subj_insu,spine_area_insu_03,contains,high,수학과 교육과정(별책8) p.194,
spine_edge_0422,spine_area_insu_03,spine_std_insu_03_01,contains,high,수학과 교육과정(별책8) p.194,
spine_edge_0423,spine_area_insu_03,spine_std_insu_03_02,contains,high,수학과 교육과정(별책8) p.194,
spine_edge_0424,spine_area_insu_03,spine_std_insu_03_03,contains,high,수학과 교육과정(별책8) p.194,
spine_edge_0425,spine_subj_insu,spine_area_insu_04,contains,high,수학과 교육과정(별책8) p.194,
spine_edge_0426,spine_area_insu_04,spine_std_insu_04_01,contains,high,수학과 교육과정(별책8) p.194,
spine_edge_0427,spine_area_insu_04,spine_std_insu_04_02,contains,high,수학과 교육과정(별책8) p.194,
spine_edge_0428,spine_area_insu_04,spine_std_insu_04_03,contains,high,수학과 교육과정(별책8) p.194,
spine_edge_0429,spine_area_insu_04,spine_std_insu_04_04,contains,high,수학과 교육과정(별책8) p.194,
spine_edge_0430,spine_subj_insu,spine_area_insu_05,contains,high,수학과 교육과정(별책8) p.195,
spine_edge_0431,spine_area_insu_05,spine_std_insu_05_01,contains,high,수학과 교육과정(별책8) p.195,
spine_edge_0432,spine_area_insu_05,spine_std_insu_05_02,contains,high,수학과 교육과정(별책8) p.195,
spine_edge_0433,spine_subj_jiksu,spine_area_jiksu_01,contains,high,수학과 교육과정(별책8) p.207,
spine_edge_0434,spine_area_jiksu_01,spine_std_jiksu_01_01,contains,high,수학과 교육과정(별책8) p.207,
spine_edge_0435,spine_area_jiksu_01,spine_std_jiksu_01_02,contains,high,수학과 교육과정(별책8) p.207,
spine_edge_0436,spine_area_jiksu_01,spine_std_jiksu_01_03,contains,high,수학과 교육과정(별책8) p.207,
spine_edge_0437,spine_subj_jiksu,spine_area_jiksu_02,contains,high,수학과 교육과정(별책8) p.208,
spine_edge_0438,spine_area_jiksu_02,spine_std_jiksu_02_01,contains,high,수학과 교육과정(별책8) p.208,
spine_edge_0439,spine_area_jiksu_02,spine_std_jiksu_02_02,contains,high,수학과 교육과정(별책8) p.208,
spine_edge_0440,spine_area_jiksu_02,spine_std_jiksu_02_03,contains,high,수학과 교육과정(별책8) p.208,
spine_edge_0441,spine_area_jiksu_02,spine_std_jiksu_02_04,contains,high,수학과 교육과정(별책8) p.208,
spine_edge_0442,spine_area_jiksu_02,spine_std_jiksu_02_05,contains,high,수학과 교육과정(별책8) p.208,
spine_edge_0443,spine_subj_jiksu,spine_area_jiksu_03,contains,high,수학과 교육과정(별책8) p.209,
spine_edge_0444,spine_area_jiksu_03,spine_std_jiksu_03_01,contains,high,수학과 교육과정(별책8) p.209,
spine_edge_0445,spine_area_jiksu_03,spine_std_jiksu_03_02,contains,high,수학과 교육과정(별책8) p.209,
spine_edge_0446,spine_area_jiksu_03,spine_std_jiksu_03_03,contains,high,수학과 교육과정(별책8) p.209,
spine_edge_0447,spine_area_jiksu_03,spine_std_jiksu_03_04,contains,high,수학과 교육과정(별책8) p.209,
spine_edge_0448,spine_area_jiksu_03,spine_std_jiksu_03_05,contains,high,수학과 교육과정(별책8) p.209,
spine_edge_0449,spine_subj_jiksu,spine_area_jiksu_04,contains,high,수학과 교육과정(별책8) p.210,
spine_edge_0450,spine_area_jiksu_04,spine_std_jiksu_04_01,contains,high,수학과 교육과정(별책8) p.210,
spine_edge_0451,spine_area_jiksu_04,spine_std_jiksu_04_02,contains,high,수학과 교육과정(별책8) p.210,
spine_edge_0452,spine_area_jiksu_04,spine_std_jiksu_04_03,contains,high,수학과 교육과정(별책8) p.210,
spine_edge_0453,spine_area_jiksu_04,spine_std_jiksu_04_04,contains,high,수학과 교육과정(별책8) p.210,
spine_edge_0454,spine_area_jiksu_04,spine_std_jiksu_04_05,contains,high,수학과 교육과정(별책8) p.210,
spine_edge_0455,spine_subj_sumun,spine_area_sumun_01,contains,high,수학과 교육과정(별책8) p.224,
spine_edge_0456,spine_area_sumun_01,spine_std_sumun_01_01,contains,high,수학과 교육과정(별책8) p.224,
spine_edge_0457,spine_area_sumun_01,spine_std_sumun_01_02,contains,high,수학과 교육과정(별책8) p.224,
spine_edge_0458,spine_area_sumun_01,spine_std_sumun_01_03,contains,high,수학과 교육과정(별책8) p.224,
spine_edge_0459,spine_area_sumun_01,spine_std_sumun_01_04,contains,high,수학과 교육과정(별책8) p.224,
spine_edge_0460,spine_subj_sumun,spine_area_sumun_02,contains,high,수학과 교육과정(별책8) p.225,
spine_edge_0461,spine_area_sumun_02,spine_std_sumun_02_01,contains,high,수학과 교육과정(별책8) p.225,
spine_edge_0462,spine_area_sumun_02,spine_std_sumun_02_02,contains,high,수학과 교육과정(별책8) p.225,
spine_edge_0463,spine_area_sumun_02,spine_std_sumun_02_03,contains,high,수학과 교육과정(별책8) p.225,
spine_edge_0464,spine_area_sumun_02,spine_std_sumun_02_04,contains,high,수학과 교육과정(별책8) p.225,
spine_edge_0465,spine_subj_sumun,spine_area_sumun_03,contains,high,수학과 교육과정(별책8) p.226,
spine_edge_0466,spine_area_sumun_03,spine_std_sumun_03_01,contains,high,수학과 교육과정(별책8) p.226,
spine_edge_0467,spine_area_sumun_03,spine_std_sumun_03_02,contains,high,수학과 교육과정(별책8) p.226,
spine_edge_0468,spine_area_sumun_03,spine_std_sumun_03_03,contains,high,수학과 교육과정(별책8) p.226,
spine_edge_0469,spine_area_sumun_03,spine_std_sumun_03_04,contains,high,수학과 교육과정(별책8) p.226,
spine_edge_0470,spine_subj_sumun,spine_area_sumun_04,contains,high,수학과 교육과정(별책8) p.227,
spine_edge_0471,spine_area_sumun_04,spine_std_sumun_04_01,contains,high,수학과 교육과정(별책8) p.227,
spine_edge_0472,spine_area_sumun_04,spine_std_sumun_04_02,contains,high,수학과 교육과정(별책8) p.227,
spine_edge_0473,spine_area_sumun_04,spine_std_sumun_04_03,contains,high,수학과 교육과정(별책8) p.227,
spine_edge_0474,spine_area_sumun_04,spine_std_sumun_04_04,contains,high,수학과 교육과정(별책8) p.227,
spine_edge_0475,spine_subj_siltong,spine_area_siltong_01,contains,high,수학과 교육과정(별책8) p.239,
spine_edge_0476,spine_area_siltong_01,spine_std_siltong_01_01,contains,high,수학과 교육과정(별책8) p.239,
spine_edge_0477,spine_area_siltong_01,spine_std_siltong_01_02,contains,high,수학과 교육과정(별책8) p.239,
spine_edge_0478,spine_area_siltong_01,spine_std_siltong_01_03,contains,high,수학과 교육과정(별책8) p.239,
spine_edge_0479,spine_subj_siltong,spine_area_siltong_02,contains,high,수학과 교육과정(별책8) p.240,
spine_edge_0480,spine_area_siltong_02,spine_std_siltong_02_01,contains,high,수학과 교육과정(별책8) p.240,
spine_edge_0481,spine_area_siltong_02,spine_std_siltong_02_02,contains,high,수학과 교육과정(별책8) p.240,
spine_edge_0482,spine_area_siltong_02,spine_std_siltong_02_03,contains,high,수학과 교육과정(별책8) p.240,
spine_edge_0483,spine_area_siltong_02,spine_std_siltong_02_04,contains,high,수학과 교육과정(별책8) p.240,
spine_edge_0484,spine_subj_siltong,spine_area_siltong_03,contains,high,수학과 교육과정(별책8) p.241,
spine_edge_0485,spine_area_siltong_03,spine_std_siltong_03_01,contains,high,수학과 교육과정(별책8) p.241,
spine_edge_0486,spine_area_siltong_03,spine_std_siltong_03_02,contains,high,수학과 교육과정(별책8) p.241,
spine_edge_0487,spine_area_siltong_03,spine_std_siltong_03_03,contains,high,수학과 교육과정(별책8) p.241,
spine_edge_0488,spine_area_siltong_03,spine_std_siltong_03_04,contains,high,수학과 교육과정(별책8) p.241,
spine_edge_0489,spine_subj_siltong,spine_area_siltong_04,contains,high,수학과 교육과정(별책8) p.241,
spine_edge_0490,spine_area_siltong_04,spine_std_siltong_04_01,contains,high,수학과 교육과정(별책8) p.241,
spine_edge_0491,spine_area_siltong_04,spine_std_siltong_04_02,contains,high,수학과 교육과정(별책8) p.241,
spine_edge_0492,spine_subj_sugwa,spine_area_sugwa_01,contains,high,수학과 교육과정(별책8) p.253,
spine_edge_0493,spine_area_sugwa_01,spine_std_sugwa_01_01,contains,high,수학과 교육과정(별책8) p.253,
spine_edge_0494,spine_area_sugwa_01,spine_std_sugwa_01_02,contains,high,수학과 교육과정(별책8) p.253,
spine_edge_0495,spine_subj_sugwa,spine_area_sugwa_02,contains,high,수학과 교육과정(별책8) p.254,
spine_edge_0496,spine_area_sugwa_02,spine_std_sugwa_02_01,contains,high,수학과 교육과정(별책8) p.254,
spine_edge_0497,spine_area_sugwa_02,spine_std_sugwa_02_02,contains,high,수학과 교육과정(별책8) p.254,
spine_edge_0498,spine_area_sugwa_02,spine_std_sugwa_02_03,contains,high,수학과 교육과정(별책8) p.254,
spine_edge_0499,spine_area_sugwa_02,spine_std_sugwa_02_04,contains,high,수학과 교육과정(별책8) p.254,
spine_edge_0500,spine_subj_sugwa,spine_area_sugwa_03,contains,high,수학과 교육과정(별책8) p.255,
spine_edge_0501,spine_area_sugwa_03,spine_std_sugwa_03_01,contains,high,수학과 교육과정(별책8) p.255,
spine_edge_0502,spine_area_sugwa_03,spine_std_sugwa_03_02,contains,high,수학과 교육과정(별책8) p.255,
spine_edge_0503,spine_area_sugwa_03,spine_std_sugwa_03_03,contains,high,수학과 교육과정(별책8) p.255,
spine_edge_0504,spine_area_sugwa_03,spine_std_sugwa_03_04,contains,high,수학과 교육과정(별책8) p.255,
spine_edge_0505,spine_stage_e12,spine_stage_e34,prerequisite_for,high,수학과 교육과정(별책8) p.9 이하 내용 체계,공통 교육과정 학년군 연속 구성에 따른 진행.
spine_edge_0506,spine_dom_e12_01,spine_dom_e34_01,prerequisite_for,high,수학과 교육과정(별책8) p.9 이하 내용 체계,수와 연산 영역의 학년군 연속 구성.
spine_edge_0507,spine_dom_e12_02,spine_dom_e34_02,prerequisite_for,high,수학과 교육과정(별책8) p.9 이하 내용 체계,변화와 관계 영역의 학년군 연속 구성.
spine_edge_0508,spine_dom_e12_03,spine_dom_e34_03,prerequisite_for,high,수학과 교육과정(별책8) p.9 이하 내용 체계,도형과 측정 영역의 학년군 연속 구성.
spine_edge_0509,spine_dom_e12_04,spine_dom_e34_04,prerequisite_for,high,수학과 교육과정(별책8) p.9 이하 내용 체계,자료와 가능성 영역의 학년군 연속 구성.
spine_edge_0510,spine_stage_e34,spine_stage_e56,prerequisite_for,high,수학과 교육과정(별책8) p.9 이하 내용 체계,공통 교육과정 학년군 연속 구성에 따른 진행.
spine_edge_0511,spine_dom_e34_01,spine_dom_e56_01,prerequisite_for,high,수학과 교육과정(별책8) p.9 이하 내용 체계,수와 연산 영역의 학년군 연속 구성.
spine_edge_0512,spine_dom_e34_02,spine_dom_e56_02,prerequisite_for,high,수학과 교육과정(별책8) p.9 이하 내용 체계,변화와 관계 영역의 학년군 연속 구성.
spine_edge_0513,spine_dom_e34_03,spine_dom_e56_03,prerequisite_for,high,수학과 교육과정(별책8) p.9 이하 내용 체계,도형과 측정 영역의 학년군 연속 구성.
spine_edge_0514,spine_dom_e34_04,spine_dom_e56_04,prerequisite_for,high,수학과 교육과정(별책8) p.9 이하 내용 체계,자료와 가능성 영역의 학년군 연속 구성.
spine_edge_0515,spine_stage_e56,spine_stage_m13,prerequisite_for,high,수학과 교육과정(별책8) p.9 이하 내용 체계,공통 교육과정 학년군 연속 구성에 따른 진행.
spine_edge_0516,spine_dom_e56_01,spine_dom_m13_01,prerequisite_for,high,수학과 교육과정(별책8) p.9 이하 내용 체계,수와 연산 영역의 학년군 연속 구성.
spine_edge_0517,spine_dom_e56_02,spine_dom_m13_02,prerequisite_for,high,수학과 교육과정(별책8) p.9 이하 내용 체계,변화와 관계 영역의 학년군 연속 구성.
spine_edge_0518,spine_dom_e56_03,spine_dom_m13_03,prerequisite_for,high,수학과 교육과정(별책8) p.9 이하 내용 체계,도형과 측정 영역의 학년군 연속 구성.
spine_edge_0519,spine_dom_e56_04,spine_dom_m13_04,prerequisite_for,high,수학과 교육과정(별책8) p.9 이하 내용 체계,자료와 가능성 영역의 학년군 연속 구성.
spine_edge_0520,spine_stage_m13,spine_subj_gongsu1,prerequisite_for,high,"별책8 차례, 선택 중심 교육과정 공통 과목",공통 교육과정(초1~중3) 이후 고등학교 공통 과목으로 이어지는 편제 구조.
spine_edge_0521,spine_stage_m13,spine_subj_gisu1,prerequisite_for,high,"별책8 차례, 선택 중심 교육과정 공통 과목",기본수학1·2는 공통수학1·2와 함께 고등학교 공통 과목으로 편제된 대체 이수 경로.
spine_edge_0522,spine_subj_gongsu1,spine_subj_gongsu2,prerequisite_for,medium,별책8 p.57 이하 공통수학1·2 구성,과목 번호 순차 구성에서 추론한 이수 순서. 문서가 순서를 직접 강제하지는 않는다.
spine_edge_0523,spine_subj_gisu1,spine_subj_gisu2,prerequisite_for,medium,별책8 p.76 이하 기본수학1·2 구성,과목 번호 순차 구성에서 추론한 이수 순서. 문서가 순서를 직접 강제하지는 않는다.
spine_edge_0524,spine_subj_daesu,spine_subj_mijeok2,prerequisite_for,medium,별책8 p.141 이하 미적분Ⅱ 내용 체계,미적분Ⅱ의 지수함수·로그함수·삼각함수 미분은 대수의 함수 내용을 전제로 한다는 내용 체계 기반 추론.
spine_edge_0525,spine_subj_mijeok1,spine_subj_mijeok2,prerequisite_for,medium,별책8 p.141 이하 미적분Ⅱ 내용 체계,미적분Ⅱ의 미분법·적분법은 미적분Ⅰ의 극한·미분·적분 개념을 전제로 한다는 내용 체계 기반 추론.
spine_edge_0526,spine_subj_mijeok2,spine_subj_giha,related_to,high,별책8 p.164,기하 성취기준 적용 시 고려 사항: 미적분Ⅱ를 이수한 학생에게는 음함수 미분법으로 접선의 방정식을 설명하게 한다.
spine_edge_0527,spine_subj_mijeok2,spine_subj_gyeongsu,related_to,high,별책8 p.178,경제 수학 성취기준 적용 시 고려 사항: 미적분Ⅱ를 이수한 학생에게는 연속복리를 지도할 수 있다.
spine_edge_0528,spine_subj_daesu,spine_subj_insu,related_to,high,별책8 p.193,인공지능 수학 성취기준 적용 시 고려 사항: 대수를 이수한 학생은 로그로 역문서빈도(IDF)를 표현하게 한다.
spine_edge_0529,spine_subj_gongsu2,spine_subj_daesu,prerequisite_for,high,별책8 p.74,"공통수학2 p.74: <공통수학1, 2> 이후 선택할 수 있는 수학 과목을 안내한다는 직접 서술. 공통수학1·2를 공동 전제로 본다."
spine_edge_0530,spine_subj_gongsu2,spine_subj_mijeok1,prerequisite_for,high,별책8 p.74,"공통수학2 p.74: <공통수학1, 2> 이후 선택할 수 있는 수학 과목을 안내한다는 직접 서술. 공통수학1·2를 공동 전제로 본다."
spine_edge_0531,spine_subj_gongsu2,spine_subj_hwaktong,prerequisite_for,high,별책8 p.74,"공통수학2 p.74: <공통수학1, 2> 이후 선택할 수 있는 수학 과목을 안내한다는 직접 서술. 공통수학1·2를 공동 전제로 본다."
spine_edge_0532,spine_subj_gongsu2,spine_subj_mijeok2,prerequisite_for,high,별책8 p.74,"공통수학2 p.74: <공통수학1, 2> 이후 선택할 수 있는 수학 과목을 안내한다는 직접 서술. 공통수학1·2를 공동 전제로 본다."
spine_edge_0533,spine_subj_gongsu2,spine_subj_giha,prerequisite_for,high,별책8 p.74,"공통수학2 p.74: <공통수학1, 2> 이후 선택할 수 있는 수학 과목을 안내한다는 직접 서술. 공통수학1·2를 공동 전제로 본다."
spine_edge_0534,spine_subj_gongsu2,spine_subj_gyeongsu,prerequisite_for,high,별책8 p.74,"공통수학2 p.74: <공통수학1, 2> 이후 선택할 수 있는 수학 과목을 안내한다는 직접 서술. 공통수학1·2를 공동 전제로 본다."
spine_edge_0535,spine_subj_gongsu2,spine_subj_insu,prerequisite_for,high,별책8 p.74,"공통수학2 p.74: <공통수학1, 2> 이후 선택할 수 있는 수학 과목을 안내한다는 직접 서술. 공통수학1·2를 공동 전제로 본다."
spine_edge_0536,spine_subj_gongsu2,spine_subj_jiksu,prerequisite_for,high,별책8 p.74,"공통수학2 p.74: <공통수학1, 2> 이후 선택할 수 있는 수학 과목을 안내한다는 직접 서술. 공통수학1·2를 공동 전제로 본다."
spine_edge_0537,spine_subj_gongsu2,spine_subj_sumun,prerequisite_for,high,별책8 p.74,"공통수학2 p.74: <공통수학1, 2> 이후 선택할 수 있는 수학 과목을 안내한다는 직접 서술. 공통수학1·2를 공동 전제로 본다."
spine_edge_0538,spine_subj_gongsu2,spine_subj_siltong,prerequisite_for,high,별책8 p.74,"공통수학2 p.74: <공통수학1, 2> 이후 선택할 수 있는 수학 과목을 안내한다는 직접 서술. 공통수학1·2를 공동 전제로 본다."
spine_edge_0539,spine_subj_gongsu2,spine_subj_sugwa,prerequisite_for,high,별책8 p.74,"공통수학2 p.74: <공통수학1, 2> 이후 선택할 수 있는 수학 과목을 안내한다는 직접 서술. 공통수학1·2를 공동 전제로 본다."
