legacy_record_type,legacy_id,legacy_label_ko,legacy_grade,legacy_domain,legacy_unit,coverage_status,matched_concept_ids,matched_concept_labels,candidate_action,confidence,source_note,notes
achievement_concept_tag,achievement:9수01-01:인수분해,인수분해,중1-3,수와 연산,9수01-01,covered_by_label,m1_factor_factorization,인수분해,no_action_existing_concept,medium,"Legacy hierarchy is a supporting, non-authoritative candidate source; confirm with official curriculum or textbook evidence before merging. Legacy source detail: pdf: 02_[별책8] 수학과 교육과정.pdf; page: 39; basis: 2022 개정 수학과 교육과정 공통 교육과정 성취기준",Matched by normalized label.
achievement_concept_tag,achievement:9수01-01:자연수,자연수,중1-3,수와 연산,9수01-01,covered_by_label,m1_num_natural_number,자연수,no_action_existing_concept,medium,"Legacy hierarchy is a supporting, non-authoritative candidate source; confirm with official curriculum or textbook evidence before merging. Legacy source detail: pdf: 02_[별책8] 수학과 교육과정.pdf; page: 39; basis: 2022 개정 수학과 교육과정 공통 교육과정 성취기준",Matched by normalized label.
achievement_concept_tag,achievement:9수01-02:배수,배수,중1-3,수와 연산,9수01-02,covered_by_label,m1_num_multiple,배수,no_action_existing_concept,medium,"Legacy hierarchy is a supporting, non-authoritative candidate source; confirm with official curriculum or textbook evidence before merging. Legacy source detail: pdf: 02_[별책8] 수학과 교육과정.pdf; page: 39; basis: 2022 개정 수학과 교육과정 공통 교육과정 성취기준",Matched by normalized label.
achievement_concept_tag,achievement:9수01-02:약수,약수,중1-3,수와 연산,9수01-02,covered_by_label,m1_num_divisor,약수,no_action_existing_concept,medium,"Legacy hierarchy is a supporting, non-authoritative candidate source; confirm with official curriculum or textbook evidence before merging. Legacy source detail: pdf: 02_[별책8] 수학과 교육과정.pdf; page: 39; basis: 2022 개정 수학과 교육과정 공통 교육과정 성취기준",Matched by normalized label.
achievement_concept_tag,achievement:9수01-02:유리수,유리수,중1-3,수와 연산,9수01-02,covered_by_label,m1_num_rational_number,유리수,no_action_existing_concept,medium,"Legacy hierarchy is a supporting, non-authoritative candidate source; confirm with official curriculum or textbook evidence before merging. Legacy source detail: pdf: 02_[별책8] 수학과 교육과정.pdf; page: 39; basis: 2022 개정 수학과 교육과정 공통 교육과정 성취기준",Matched by normalized label.
achievement_concept_tag,achievement:9수01-02:인수분해,인수분해,중1-3,수와 연산,9수01-02,covered_by_label,m1_factor_factorization,인수분해,no_action_existing_concept,medium,"Legacy hierarchy is a supporting, non-authoritative candidate source; confirm with official curriculum or textbook evidence before merging. Legacy source detail: pdf: 02_[별책8] 수학과 교육과정.pdf; page: 39; basis: 2022 개정 수학과 교육과정 공통 교육과정 성취기준",Matched by normalized label.
achievement_concept_tag,achievement:9수01-02:정수,정수,중1-3,수와 연산,9수01-02,covered_by_label,m1_num_integer,정수,no_action_existing_concept,medium,"Legacy hierarchy is a supporting, non-authoritative candidate source; confirm with official curriculum or textbook evidence before merging. Legacy source detail: pdf: 02_[별책8] 수학과 교육과정.pdf; page: 39; basis: 2022 개정 수학과 교육과정 공통 교육과정 성취기준",Matched by normalized label.
achievement_concept_tag,achievement:9수01-03:유리수,유리수,중1-3,수와 연산,9수01-03,covered_by_label,m1_num_rational_number,유리수,no_action_existing_concept,medium,"Legacy hierarchy is a supporting, non-authoritative candidate source; confirm with official curriculum or textbook evidence before merging. Legacy source detail: pdf: 02_[별책8] 수학과 교육과정.pdf; page: 39; basis: 2022 개정 수학과 교육과정 공통 교육과정 성취기준",Matched by normalized label.
achievement_concept_tag,achievement:9수01-03:정수,정수,중1-3,수와 연산,9수01-03,covered_by_label,m1_num_integer,정수,no_action_existing_concept,medium,"Legacy hierarchy is a supporting, non-authoritative candidate source; confirm with official curriculum or textbook evidence before merging. Legacy source detail: pdf: 02_[별책8] 수학과 교육과정.pdf; page: 39; basis: 2022 개정 수학과 교육과정 공통 교육과정 성취기준",Matched by normalized label.
achievement_concept_tag,achievement:9수01-04:유리수,유리수,중1-3,수와 연산,9수01-04,covered_by_label,m1_num_rational_number,유리수,no_action_existing_concept,medium,"Legacy hierarchy is a supporting, non-authoritative candidate source; confirm with official curriculum or textbook evidence before merging. Legacy source detail: pdf: 02_[별책8] 수학과 교육과정.pdf; page: 39; basis: 2022 개정 수학과 교육과정 공통 교육과정 성취기준",Matched by normalized label.
achievement_concept_tag,achievement:9수01-04:정수,정수,중1-3,수와 연산,9수01-04,covered_by_label,m1_num_integer,정수,no_action_existing_concept,medium,"Legacy hierarchy is a supporting, non-authoritative candidate source; confirm with official curriculum or textbook evidence before merging. Legacy source detail: pdf: 02_[별책8] 수학과 교육과정.pdf; page: 39; basis: 2022 개정 수학과 교육과정 공통 교육과정 성취기준",Matched by normalized label.
achievement_concept_tag,achievement:9수01-05:소수,소수,중1-3,수와 연산,9수01-05,covered_by_label,m1_num_prime_number,소수,no_action_existing_concept,medium,"Legacy hierarchy is a supporting, non-authoritative candidate source; confirm with official curriculum or textbook evidence before merging. Legacy source detail: pdf: 02_[별책8] 수학과 교육과정.pdf; page: 39; basis: 2022 개정 수학과 교육과정 공통 교육과정 성취기준",Matched by normalized label.
achievement_concept_tag,achievement:9수01-05:순환소수,순환소수,중1-3,수와 연산,9수01-05,covered_by_label,m1_num_repeating_decimal,순환소수,no_action_existing_concept,medium,"Legacy hierarchy is a supporting, non-authoritative candidate source; confirm with official curriculum or textbook evidence before merging. Legacy source detail: pdf: 02_[별책8] 수학과 교육과정.pdf; page: 39; basis: 2022 개정 수학과 교육과정 공통 교육과정 성취기준",Matched by normalized label.
achievement_concept_tag,achievement:9수01-05:원,원,중1-3,수와 연산,9수01-05,covered_by_label,m1_geo_circle,원,no_action_existing_concept,medium,"Legacy hierarchy is a supporting, non-authoritative candidate source; confirm with official curriculum or textbook evidence before merging. Legacy source detail: pdf: 02_[별책8] 수학과 교육과정.pdf; page: 39; basis: 2022 개정 수학과 교육과정 공통 교육과정 성취기준",Matched by normalized label.
achievement_concept_tag,achievement:9수01-05:유리수,유리수,중1-3,수와 연산,9수01-05,covered_by_label,m1_num_rational_number,유리수,no_action_existing_concept,medium,"Legacy hierarchy is a supporting, non-authoritative candidate source; confirm with official curriculum or textbook evidence before merging. Legacy source detail: pdf: 02_[별책8] 수학과 교육과정.pdf; page: 39; basis: 2022 개정 수학과 교육과정 공통 교육과정 성취기준",Matched by normalized label.
achievement_concept_tag,achievement:9수01-05:정수,정수,중1-3,수와 연산,9수01-05,covered_by_label,m1_num_integer,정수,no_action_existing_concept,medium,"Legacy hierarchy is a supporting, non-authoritative candidate source; confirm with official curriculum or textbook evidence before merging. Legacy source detail: pdf: 02_[별책8] 수학과 교육과정.pdf; page: 39; basis: 2022 개정 수학과 교육과정 공통 교육과정 성취기준",Matched by normalized label.
achievement_concept_tag,achievement:9수01-06:소수,소수,중1-3,수와 연산,9수01-06,covered_by_label,m1_num_prime_number,소수,no_action_existing_concept,medium,"Legacy hierarchy is a supporting, non-authoritative candidate source; confirm with official curriculum or textbook evidence before merging. Legacy source detail: pdf: 02_[별책8] 수학과 교육과정.pdf; page: 39; basis: 2022 개정 수학과 교육과정 공통 교육과정 성취기준",Matched by normalized label.
achievement_concept_tag,achievement:9수01-06:순환소수,순환소수,중1-3,수와 연산,9수01-06,covered_by_label,m1_num_repeating_decimal,순환소수,no_action_existing_concept,medium,"Legacy hierarchy is a supporting, non-authoritative candidate source; confirm with official curriculum or textbook evidence before merging. Legacy source detail: pdf: 02_[별책8] 수학과 교육과정.pdf; page: 39; basis: 2022 개정 수학과 교육과정 공통 교육과정 성취기준",Matched by normalized label.
achievement_concept_tag,achievement:9수01-06:실수,실수,중1-3,수와 연산,9수01-06,covered_by_label,m1_num_real_number,실수,no_action_existing_concept,medium,"Legacy hierarchy is a supporting, non-authoritative candidate source; confirm with official curriculum or textbook evidence before merging. Legacy source detail: pdf: 02_[별책8] 수학과 교육과정.pdf; page: 39; basis: 2022 개정 수학과 교육과정 공통 교육과정 성취기준",Matched by normalized label.
achievement_concept_tag,achievement:9수01-06:유리수,유리수,중1-3,수와 연산,9수01-06,covered_by_label,m1_num_rational_number,유리수,no_action_existing_concept,medium,"Legacy hierarchy is a supporting, non-authoritative candidate source; confirm with official curriculum or textbook evidence before merging. Legacy source detail: pdf: 02_[별책8] 수학과 교육과정.pdf; page: 39; basis: 2022 개정 수학과 교육과정 공통 교육과정 성취기준",Matched by normalized label.
achievement_concept_tag,achievement:9수01-06:제곱근,제곱근,중1-3,수와 연산,9수01-06,covered_by_label,m1_num_square_root,제곱근,no_action_existing_concept,medium,"Legacy hierarchy is a supporting, non-authoritative candidate source; confirm with official curriculum or textbook evidence before merging. Legacy source detail: pdf: 02_[별책8] 수학과 교육과정.pdf; page: 39; basis: 2022 개정 수학과 교육과정 공통 교육과정 성취기준",Matched by normalized label.
achievement_concept_tag,achievement:9수01-07:제곱근,제곱근,중1-3,수와 연산,9수01-07,covered_by_label,m1_num_square_root,제곱근,no_action_existing_concept,medium,"Legacy hierarchy is a supporting, non-authoritative candidate source; confirm with official curriculum or textbook evidence before merging. Legacy source detail: pdf: 02_[별책8] 수학과 교육과정.pdf; page: 39; basis: 2022 개정 수학과 교육과정 공통 교육과정 성취기준",Matched by normalized label.
achievement_concept_tag,achievement:9수01-09:실수,실수,중1-3,수와 연산,9수01-09,covered_by_label,m1_num_real_number,실수,no_action_existing_concept,medium,"Legacy hierarchy is a supporting, non-authoritative candidate source; confirm with official curriculum or textbook evidence before merging. Legacy source detail: pdf: 02_[별책8] 수학과 교육과정.pdf; page: 39; basis: 2022 개정 수학과 교육과정 공통 교육과정 성취기준",Matched by normalized label.
achievement_concept_tag,achievement:9수01-10:원,원,중1-3,수와 연산,9수01-10,covered_by_label,m1_geo_circle,원,no_action_existing_concept,medium,"Legacy hierarchy is a supporting, non-authoritative candidate source; confirm with official curriculum or textbook evidence before merging. Legacy source detail: pdf: 02_[별책8] 수학과 교육과정.pdf; page: 39; basis: 2022 개정 수학과 교육과정 공통 교육과정 성취기준",Matched by normalized label.
achievement_concept_tag,achievement:9수02-02:덧셈,덧셈,중1-3,변화와 관계,9수02-02,covered_by_label,m1_num_addition,덧셈,no_action_existing_concept,medium,"Legacy hierarchy is a supporting, non-authoritative candidate source; confirm with official curriculum or textbook evidence before merging. Legacy source detail: pdf: 02_[별책8] 수학과 교육과정.pdf; page: 40; basis: 2022 개정 수학과 교육과정 공통 교육과정 성취기준",Matched by normalized label.
achievement_concept_tag,achievement:9수02-02:방정식,방정식,중1-3,변화와 관계,9수02-02,covered_by_label,m1_eq_equation,방정식,no_action_existing_concept,medium,"Legacy hierarchy is a supporting, non-authoritative candidate source; confirm with official curriculum or textbook evidence before merging. Legacy source detail: pdf: 02_[별책8] 수학과 교육과정.pdf; page: 40; basis: 2022 개정 수학과 교육과정 공통 교육과정 성취기준",Matched by normalized label.
achievement_concept_tag,achievement:9수02-02:뺄셈,뺄셈,중1-3,변화와 관계,9수02-02,covered_by_label,m1_num_subtraction,뺄셈,no_action_existing_concept,medium,"Legacy hierarchy is a supporting, non-authoritative candidate source; confirm with official curriculum or textbook evidence before merging. Legacy source detail: pdf: 02_[별책8] 수학과 교육과정.pdf; page: 40; basis: 2022 개정 수학과 교육과정 공통 교육과정 성취기준",Matched by normalized label.
achievement_concept_tag,achievement:9수02-02:원,원,중1-3,변화와 관계,9수02-02,covered_by_label,m1_geo_circle,원,no_action_existing_concept,medium,"Legacy hierarchy is a supporting, non-authoritative candidate source; confirm with official curriculum or textbook evidence before merging. Legacy source detail: pdf: 02_[별책8] 수학과 교육과정.pdf; page: 40; basis: 2022 개정 수학과 교육과정 공통 교육과정 성취기준",Matched by normalized label.
achievement_concept_tag,achievement:9수02-03:방정식,방정식,중1-3,변화와 관계,9수02-03,covered_by_label,m1_eq_equation,방정식,no_action_existing_concept,medium,"Legacy hierarchy is a supporting, non-authoritative candidate source; confirm with official curriculum or textbook evidence before merging. Legacy source detail: pdf: 02_[별책8] 수학과 교육과정.pdf; page: 40; basis: 2022 개정 수학과 교육과정 공통 교육과정 성취기준",Matched by normalized label.
achievement_concept_tag,achievement:9수02-04:그래프,그래프,중1-3,변화와 관계,9수02-04,covered_by_label,m1_graph_graph,그래프,no_action_existing_concept,medium,"Legacy hierarchy is a supporting, non-authoritative candidate source; confirm with official curriculum or textbook evidence before merging. Legacy source detail: pdf: 02_[별책8] 수학과 교육과정.pdf; page: 40; basis: 2022 개정 수학과 교육과정 공통 교육과정 성취기준",Matched by normalized label.
achievement_concept_tag,achievement:9수02-04:방정식,방정식,중1-3,변화와 관계,9수02-04,covered_by_label,m1_eq_equation,방정식,no_action_existing_concept,medium,"Legacy hierarchy is a supporting, non-authoritative candidate source; confirm with official curriculum or textbook evidence before merging. Legacy source detail: pdf: 02_[별책8] 수학과 교육과정.pdf; page: 40; basis: 2022 개정 수학과 교육과정 공통 교육과정 성취기준",Matched by normalized label.
achievement_concept_tag,achievement:9수02-04:좌표,좌표,중1-3,변화와 관계,9수02-04,covered_by_label,m1_coord_coordinate,좌표,no_action_existing_concept,medium,"Legacy hierarchy is a supporting, non-authoritative candidate source; confirm with official curriculum or textbook evidence before merging. Legacy source detail: pdf: 02_[별책8] 수학과 교육과정.pdf; page: 40; basis: 2022 개정 수학과 교육과정 공통 교육과정 성취기준",Matched by normalized label.
achievement_concept_tag,achievement:9수02-04:표,표,중1-3,변화와 관계,9수02-04,covered_by_label,m1_repr_table,표,no_action_existing_concept,medium,"Legacy hierarchy is a supporting, non-authoritative candidate source; confirm with official curriculum or textbook evidence before merging. Legacy source detail: pdf: 02_[별책8] 수학과 교육과정.pdf; page: 40; basis: 2022 개정 수학과 교육과정 공통 교육과정 성취기준",Matched by normalized label.
achievement_concept_tag,achievement:9수02-05:좌표,좌표,중1-3,변화와 관계,9수02-05,covered_by_label,m1_coord_coordinate,좌표,no_action_existing_concept,medium,"Legacy hierarchy is a supporting, non-authoritative candidate source; confirm with official curriculum or textbook evidence before merging. Legacy source detail: pdf: 02_[별책8] 수학과 교육과정.pdf; page: 40; basis: 2022 개정 수학과 교육과정 공통 교육과정 성취기준",Matched by normalized label.
achievement_concept_tag,achievement:9수02-05:표,표,중1-3,변화와 관계,9수02-05,covered_by_label,m1_repr_table,표,no_action_existing_concept,medium,"Legacy hierarchy is a supporting, non-authoritative candidate source; confirm with official curriculum or textbook evidence before merging. Legacy source detail: pdf: 02_[별책8] 수학과 교육과정.pdf; page: 40; basis: 2022 개정 수학과 교육과정 공통 교육과정 성취기준",Matched by normalized label.
achievement_concept_tag,achievement:9수02-06:그래프,그래프,중1-3,변화와 관계,9수02-06,covered_by_label,m1_graph_graph,그래프,no_action_existing_concept,medium,"Legacy hierarchy is a supporting, non-authoritative candidate source; confirm with official curriculum or textbook evidence before merging. Legacy source detail: pdf: 02_[별책8] 수학과 교육과정.pdf; page: 40; basis: 2022 개정 수학과 교육과정 공통 교육과정 성취기준",Matched by normalized label.
achievement_concept_tag,achievement:9수02-07:그래프,그래프,중1-3,변화와 관계,9수02-07,covered_by_label,m1_graph_graph,그래프,no_action_existing_concept,medium,"Legacy hierarchy is a supporting, non-authoritative candidate source; confirm with official curriculum or textbook evidence before merging. Legacy source detail: pdf: 02_[별책8] 수학과 교육과정.pdf; page: 41; basis: 2022 개정 수학과 교육과정 공통 교육과정 성취기준",Matched by normalized label.
achievement_concept_tag,achievement:9수02-07:비,비,중1-3,변화와 관계,9수02-07,needs_review,,,review_against_official_sources,low,"Legacy hierarchy is a supporting, non-authoritative candidate source; confirm with official curriculum or textbook evidence before merging. Legacy source detail: pdf: 02_[별책8] 수학과 교육과정.pdf; page: 41; basis: 2022 개정 수학과 교육과정 공통 교육과정 성취기준",No normalized label or alias match in concepts.json.
achievement_concept_tag,achievement:9수02-07:표,표,중1-3,변화와 관계,9수02-07,covered_by_label,m1_repr_table,표,no_action_existing_concept,medium,"Legacy hierarchy is a supporting, non-authoritative candidate source; confirm with official curriculum or textbook evidence before merging. Legacy source detail: pdf: 02_[별책8] 수학과 교육과정.pdf; page: 41; basis: 2022 개정 수학과 교육과정 공통 교육과정 성취기준",Matched by normalized label.
achievement_concept_tag,achievement:9수02-09:다항식,다항식,중1-3,변화와 관계,9수02-09,covered_by_label,m1_expr_polynomial,다항식,no_action_existing_concept,medium,"Legacy hierarchy is a supporting, non-authoritative candidate source; confirm with official curriculum or textbook evidence before merging. Legacy source detail: pdf: 02_[별책8] 수학과 교육과정.pdf; page: 41; basis: 2022 개정 수학과 교육과정 공통 교육과정 성취기준",Matched by normalized label.
achievement_concept_tag,achievement:9수02-09:덧셈,덧셈,중1-3,변화와 관계,9수02-09,covered_by_label,m1_num_addition,덧셈,no_action_existing_concept,medium,"Legacy hierarchy is a supporting, non-authoritative candidate source; confirm with official curriculum or textbook evidence before merging. Legacy source detail: pdf: 02_[별책8] 수학과 교육과정.pdf; page: 41; basis: 2022 개정 수학과 교육과정 공통 교육과정 성취기준",Matched by normalized label.
achievement_concept_tag,achievement:9수02-09:뺄셈,뺄셈,중1-3,변화와 관계,9수02-09,covered_by_label,m1_num_subtraction,뺄셈,no_action_existing_concept,medium,"Legacy hierarchy is a supporting, non-authoritative candidate source; confirm with official curriculum or textbook evidence before merging. Legacy source detail: pdf: 02_[별책8] 수학과 교육과정.pdf; page: 41; basis: 2022 개정 수학과 교육과정 공통 교육과정 성취기준",Matched by normalized label.
achievement_concept_tag,achievement:9수02-09:원,원,중1-3,변화와 관계,9수02-09,covered_by_label,m1_geo_circle,원,no_action_existing_concept,medium,"Legacy hierarchy is a supporting, non-authoritative candidate source; confirm with official curriculum or textbook evidence before merging. Legacy source detail: pdf: 02_[별책8] 수학과 교육과정.pdf; page: 41; basis: 2022 개정 수학과 교육과정 공통 교육과정 성취기준",Matched by normalized label.
achievement_concept_tag,achievement:9수02-10:곱셈,곱셈,중1-3,변화와 관계,9수02-10,covered_by_label,m1_num_multiplication,곱셈,no_action_existing_concept,medium,"Legacy hierarchy is a supporting, non-authoritative candidate source; confirm with official curriculum or textbook evidence before merging. Legacy source detail: pdf: 02_[별책8] 수학과 교육과정.pdf; page: 41; basis: 2022 개정 수학과 교육과정 공통 교육과정 성취기준",Matched by normalized label.
achievement_concept_tag,achievement:9수02-10:나눗셈,나눗셈,중1-3,변화와 관계,9수02-10,covered_by_label,m1_num_division,나눗셈,no_action_existing_concept,medium,"Legacy hierarchy is a supporting, non-authoritative candidate source; confirm with official curriculum or textbook evidence before merging. Legacy source detail: pdf: 02_[별책8] 수학과 교육과정.pdf; page: 41; basis: 2022 개정 수학과 교육과정 공통 교육과정 성취기준",Matched by normalized label.
achievement_concept_tag,achievement:9수02-10:다항식,다항식,중1-3,변화와 관계,9수02-10,covered_by_label,m1_expr_polynomial,다항식,no_action_existing_concept,medium,"Legacy hierarchy is a supporting, non-authoritative candidate source; confirm with official curriculum or textbook evidence before merging. Legacy source detail: pdf: 02_[별책8] 수학과 교육과정.pdf; page: 41; basis: 2022 개정 수학과 교육과정 공통 교육과정 성취기준",Matched by normalized label.
achievement_concept_tag,achievement:9수02-10:부등식,부등식,중1-3,변화와 관계,9수02-10,covered_by_label,m1_ineq_inequality,부등식,no_action_existing_concept,medium,"Legacy hierarchy is a supporting, non-authoritative candidate source; confirm with official curriculum or textbook evidence before merging. Legacy source detail: pdf: 02_[별책8] 수학과 교육과정.pdf; page: 41; basis: 2022 개정 수학과 교육과정 공통 교육과정 성취기준",Matched by normalized label.
achievement_concept_tag,achievement:9수02-10:원,원,중1-3,변화와 관계,9수02-10,covered_by_label,m1_geo_circle,원,no_action_existing_concept,medium,"Legacy hierarchy is a supporting, non-authoritative candidate source; confirm with official curriculum or textbook evidence before merging. Legacy source detail: pdf: 02_[별책8] 수학과 교육과정.pdf; page: 41; basis: 2022 개정 수학과 교육과정 공통 교육과정 성취기준",Matched by normalized label.
achievement_concept_tag,achievement:9수02-11:부등식,부등식,중1-3,변화와 관계,9수02-11,covered_by_label,m1_ineq_inequality,부등식,no_action_existing_concept,medium,"Legacy hierarchy is a supporting, non-authoritative candidate source; confirm with official curriculum or textbook evidence before merging. Legacy source detail: pdf: 02_[별책8] 수학과 교육과정.pdf; page: 41; basis: 2022 개정 수학과 교육과정 공통 교육과정 성취기준",Matched by normalized label.
achievement_concept_tag,achievement:9수02-12:방정식,방정식,중1-3,변화와 관계,9수02-12,covered_by_label,m1_eq_equation,방정식,no_action_existing_concept,medium,"Legacy hierarchy is a supporting, non-authoritative candidate source; confirm with official curriculum or textbook evidence before merging. Legacy source detail: pdf: 02_[별책8] 수학과 교육과정.pdf; page: 41; basis: 2022 개정 수학과 교육과정 공통 교육과정 성취기준",Matched by normalized label.
achievement_concept_tag,achievement:9수02-12:부등식,부등식,중1-3,변화와 관계,9수02-12,covered_by_label,m1_ineq_inequality,부등식,no_action_existing_concept,medium,"Legacy hierarchy is a supporting, non-authoritative candidate source; confirm with official curriculum or textbook evidence before merging. Legacy source detail: pdf: 02_[별책8] 수학과 교육과정.pdf; page: 41; basis: 2022 개정 수학과 교육과정 공통 교육과정 성취기준",Matched by normalized label.
achievement_concept_tag,achievement:9수02-13:그래프,그래프,중1-3,변화와 관계,9수02-13,covered_by_label,m1_graph_graph,그래프,no_action_existing_concept,medium,"Legacy hierarchy is a supporting, non-authoritative candidate source; confirm with official curriculum or textbook evidence before merging. Legacy source detail: pdf: 02_[별책8] 수학과 교육과정.pdf; page: 41; basis: 2022 개정 수학과 교육과정 공통 교육과정 성취기준",Matched by normalized label.
achievement_concept_tag,achievement:9수02-13:방정식,방정식,중1-3,변화와 관계,9수02-13,covered_by_label,m1_eq_equation,방정식,no_action_existing_concept,medium,"Legacy hierarchy is a supporting, non-authoritative candidate source; confirm with official curriculum or textbook evidence before merging. Legacy source detail: pdf: 02_[별책8] 수학과 교육과정.pdf; page: 41; basis: 2022 개정 수학과 교육과정 공통 교육과정 성취기준",Matched by normalized label.
achievement_concept_tag,achievement:9수02-13:함수,함수,중1-3,변화와 관계,9수02-13,covered_by_label,m1_func_function,함수,no_action_existing_concept,medium,"Legacy hierarchy is a supporting, non-authoritative candidate source; confirm with official curriculum or textbook evidence before merging. Legacy source detail: pdf: 02_[별책8] 수학과 교육과정.pdf; page: 41; basis: 2022 개정 수학과 교육과정 공통 교육과정 성취기준",Matched by normalized label.
achievement_concept_tag,achievement:9수02-14:함수,함수,중1-3,변화와 관계,9수02-14,covered_by_label,m1_func_function,함수,no_action_existing_concept,medium,"Legacy hierarchy is a supporting, non-authoritative candidate source; confirm with official curriculum or textbook evidence before merging. Legacy source detail: pdf: 02_[별책8] 수학과 교육과정.pdf; page: 41; basis: 2022 개정 수학과 교육과정 공통 교육과정 성취기준",Matched by normalized label.
achievement_concept_tag,achievement:9수02-15:그래프,그래프,중1-3,변화와 관계,9수02-15,covered_by_label,m1_graph_graph,그래프,no_action_existing_concept,medium,"Legacy hierarchy is a supporting, non-authoritative candidate source; confirm with official curriculum or textbook evidence before merging. Legacy source detail: pdf: 02_[별책8] 수학과 교육과정.pdf; page: 41; basis: 2022 개정 수학과 교육과정 공통 교육과정 성취기준",Matched by normalized label.
achievement_concept_tag,achievement:9수02-15:함수,함수,중1-3,변화와 관계,9수02-15,covered_by_label,m1_func_function,함수,no_action_existing_concept,medium,"Legacy hierarchy is a supporting, non-authoritative candidate source; confirm with official curriculum or textbook evidence before merging. Legacy source detail: pdf: 02_[별책8] 수학과 교육과정.pdf; page: 41; basis: 2022 개정 수학과 교육과정 공통 교육과정 성취기준",Matched by normalized label.
achievement_concept_tag,achievement:9수02-16:그래프,그래프,중1-3,변화와 관계,9수02-16,covered_by_label,m1_graph_graph,그래프,no_action_existing_concept,medium,"Legacy hierarchy is a supporting, non-authoritative candidate source; confirm with official curriculum or textbook evidence before merging. Legacy source detail: pdf: 02_[별책8] 수학과 교육과정.pdf; page: 41; basis: 2022 개정 수학과 교육과정 공통 교육과정 성취기준",Matched by normalized label.
achievement_concept_tag,achievement:9수02-16:방정식,방정식,중1-3,변화와 관계,9수02-16,covered_by_label,m1_eq_equation,방정식,no_action_existing_concept,medium,"Legacy hierarchy is a supporting, non-authoritative candidate source; confirm with official curriculum or textbook evidence before merging. Legacy source detail: pdf: 02_[별책8] 수학과 교육과정.pdf; page: 41; basis: 2022 개정 수학과 교육과정 공통 교육과정 성취기준",Matched by normalized label.
achievement_concept_tag,achievement:9수02-16:함수,함수,중1-3,변화와 관계,9수02-16,covered_by_label,m1_func_function,함수,no_action_existing_concept,medium,"Legacy hierarchy is a supporting, non-authoritative candidate source; confirm with official curriculum or textbook evidence before merging. Legacy source detail: pdf: 02_[별책8] 수학과 교육과정.pdf; page: 41; basis: 2022 개정 수학과 교육과정 공통 교육과정 성취기준",Matched by normalized label.
achievement_concept_tag,achievement:9수02-17:방정식,방정식,중1-3,변화와 관계,9수02-17,covered_by_label,m1_eq_equation,방정식,no_action_existing_concept,medium,"Legacy hierarchy is a supporting, non-authoritative candidate source; confirm with official curriculum or textbook evidence before merging. Legacy source detail: pdf: 02_[별책8] 수학과 교육과정.pdf; page: 41; basis: 2022 개정 수학과 교육과정 공통 교육과정 성취기준",Matched by normalized label.
achievement_concept_tag,achievement:9수02-17:함수,함수,중1-3,변화와 관계,9수02-17,covered_by_label,m1_func_function,함수,no_action_existing_concept,medium,"Legacy hierarchy is a supporting, non-authoritative candidate source; confirm with official curriculum or textbook evidence before merging. Legacy source detail: pdf: 02_[별책8] 수학과 교육과정.pdf; page: 41; basis: 2022 개정 수학과 교육과정 공통 교육과정 성취기준",Matched by normalized label.
achievement_concept_tag,achievement:9수02-18:곱셈,곱셈,중1-3,변화와 관계,9수02-18,covered_by_label,m1_num_multiplication,곱셈,no_action_existing_concept,medium,"Legacy hierarchy is a supporting, non-authoritative candidate source; confirm with official curriculum or textbook evidence before merging. Legacy source detail: pdf: 02_[별책8] 수학과 교육과정.pdf; page: 41; basis: 2022 개정 수학과 교육과정 공통 교육과정 성취기준",Matched by normalized label.
achievement_concept_tag,achievement:9수02-18:그래프,그래프,중1-3,변화와 관계,9수02-18,covered_by_label,m1_graph_graph,그래프,no_action_existing_concept,medium,"Legacy hierarchy is a supporting, non-authoritative candidate source; confirm with official curriculum or textbook evidence before merging. Legacy source detail: pdf: 02_[별책8] 수학과 교육과정.pdf; page: 41; basis: 2022 개정 수학과 교육과정 공통 교육과정 성취기준",Matched by normalized label.
achievement_concept_tag,achievement:9수02-18:다항식,다항식,중1-3,변화와 관계,9수02-18,covered_by_label,m1_expr_polynomial,다항식,no_action_existing_concept,medium,"Legacy hierarchy is a supporting, non-authoritative candidate source; confirm with official curriculum or textbook evidence before merging. Legacy source detail: pdf: 02_[별책8] 수학과 교육과정.pdf; page: 41; basis: 2022 개정 수학과 교육과정 공통 교육과정 성취기준",Matched by normalized label.
achievement_concept_tag,achievement:9수02-18:방정식,방정식,중1-3,변화와 관계,9수02-18,covered_by_label,m1_eq_equation,방정식,no_action_existing_concept,medium,"Legacy hierarchy is a supporting, non-authoritative candidate source; confirm with official curriculum or textbook evidence before merging. Legacy source detail: pdf: 02_[별책8] 수학과 교육과정.pdf; page: 41; basis: 2022 개정 수학과 교육과정 공통 교육과정 성취기준",Matched by normalized label.
achievement_concept_tag,achievement:9수02-18:인수분해,인수분해,중1-3,변화와 관계,9수02-18,covered_by_label,m1_factor_factorization,인수분해,no_action_existing_concept,medium,"Legacy hierarchy is a supporting, non-authoritative candidate source; confirm with official curriculum or textbook evidence before merging. Legacy source detail: pdf: 02_[별책8] 수학과 교육과정.pdf; page: 41; basis: 2022 개정 수학과 교육과정 공통 교육과정 성취기준",Matched by normalized label.
achievement_concept_tag,achievement:9수02-18:함수,함수,중1-3,변화와 관계,9수02-18,covered_by_label,m1_func_function,함수,no_action_existing_concept,medium,"Legacy hierarchy is a supporting, non-authoritative candidate source; confirm with official curriculum or textbook evidence before merging. Legacy source detail: pdf: 02_[별책8] 수학과 교육과정.pdf; page: 41; basis: 2022 개정 수학과 교육과정 공통 교육과정 성취기준",Matched by normalized label.
achievement_concept_tag,achievement:9수02-19:곱셈,곱셈,중1-3,변화와 관계,9수02-19,covered_by_label,m1_num_multiplication,곱셈,no_action_existing_concept,medium,"Legacy hierarchy is a supporting, non-authoritative candidate source; confirm with official curriculum or textbook evidence before merging. Legacy source detail: pdf: 02_[별책8] 수학과 교육과정.pdf; page: 41; basis: 2022 개정 수학과 교육과정 공통 교육과정 성취기준",Matched by normalized label.
achievement_concept_tag,achievement:9수02-19:다항식,다항식,중1-3,변화와 관계,9수02-19,covered_by_label,m1_expr_polynomial,다항식,no_action_existing_concept,medium,"Legacy hierarchy is a supporting, non-authoritative candidate source; confirm with official curriculum or textbook evidence before merging. Legacy source detail: pdf: 02_[별책8] 수학과 교육과정.pdf; page: 41; basis: 2022 개정 수학과 교육과정 공통 교육과정 성취기준",Matched by normalized label.
achievement_concept_tag,achievement:9수02-19:방정식,방정식,중1-3,변화와 관계,9수02-19,covered_by_label,m1_eq_equation,방정식,no_action_existing_concept,medium,"Legacy hierarchy is a supporting, non-authoritative candidate source; confirm with official curriculum or textbook evidence before merging. Legacy source detail: pdf: 02_[별책8] 수학과 교육과정.pdf; page: 41; basis: 2022 개정 수학과 교육과정 공통 교육과정 성취기준",Matched by normalized label.
achievement_concept_tag,achievement:9수02-19:인수분해,인수분해,중1-3,변화와 관계,9수02-19,covered_by_label,m1_factor_factorization,인수분해,no_action_existing_concept,medium,"Legacy hierarchy is a supporting, non-authoritative candidate source; confirm with official curriculum or textbook evidence before merging. Legacy source detail: pdf: 02_[별책8] 수학과 교육과정.pdf; page: 41; basis: 2022 개정 수학과 교육과정 공통 교육과정 성취기준",Matched by normalized label.
achievement_concept_tag,achievement:9수02-20:그래프,그래프,중1-3,변화와 관계,9수02-20,covered_by_label,m1_graph_graph,그래프,no_action_existing_concept,medium,"Legacy hierarchy is a supporting, non-authoritative candidate source; confirm with official curriculum or textbook evidence before merging. Legacy source detail: pdf: 02_[별책8] 수학과 교육과정.pdf; page: 41; basis: 2022 개정 수학과 교육과정 공통 교육과정 성취기준",Matched by normalized label.
achievement_concept_tag,achievement:9수02-20:방정식,방정식,중1-3,변화와 관계,9수02-20,covered_by_label,m1_eq_equation,방정식,no_action_existing_concept,medium,"Legacy hierarchy is a supporting, non-authoritative candidate source; confirm with official curriculum or textbook evidence before merging. Legacy source detail: pdf: 02_[별책8] 수학과 교육과정.pdf; page: 41; basis: 2022 개정 수학과 교육과정 공통 교육과정 성취기준",Matched by normalized label.
achievement_concept_tag,achievement:9수02-20:함수,함수,중1-3,변화와 관계,9수02-20,covered_by_label,m1_func_function,함수,no_action_existing_concept,medium,"Legacy hierarchy is a supporting, non-authoritative candidate source; confirm with official curriculum or textbook evidence before merging. Legacy source detail: pdf: 02_[별책8] 수학과 교육과정.pdf; page: 41; basis: 2022 개정 수학과 교육과정 공통 교육과정 성취기준",Matched by normalized label.
achievement_concept_tag,achievement:9수02-21:함수,함수,중1-3,변화와 관계,9수02-21,covered_by_label,m1_func_function,함수,no_action_existing_concept,medium,"Legacy hierarchy is a supporting, non-authoritative candidate source; confirm with official curriculum or textbook evidence before merging. Legacy source detail: pdf: 02_[별책8] 수학과 교육과정.pdf; page: 41; basis: 2022 개정 수학과 교육과정 공통 교육과정 성취기준",Matched by normalized label.
achievement_concept_tag,achievement:9수02-22:그래프,그래프,중1-3,변화와 관계,9수02-22,covered_by_label,m1_graph_graph,그래프,no_action_existing_concept,medium,"Legacy hierarchy is a supporting, non-authoritative candidate source; confirm with official curriculum or textbook evidence before merging. Legacy source detail: pdf: 02_[별책8] 수학과 교육과정.pdf; page: 41; basis: 2022 개정 수학과 교육과정 공통 교육과정 성취기준",Matched by normalized label.
achievement_concept_tag,achievement:9수02-22:함수,함수,중1-3,변화와 관계,9수02-22,covered_by_label,m1_func_function,함수,no_action_existing_concept,medium,"Legacy hierarchy is a supporting, non-authoritative candidate source; confirm with official curriculum or textbook evidence before merging. Legacy source detail: pdf: 02_[별책8] 수학과 교육과정.pdf; page: 41; basis: 2022 개정 수학과 교육과정 공통 교육과정 성취기준",Matched by normalized label.
achievement_concept_tag,achievement:9수03-02:합동,합동,중1-3,도형과 측정,9수03-02,covered_by_label,m1_geo_congruence,합동,no_action_existing_concept,medium,"Legacy hierarchy is a supporting, non-authoritative candidate source; confirm with official curriculum or textbook evidence before merging. Legacy source detail: pdf: 02_[별책8] 수학과 교육과정.pdf; page: 43; basis: 2022 개정 수학과 교육과정 공통 교육과정 성취기준",Matched by normalized label.
achievement_concept_tag,achievement:9수03-03:삼각형,삼각형,중1-3,도형과 측정,9수03-03,needs_review,,,review_against_official_sources,low,"Legacy hierarchy is a supporting, non-authoritative candidate source; confirm with official curriculum or textbook evidence before merging. Legacy source detail: pdf: 02_[별책8] 수학과 교육과정.pdf; page: 43; basis: 2022 개정 수학과 교육과정 공통 교육과정 성취기준",No normalized label or alias match in concepts.json.
achievement_concept_tag,achievement:9수03-04:도형,도형,중1-3,도형과 측정,9수03-04,needs_review,,,review_against_official_sources,low,"Legacy hierarchy is a supporting, non-authoritative candidate source; confirm with official curriculum or textbook evidence before merging. Legacy source detail: pdf: 02_[별책8] 수학과 교육과정.pdf; page: 43; basis: 2022 개정 수학과 교육과정 공통 교육과정 성취기준",No normalized label or alias match in concepts.json.
achievement_concept_tag,achievement:9수03-04:삼각형,삼각형,중1-3,도형과 측정,9수03-04,needs_review,,,review_against_official_sources,low,"Legacy hierarchy is a supporting, non-authoritative candidate source; confirm with official curriculum or textbook evidence before merging. Legacy source detail: pdf: 02_[별책8] 수학과 교육과정.pdf; page: 43; basis: 2022 개정 수학과 교육과정 공통 교육과정 성취기준",No normalized label or alias match in concepts.json.
achievement_concept_tag,achievement:9수03-04:합동,합동,중1-3,도형과 측정,9수03-04,covered_by_label,m1_geo_congruence,합동,no_action_existing_concept,medium,"Legacy hierarchy is a supporting, non-authoritative candidate source; confirm with official curriculum or textbook evidence before merging. Legacy source detail: pdf: 02_[별책8] 수학과 교육과정.pdf; page: 43; basis: 2022 개정 수학과 교육과정 공통 교육과정 성취기준",Matched by normalized label.
achievement_concept_tag,achievement:9수03-06:길이,길이,중1-3,도형과 측정,9수03-06,needs_review,,,review_against_official_sources,low,"Legacy hierarchy is a supporting, non-authoritative candidate source; confirm with official curriculum or textbook evidence before merging. Legacy source detail: pdf: 02_[별책8] 수학과 교육과정.pdf; page: 44; basis: 2022 개정 수학과 교육과정 공통 교육과정 성취기준",No normalized label or alias match in concepts.json.
achievement_concept_tag,achievement:9수03-06:넓이,넓이,중1-3,도형과 측정,9수03-06,needs_review,,,review_against_official_sources,low,"Legacy hierarchy is a supporting, non-authoritative candidate source; confirm with official curriculum or textbook evidence before merging. Legacy source detail: pdf: 02_[별책8] 수학과 교육과정.pdf; page: 44; basis: 2022 개정 수학과 교육과정 공통 교육과정 성취기준",No normalized label or alias match in concepts.json.
achievement_concept_tag,achievement:9수03-06:도형,도형,중1-3,도형과 측정,9수03-06,needs_review,,,review_against_official_sources,low,"Legacy hierarchy is a supporting, non-authoritative candidate source; confirm with official curriculum or textbook evidence before merging. Legacy source detail: pdf: 02_[별책8] 수학과 교육과정.pdf; page: 44; basis: 2022 개정 수학과 교육과정 공통 교육과정 성취기준",No normalized label or alias match in concepts.json.
achievement_concept_tag,achievement:9수03-08:넓이,넓이,중1-3,도형과 측정,9수03-08,needs_review,,,review_against_official_sources,low,"Legacy hierarchy is a supporting, non-authoritative candidate source; confirm with official curriculum or textbook evidence before merging. Legacy source detail: pdf: 02_[별책8] 수학과 교육과정.pdf; page: 44; basis: 2022 개정 수학과 교육과정 공통 교육과정 성취기준",No normalized label or alias match in concepts.json.
achievement_concept_tag,achievement:9수03-08:도형,도형,중1-3,도형과 측정,9수03-08,needs_review,,,review_against_official_sources,low,"Legacy hierarchy is a supporting, non-authoritative candidate source; confirm with official curriculum or textbook evidence before merging. Legacy source detail: pdf: 02_[별책8] 수학과 교육과정.pdf; page: 44; basis: 2022 개정 수학과 교육과정 공통 교육과정 성취기준",No normalized label or alias match in concepts.json.
achievement_concept_tag,achievement:9수03-08:부피,부피,중1-3,도형과 측정,9수03-08,covered_by_label,m1_geo_volume,부피,no_action_existing_concept,medium,"Legacy hierarchy is a supporting, non-authoritative candidate source; confirm with official curriculum or textbook evidence before merging. Legacy source detail: pdf: 02_[별책8] 수학과 교육과정.pdf; page: 44; basis: 2022 개정 수학과 교육과정 공통 교육과정 성취기준",Matched by normalized label.
achievement_concept_tag,achievement:9수03-08:사각형,사각형,중1-3,도형과 측정,9수03-08,covered_by_label,m1_geo_quadrilateral,사각형,no_action_existing_concept,medium,"Legacy hierarchy is a supporting, non-authoritative candidate source; confirm with official curriculum or textbook evidence before merging. Legacy source detail: pdf: 02_[별책8] 수학과 교육과정.pdf; page: 44; basis: 2022 개정 수학과 교육과정 공통 교육과정 성취기준",Matched by normalized label.
achievement_concept_tag,achievement:9수03-08:삼각형,삼각형,중1-3,도형과 측정,9수03-08,needs_review,,,review_against_official_sources,low,"Legacy hierarchy is a supporting, non-authoritative candidate source; confirm with official curriculum or textbook evidence before merging. Legacy source detail: pdf: 02_[별책8] 수학과 교육과정.pdf; page: 44; basis: 2022 개정 수학과 교육과정 공통 교육과정 성취기준",No normalized label or alias match in concepts.json.
achievement_concept_tag,achievement:9수03-09:삼각형,삼각형,중1-3,도형과 측정,9수03-09,needs_review,,,review_against_official_sources,low,"Legacy hierarchy is a supporting, non-authoritative candidate source; confirm with official curriculum or textbook evidence before merging. Legacy source detail: pdf: 02_[별책8] 수학과 교육과정.pdf; page: 44; basis: 2022 개정 수학과 교육과정 공통 교육과정 성취기준",No normalized label or alias match in concepts.json.
achievement_concept_tag,achievement:9수03-10:삼각형,삼각형,중1-3,도형과 측정,9수03-10,needs_review,,,review_against_official_sources,low,"Legacy hierarchy is a supporting, non-authoritative candidate source; confirm with official curriculum or textbook evidence before merging. Legacy source detail: pdf: 02_[별책8] 수학과 교육과정.pdf; page: 44; basis: 2022 개정 수학과 교육과정 공통 교육과정 성취기준",No normalized label or alias match in concepts.json.
achievement_concept_tag,achievement:9수03-11:닮음,닮음,중1-3,도형과 측정,9수03-11,covered_by_label,m1_geo_similarity,닮음,no_action_existing_concept,medium,"Legacy hierarchy is a supporting, non-authoritative candidate source; confirm with official curriculum or textbook evidence before merging. Legacy source detail: pdf: 02_[별책8] 수학과 교육과정.pdf; page: 44; basis: 2022 개정 수학과 교육과정 공통 교육과정 성취기준",Matched by normalized label.
achievement_concept_tag,achievement:9수03-11:도형,도형,중1-3,도형과 측정,9수03-11,needs_review,,,review_against_official_sources,low,"Legacy hierarchy is a supporting, non-authoritative candidate source; confirm with official curriculum or textbook evidence before merging. Legacy source detail: pdf: 02_[별책8] 수학과 교육과정.pdf; page: 44; basis: 2022 개정 수학과 교육과정 공통 교육과정 성취기준",No normalized label or alias match in concepts.json.
achievement_concept_tag,achievement:9수03-11:사각형,사각형,중1-3,도형과 측정,9수03-11,covered_by_label,m1_geo_quadrilateral,사각형,no_action_existing_concept,medium,"Legacy hierarchy is a supporting, non-authoritative candidate source; confirm with official curriculum or textbook evidence before merging. Legacy source detail: pdf: 02_[별책8] 수학과 교육과정.pdf; page: 44; basis: 2022 개정 수학과 교육과정 공통 교육과정 성취기준",Matched by normalized label.
achievement_concept_tag,achievement:9수03-12:닮음,닮음,중1-3,도형과 측정,9수03-12,covered_by_label,m1_geo_similarity,닮음,no_action_existing_concept,medium,"Legacy hierarchy is a supporting, non-authoritative candidate source; confirm with official curriculum or textbook evidence before merging. Legacy source detail: pdf: 02_[별책8] 수학과 교육과정.pdf; page: 44; basis: 2022 개정 수학과 교육과정 공통 교육과정 성취기준",Matched by normalized label.
achievement_concept_tag,achievement:9수03-12:도형,도형,중1-3,도형과 측정,9수03-12,needs_review,,,review_against_official_sources,low,"Legacy hierarchy is a supporting, non-authoritative candidate source; confirm with official curriculum or textbook evidence before merging. Legacy source detail: pdf: 02_[별책8] 수학과 교육과정.pdf; page: 44; basis: 2022 개정 수학과 교육과정 공통 교육과정 성취기준",No normalized label or alias match in concepts.json.
achievement_concept_tag,achievement:9수03-12:비,비,중1-3,도형과 측정,9수03-12,needs_review,,,review_against_official_sources,low,"Legacy hierarchy is a supporting, non-authoritative candidate source; confirm with official curriculum or textbook evidence before merging. Legacy source detail: pdf: 02_[별책8] 수학과 교육과정.pdf; page: 44; basis: 2022 개정 수학과 교육과정 공통 교육과정 성취기준",No normalized label or alias match in concepts.json.
achievement_concept_tag,achievement:9수03-13:닮음,닮음,중1-3,도형과 측정,9수03-13,covered_by_label,m1_geo_similarity,닮음,no_action_existing_concept,medium,"Legacy hierarchy is a supporting, non-authoritative candidate source; confirm with official curriculum or textbook evidence before merging. Legacy source detail: pdf: 02_[별책8] 수학과 교육과정.pdf; page: 44; basis: 2022 개정 수학과 교육과정 공통 교육과정 성취기준",Matched by normalized label.
achievement_concept_tag,achievement:9수03-13:삼각형,삼각형,중1-3,도형과 측정,9수03-13,needs_review,,,review_against_official_sources,low,"Legacy hierarchy is a supporting, non-authoritative candidate source; confirm with official curriculum or textbook evidence before merging. Legacy source detail: pdf: 02_[별책8] 수학과 교육과정.pdf; page: 44; basis: 2022 개정 수학과 교육과정 공통 교육과정 성취기준",No normalized label or alias match in concepts.json.
achievement_concept_tag,achievement:9수03-14:길이,길이,중1-3,도형과 측정,9수03-14,needs_review,,,review_against_official_sources,low,"Legacy hierarchy is a supporting, non-authoritative candidate source; confirm with official curriculum or textbook evidence before merging. Legacy source detail: pdf: 02_[별책8] 수학과 교육과정.pdf; page: 44; basis: 2022 개정 수학과 교육과정 공통 교육과정 성취기준",No normalized label or alias match in concepts.json.
achievement_concept_tag,achievement:9수03-14:비,비,중1-3,도형과 측정,9수03-14,needs_review,,,review_against_official_sources,low,"Legacy hierarchy is a supporting, non-authoritative candidate source; confirm with official curriculum or textbook evidence before merging. Legacy source detail: pdf: 02_[별책8] 수학과 교육과정.pdf; page: 44; basis: 2022 개정 수학과 교육과정 공통 교육과정 성취기준",No normalized label or alias match in concepts.json.
achievement_concept_tag,achievement:9수03-14:피타고라스,피타고라스,중1-3,도형과 측정,9수03-14,needs_review,,,review_against_official_sources,low,"Legacy hierarchy is a supporting, non-authoritative candidate source; confirm with official curriculum or textbook evidence before merging. Legacy source detail: pdf: 02_[별책8] 수학과 교육과정.pdf; page: 44; basis: 2022 개정 수학과 교육과정 공통 교육과정 성취기준",No normalized label or alias match in concepts.json.
achievement_concept_tag,achievement:9수03-15:비,비,중1-3,도형과 측정,9수03-15,needs_review,,,review_against_official_sources,low,"Legacy hierarchy is a supporting, non-authoritative candidate source; confirm with official curriculum or textbook evidence before merging. Legacy source detail: pdf: 02_[별책8] 수학과 교육과정.pdf; page: 44; basis: 2022 개정 수학과 교육과정 공통 교육과정 성취기준",No normalized label or alias match in concepts.json.
achievement_concept_tag,achievement:9수03-15:삼각비,삼각비,중1-3,도형과 측정,9수03-15,covered_by_label,m1_geo_trig_unit; m1_geo_trigonometric_ratio,삼각비; 삼각비,no_action_existing_concept,medium,"Legacy hierarchy is a supporting, non-authoritative candidate source; confirm with official curriculum or textbook evidence before merging. Legacy source detail: pdf: 02_[별책8] 수학과 교육과정.pdf; page: 44; basis: 2022 개정 수학과 교육과정 공통 교육과정 성취기준",Matched by normalized label.
achievement_concept_tag,achievement:9수03-15:피타고라스,피타고라스,중1-3,도형과 측정,9수03-15,needs_review,,,review_against_official_sources,low,"Legacy hierarchy is a supporting, non-authoritative candidate source; confirm with official curriculum or textbook evidence before merging. Legacy source detail: pdf: 02_[별책8] 수학과 교육과정.pdf; page: 44; basis: 2022 개정 수학과 교육과정 공통 교육과정 성취기준",No normalized label or alias match in concepts.json.
achievement_concept_tag,achievement:9수03-16:비,비,중1-3,도형과 측정,9수03-16,needs_review,,,review_against_official_sources,low,"Legacy hierarchy is a supporting, non-authoritative candidate source; confirm with official curriculum or textbook evidence before merging. Legacy source detail: pdf: 02_[별책8] 수학과 교육과정.pdf; page: 44; basis: 2022 개정 수학과 교육과정 공통 교육과정 성취기준",No normalized label or alias match in concepts.json.
achievement_concept_tag,achievement:9수03-16:삼각비,삼각비,중1-3,도형과 측정,9수03-16,covered_by_label,m1_geo_trig_unit; m1_geo_trigonometric_ratio,삼각비; 삼각비,no_action_existing_concept,medium,"Legacy hierarchy is a supporting, non-authoritative candidate source; confirm with official curriculum or textbook evidence before merging. Legacy source detail: pdf: 02_[별책8] 수학과 교육과정.pdf; page: 44; basis: 2022 개정 수학과 교육과정 공통 교육과정 성취기준",Matched by normalized label.
achievement_concept_tag,achievement:9수03-17:비,비,중1-3,도형과 측정,9수03-17,needs_review,,,review_against_official_sources,low,"Legacy hierarchy is a supporting, non-authoritative candidate source; confirm with official curriculum or textbook evidence before merging. Legacy source detail: pdf: 02_[별책8] 수학과 교육과정.pdf; page: 44; basis: 2022 개정 수학과 교육과정 공통 교육과정 성취기준",No normalized label or alias match in concepts.json.
achievement_concept_tag,achievement:9수03-17:삼각비,삼각비,중1-3,도형과 측정,9수03-17,covered_by_label,m1_geo_trig_unit; m1_geo_trigonometric_ratio,삼각비; 삼각비,no_action_existing_concept,medium,"Legacy hierarchy is a supporting, non-authoritative candidate source; confirm with official curriculum or textbook evidence before merging. Legacy source detail: pdf: 02_[별책8] 수학과 교육과정.pdf; page: 44; basis: 2022 개정 수학과 교육과정 공통 교육과정 성취기준",Matched by normalized label.
achievement_concept_tag,achievement:9수03-17:원,원,중1-3,도형과 측정,9수03-17,covered_by_label,m1_geo_circle,원,no_action_existing_concept,medium,"Legacy hierarchy is a supporting, non-authoritative candidate source; confirm with official curriculum or textbook evidence before merging. Legacy source detail: pdf: 02_[별책8] 수학과 교육과정.pdf; page: 44; basis: 2022 개정 수학과 교육과정 공통 교육과정 성취기준",Matched by normalized label.
achievement_concept_tag,achievement:9수03-18:원,원,중1-3,도형과 측정,9수03-18,covered_by_label,m1_geo_circle,원,no_action_existing_concept,medium,"Legacy hierarchy is a supporting, non-authoritative candidate source; confirm with official curriculum or textbook evidence before merging. Legacy source detail: pdf: 02_[별책8] 수학과 교육과정.pdf; page: 44; basis: 2022 개정 수학과 교육과정 공통 교육과정 성취기준",Matched by normalized label.
achievement_concept_tag,achievement:9수03-19:원,원,중1-3,도형과 측정,9수03-19,covered_by_label,m1_geo_circle,원,no_action_existing_concept,medium,"Legacy hierarchy is a supporting, non-authoritative candidate source; confirm with official curriculum or textbook evidence before merging. Legacy source detail: pdf: 02_[별책8] 수학과 교육과정.pdf; page: 44; basis: 2022 개정 수학과 교육과정 공통 교육과정 성취기준",Matched by normalized label.
achievement_concept_tag,achievement:9수04-01:상대도수,상대도수,중1-3,자료와 가능성,9수04-01,covered_by_label,m1_data_relative_frequency,상대도수,no_action_existing_concept,medium,"Legacy hierarchy is a supporting, non-authoritative candidate source; confirm with official curriculum or textbook evidence before merging. Legacy source detail: pdf: 02_[별책8] 수학과 교육과정.pdf; page: 46; basis: 2022 개정 수학과 교육과정 공통 교육과정 성취기준",Matched by normalized label.
achievement_concept_tag,achievement:9수04-01:자료,자료,중1-3,자료와 가능성,9수04-01,covered_by_label,m1_data_dataset,자료,no_action_existing_concept,medium,"Legacy hierarchy is a supporting, non-authoritative candidate source; confirm with official curriculum or textbook evidence before merging. Legacy source detail: pdf: 02_[별책8] 수학과 교육과정.pdf; page: 46; basis: 2022 개정 수학과 교육과정 공통 교육과정 성취기준",Matched by normalized label.
achievement_concept_tag,achievement:9수04-01:표,표,중1-3,자료와 가능성,9수04-01,covered_by_label,m1_repr_table,표,no_action_existing_concept,medium,"Legacy hierarchy is a supporting, non-authoritative candidate source; confirm with official curriculum or textbook evidence before merging. Legacy source detail: pdf: 02_[별책8] 수학과 교육과정.pdf; page: 46; basis: 2022 개정 수학과 교육과정 공통 교육과정 성취기준",Matched by normalized label.
achievement_concept_tag,achievement:9수04-02:자료,자료,중1-3,자료와 가능성,9수04-02,covered_by_label,m1_data_dataset,자료,no_action_existing_concept,medium,"Legacy hierarchy is a supporting, non-authoritative candidate source; confirm with official curriculum or textbook evidence before merging. Legacy source detail: pdf: 02_[별책8] 수학과 교육과정.pdf; page: 46; basis: 2022 개정 수학과 교육과정 공통 교육과정 성취기준",Matched by normalized label.
achievement_concept_tag,achievement:9수04-02:표,표,중1-3,자료와 가능성,9수04-02,covered_by_label,m1_repr_table,표,no_action_existing_concept,medium,"Legacy hierarchy is a supporting, non-authoritative candidate source; confirm with official curriculum or textbook evidence before merging. Legacy source detail: pdf: 02_[별책8] 수학과 교육과정.pdf; page: 46; basis: 2022 개정 수학과 교육과정 공통 교육과정 성취기준",Matched by normalized label.
achievement_concept_tag,achievement:9수04-03:그래프,그래프,중1-3,자료와 가능성,9수04-03,covered_by_label,m1_graph_graph,그래프,no_action_existing_concept,medium,"Legacy hierarchy is a supporting, non-authoritative candidate source; confirm with official curriculum or textbook evidence before merging. Legacy source detail: pdf: 02_[별책8] 수학과 교육과정.pdf; page: 46; basis: 2022 개정 수학과 교육과정 공통 교육과정 성취기준",Matched by normalized label.
achievement_concept_tag,achievement:9수04-03:상대도수,상대도수,중1-3,자료와 가능성,9수04-03,covered_by_label,m1_data_relative_frequency,상대도수,no_action_existing_concept,medium,"Legacy hierarchy is a supporting, non-authoritative candidate source; confirm with official curriculum or textbook evidence before merging. Legacy source detail: pdf: 02_[별책8] 수학과 교육과정.pdf; page: 46; basis: 2022 개정 수학과 교육과정 공통 교육과정 성취기준",Matched by normalized label.
achievement_concept_tag,achievement:9수04-03:표,표,중1-3,자료와 가능성,9수04-03,covered_by_label,m1_repr_table,표,no_action_existing_concept,medium,"Legacy hierarchy is a supporting, non-authoritative candidate source; confirm with official curriculum or textbook evidence before merging. Legacy source detail: pdf: 02_[별책8] 수학과 교육과정.pdf; page: 46; basis: 2022 개정 수학과 교육과정 공통 교육과정 성취기준",Matched by normalized label.
achievement_concept_tag,achievement:9수04-04:자료,자료,중1-3,자료와 가능성,9수04-04,covered_by_label,m1_data_dataset,자료,no_action_existing_concept,medium,"Legacy hierarchy is a supporting, non-authoritative candidate source; confirm with official curriculum or textbook evidence before merging. Legacy source detail: pdf: 02_[별책8] 수학과 교육과정.pdf; page: 46; basis: 2022 개정 수학과 교육과정 공통 교육과정 성취기준",Matched by normalized label.
achievement_concept_tag,achievement:9수04-04:확률,확률,중1-3,자료와 가능성,9수04-04,covered_by_label,m1_data_probability,확률,no_action_existing_concept,medium,"Legacy hierarchy is a supporting, non-authoritative candidate source; confirm with official curriculum or textbook evidence before merging. Legacy source detail: pdf: 02_[별책8] 수학과 교육과정.pdf; page: 46; basis: 2022 개정 수학과 교육과정 공통 교육과정 성취기준",Matched by normalized label.
achievement_concept_tag,achievement:9수04-06:확률,확률,중1-3,자료와 가능성,9수04-06,covered_by_label,m1_data_probability,확률,no_action_existing_concept,medium,"Legacy hierarchy is a supporting, non-authoritative candidate source; confirm with official curriculum or textbook evidence before merging. Legacy source detail: pdf: 02_[별책8] 수학과 교육과정.pdf; page: 46; basis: 2022 개정 수학과 교육과정 공통 교육과정 성취기준",Matched by normalized label.
achievement_concept_tag,achievement:9수04-07:산점도,산점도,중1-3,자료와 가능성,9수04-07,covered_by_label,m1_data_scatter_plot,산점도,no_action_existing_concept,medium,"Legacy hierarchy is a supporting, non-authoritative candidate source; confirm with official curriculum or textbook evidence before merging. Legacy source detail: pdf: 02_[별책8] 수학과 교육과정.pdf; page: 47; basis: 2022 개정 수학과 교육과정 공통 교육과정 성취기준",Matched by normalized label.
achievement_concept_tag,achievement:9수04-07:상자그림,상자그림,중1-3,자료와 가능성,9수04-07,covered_by_label,m1_data_box_plot,상자그림,no_action_existing_concept,medium,"Legacy hierarchy is a supporting, non-authoritative candidate source; confirm with official curriculum or textbook evidence before merging. Legacy source detail: pdf: 02_[별책8] 수학과 교육과정.pdf; page: 47; basis: 2022 개정 수학과 교육과정 공통 교육과정 성취기준",Matched by normalized label.
achievement_concept_tag,achievement:9수04-07:자료,자료,중1-3,자료와 가능성,9수04-07,covered_by_label,m1_data_dataset,자료,no_action_existing_concept,medium,"Legacy hierarchy is a supporting, non-authoritative candidate source; confirm with official curriculum or textbook evidence before merging. Legacy source detail: pdf: 02_[별책8] 수학과 교육과정.pdf; page: 47; basis: 2022 개정 수학과 교육과정 공통 교육과정 성취기준",Matched by normalized label.
achievement_concept_tag,achievement:9수04-07:표,표,중1-3,자료와 가능성,9수04-07,covered_by_label,m1_repr_table,표,no_action_existing_concept,medium,"Legacy hierarchy is a supporting, non-authoritative candidate source; confirm with official curriculum or textbook evidence before merging. Legacy source detail: pdf: 02_[별책8] 수학과 교육과정.pdf; page: 47; basis: 2022 개정 수학과 교육과정 공통 교육과정 성취기준",Matched by normalized label.
achievement_concept_tag,achievement:9수04-08:비,비,중1-3,자료와 가능성,9수04-08,needs_review,,,review_against_official_sources,low,"Legacy hierarchy is a supporting, non-authoritative candidate source; confirm with official curriculum or textbook evidence before merging. Legacy source detail: pdf: 02_[별책8] 수학과 교육과정.pdf; page: 47; basis: 2022 개정 수학과 교육과정 공통 교육과정 성취기준",No normalized label or alias match in concepts.json.
achievement_concept_tag,achievement:9수04-08:상자그림,상자그림,중1-3,자료와 가능성,9수04-08,covered_by_label,m1_data_box_plot,상자그림,no_action_existing_concept,medium,"Legacy hierarchy is a supporting, non-authoritative candidate source; confirm with official curriculum or textbook evidence before merging. Legacy source detail: pdf: 02_[별책8] 수학과 교육과정.pdf; page: 47; basis: 2022 개정 수학과 교육과정 공통 교육과정 성취기준",Matched by normalized label.
achievement_concept_tag,achievement:9수04-08:자료,자료,중1-3,자료와 가능성,9수04-08,covered_by_label,m1_data_dataset,자료,no_action_existing_concept,medium,"Legacy hierarchy is a supporting, non-authoritative candidate source; confirm with official curriculum or textbook evidence before merging. Legacy source detail: pdf: 02_[별책8] 수학과 교육과정.pdf; page: 47; basis: 2022 개정 수학과 교육과정 공통 교육과정 성취기준",Matched by normalized label.
achievement_concept_tag,achievement:9수04-09:산점도,산점도,중1-3,자료와 가능성,9수04-09,covered_by_label,m1_data_scatter_plot,산점도,no_action_existing_concept,medium,"Legacy hierarchy is a supporting, non-authoritative candidate source; confirm with official curriculum or textbook evidence before merging. Legacy source detail: pdf: 02_[별책8] 수학과 교육과정.pdf; page: 47; basis: 2022 개정 수학과 교육과정 공통 교육과정 성취기준",Matched by normalized label.
achievement_concept_tag,achievement:9수04-09:자료,자료,중1-3,자료와 가능성,9수04-09,covered_by_label,m1_data_dataset,자료,no_action_existing_concept,medium,"Legacy hierarchy is a supporting, non-authoritative candidate source; confirm with official curriculum or textbook evidence before merging. Legacy source detail: pdf: 02_[별책8] 수학과 교육과정.pdf; page: 47; basis: 2022 개정 수학과 교육과정 공통 교육과정 성취기준",Matched by normalized label.
curriculum_node,curr-1-4-소인수분해,소인수분해,중1-3,수와 연산,소인수분해,covered_by_label,m1_num_prime_factor_unit; m1_num_prime_factorization,소인수분해; 소인수분해,no_action_existing_concept,medium,"Legacy hierarchy is a supporting, non-authoritative candidate source; confirm with official curriculum or textbook evidence before merging. Legacy source detail: pdf: 02_[별책8] 수학과 교육과정.pdf; pageRange: 13-16; basis: 2022 개정 수학과 교육과정 내용 체계",Matched by normalized label.
curriculum_node,curr-1-4-유리수와-순환소수,유리수와 순환소수,중1-3,수와 연산,유리수와 순환소수,covered_by_label,m1_num_repeating_decimal_unit,유리수와 순환소수,no_action_existing_concept,medium,"Legacy hierarchy is a supporting, non-authoritative candidate source; confirm with official curriculum or textbook evidence before merging. Legacy source detail: pdf: 02_[별책8] 수학과 교육과정.pdf; pageRange: 13-16; basis: 2022 개정 수학과 교육과정 내용 체계",Matched by normalized label.
curriculum_node,curr-1-4-정수와-유리수,정수와 유리수,중1-3,수와 연산,정수와 유리수,covered_by_label,m1_num_integer_rational_unit,정수와 유리수,no_action_existing_concept,medium,"Legacy hierarchy is a supporting, non-authoritative candidate source; confirm with official curriculum or textbook evidence before merging. Legacy source detail: pdf: 02_[별책8] 수학과 교육과정.pdf; pageRange: 13-16; basis: 2022 개정 수학과 교육과정 내용 체계",Matched by normalized label.
curriculum_node,curr-1-4-제곱근과-실수,제곱근과 실수,중1-3,수와 연산,제곱근과 실수,covered_by_label,m1_num_square_root_real_unit,제곱근과 실수,no_action_existing_concept,medium,"Legacy hierarchy is a supporting, non-authoritative candidate source; confirm with official curriculum or textbook evidence before merging. Legacy source detail: pdf: 02_[별책8] 수학과 교육과정.pdf; pageRange: 13-16; basis: 2022 개정 수학과 교육과정 내용 체계",Matched by normalized label.
curriculum_node,curr-2-4-다항식의-곱셈과-인수분해,다항식의 곱셈과 인수분해,중1-3,변화와 관계,다항식의 곱셈과 인수분해,covered_by_label,m1_factor_unit,다항식의 곱셈과 인수분해,no_action_existing_concept,medium,"Legacy hierarchy is a supporting, non-authoritative candidate source; confirm with official curriculum or textbook evidence before merging. Legacy source detail: pdf: 02_[별책8] 수학과 교육과정.pdf; pageRange: 13-16; basis: 2022 개정 수학과 교육과정 내용 체계",Matched by normalized label.
curriculum_node,curr-2-4-문자의-사용과-식,문자의 사용과 식,중1-3,변화와 관계,문자의 사용과 식,covered_by_label,m1_expr_unit,문자의 사용과 식,no_action_existing_concept,medium,"Legacy hierarchy is a supporting, non-authoritative candidate source; confirm with official curriculum or textbook evidence before merging. Legacy source detail: pdf: 02_[별책8] 수학과 교육과정.pdf; pageRange: 13-16; basis: 2022 개정 수학과 교육과정 내용 체계",Matched by normalized label.
curriculum_node,curr-2-4-식의-계산,식의 계산,중1-3,변화와 관계,식의 계산,covered_by_label,m1_calc_unit,식의 계산,no_action_existing_concept,medium,"Legacy hierarchy is a supporting, non-authoritative candidate source; confirm with official curriculum or textbook evidence before merging. Legacy source detail: pdf: 02_[별책8] 수학과 교육과정.pdf; pageRange: 13-16; basis: 2022 개정 수학과 교육과정 내용 체계",Matched by normalized label.
curriculum_node,curr-2-4-연립일차방정식,연립일차방정식,중1-3,변화와 관계,연립일차방정식,covered_by_label,m1_system_simultaneous_linear_equations; m1_system_unit,연립일차방정식; 연립일차방정식,no_action_existing_concept,medium,"Legacy hierarchy is a supporting, non-authoritative candidate source; confirm with official curriculum or textbook evidence before merging. Legacy source detail: pdf: 02_[별책8] 수학과 교육과정.pdf; pageRange: 13-16; basis: 2022 개정 수학과 교육과정 내용 체계",Matched by normalized label.
curriculum_node,curr-2-4-이차방정식,이차방정식,중1-3,변화와 관계,이차방정식,covered_by_label,m1_quad_eq_quadratic_equation; m1_quad_eq_unit,이차방정식; 이차방정식,no_action_existing_concept,medium,"Legacy hierarchy is a supporting, non-authoritative candidate source; confirm with official curriculum or textbook evidence before merging. Legacy source detail: pdf: 02_[별책8] 수학과 교육과정.pdf; pageRange: 13-16; basis: 2022 개정 수학과 교육과정 내용 체계",Matched by normalized label.
curriculum_node,curr-2-4-이차함수와-그-그래프,이차함수와 그 그래프,중1-3,변화와 관계,이차함수와 그 그래프,covered_by_label,m1_quad_func_unit,이차함수와 그 그래프,no_action_existing_concept,medium,"Legacy hierarchy is a supporting, non-authoritative candidate source; confirm with official curriculum or textbook evidence before merging. Legacy source detail: pdf: 02_[별책8] 수학과 교육과정.pdf; pageRange: 13-16; basis: 2022 개정 수학과 교육과정 내용 체계",Matched by normalized label.
curriculum_node,curr-2-4-일차방정식,일차방정식,중1-3,변화와 관계,일차방정식,covered_by_label,m1_eq_linear_equation; m1_eq_unit,일차방정식; 일차방정식,no_action_existing_concept,medium,"Legacy hierarchy is a supporting, non-authoritative candidate source; confirm with official curriculum or textbook evidence before merging. Legacy source detail: pdf: 02_[별책8] 수학과 교육과정.pdf; pageRange: 13-16; basis: 2022 개정 수학과 교육과정 내용 체계",Matched by normalized label.
curriculum_node,curr-2-4-일차부등식,일차부등식,중1-3,변화와 관계,일차부등식,covered_by_label,m1_ineq_linear_inequality; m1_ineq_unit,일차부등식; 일차부등식,no_action_existing_concept,medium,"Legacy hierarchy is a supporting, non-authoritative candidate source; confirm with official curriculum or textbook evidence before merging. Legacy source detail: pdf: 02_[별책8] 수학과 교육과정.pdf; pageRange: 13-16; basis: 2022 개정 수학과 교육과정 내용 체계",Matched by normalized label.
curriculum_node,curr-2-4-일차함수와-그-그래프,일차함수와 그 그래프,중1-3,변화와 관계,일차함수와 그 그래프,covered_by_label,m1_func_unit,일차함수와 그 그래프,no_action_existing_concept,medium,"Legacy hierarchy is a supporting, non-authoritative candidate source; confirm with official curriculum or textbook evidence before merging. Legacy source detail: pdf: 02_[별책8] 수학과 교육과정.pdf; pageRange: 13-16; basis: 2022 개정 수학과 교육과정 내용 체계",Matched by normalized label.
curriculum_node,curr-2-4-일차함수와-일차방정식의-관계,일차함수와 일차방정식의 관계,중1-3,변화와 관계,일차함수와 일차방정식의 관계,covered_by_label,m1_func_eq_relation_unit,일차함수와 일차방정식의 관계,no_action_existing_concept,medium,"Legacy hierarchy is a supporting, non-authoritative candidate source; confirm with official curriculum or textbook evidence before merging. Legacy source detail: pdf: 02_[별책8] 수학과 교육과정.pdf; pageRange: 13-16; basis: 2022 개정 수학과 교육과정 내용 체계",Matched by normalized label.
curriculum_node,curr-2-4-좌표평면과-그래프,좌표평면과 그래프,중1-3,변화와 관계,좌표평면과 그래프,covered_by_label,m1_coord_graph_unit,좌표평면과 그래프,no_action_existing_concept,medium,"Legacy hierarchy is a supporting, non-authoritative candidate source; confirm with official curriculum or textbook evidence before merging. Legacy source detail: pdf: 02_[별책8] 수학과 교육과정.pdf; pageRange: 13-16; basis: 2022 개정 수학과 교육과정 내용 체계",Matched by normalized label.
curriculum_node,curr-3-4-기본-도형,기본 도형,중1-3,도형과 측정,기본 도형,covered_by_label,m1_geo_basic_unit,기본 도형,no_action_existing_concept,medium,"Legacy hierarchy is a supporting, non-authoritative candidate source; confirm with official curriculum or textbook evidence before merging. Legacy source detail: pdf: 02_[별책8] 수학과 교육과정.pdf; pageRange: 13-16; basis: 2022 개정 수학과 교육과정 내용 체계",Matched by normalized label.
curriculum_node,curr-3-4-도형의-닮음,도형의 닮음,중1-3,도형과 측정,도형의 닮음,covered_by_label,m1_geo_similarity_unit,도형의 닮음,no_action_existing_concept,medium,"Legacy hierarchy is a supporting, non-authoritative candidate source; confirm with official curriculum or textbook evidence before merging. Legacy source detail: pdf: 02_[별책8] 수학과 교육과정.pdf; pageRange: 13-16; basis: 2022 개정 수학과 교육과정 내용 체계",Matched by normalized label.
curriculum_node,curr-3-4-삼각비,삼각비,중1-3,도형과 측정,삼각비,covered_by_label,m1_geo_trig_unit; m1_geo_trigonometric_ratio,삼각비; 삼각비,no_action_existing_concept,medium,"Legacy hierarchy is a supporting, non-authoritative candidate source; confirm with official curriculum or textbook evidence before merging. Legacy source detail: pdf: 02_[별책8] 수학과 교육과정.pdf; pageRange: 13-16; basis: 2022 개정 수학과 교육과정 내용 체계",Matched by normalized label.
curriculum_node,curr-3-4-삼각형과-사각형의-성질,삼각형과 사각형의 성질,중1-3,도형과 측정,삼각형과 사각형의 성질,covered_by_label,m1_geo_triangle_quadrilateral_unit,삼각형과 사각형의 성질,no_action_existing_concept,medium,"Legacy hierarchy is a supporting, non-authoritative candidate source; confirm with official curriculum or textbook evidence before merging. Legacy source detail: pdf: 02_[별책8] 수학과 교육과정.pdf; pageRange: 13-16; basis: 2022 개정 수학과 교육과정 내용 체계",Matched by normalized label.
curriculum_node,curr-3-4-원의-성질,원의 성질,중1-3,도형과 측정,원의 성질,covered_by_label,m1_geo_circle_unit,원의 성질,no_action_existing_concept,medium,"Legacy hierarchy is a supporting, non-authoritative candidate source; confirm with official curriculum or textbook evidence before merging. Legacy source detail: pdf: 02_[별책8] 수학과 교육과정.pdf; pageRange: 13-16; basis: 2022 개정 수학과 교육과정 내용 체계",Matched by normalized label.
curriculum_node,curr-3-4-입체도형의-성질,입체도형의 성질,중1-3,도형과 측정,입체도형의 성질,covered_by_label,m1_geo_solid_unit,입체도형의 성질,no_action_existing_concept,medium,"Legacy hierarchy is a supporting, non-authoritative candidate source; confirm with official curriculum or textbook evidence before merging. Legacy source detail: pdf: 02_[별책8] 수학과 교육과정.pdf; pageRange: 13-16; basis: 2022 개정 수학과 교육과정 내용 체계",Matched by normalized label.
curriculum_node,curr-3-4-작도와-합동,작도와 합동,중1-3,도형과 측정,작도와 합동,covered_by_label,m1_geo_construction_congruence_unit,작도와 합동,no_action_existing_concept,medium,"Legacy hierarchy is a supporting, non-authoritative candidate source; confirm with official curriculum or textbook evidence before merging. Legacy source detail: pdf: 02_[별책8] 수학과 교육과정.pdf; pageRange: 13-16; basis: 2022 개정 수학과 교육과정 내용 체계",Matched by normalized label.
curriculum_node,curr-3-4-평면도형의-성질,평면도형의 성질,중1-3,도형과 측정,평면도형의 성질,covered_by_label,m1_geo_plane_properties_unit,평면도형의 성질,no_action_existing_concept,medium,"Legacy hierarchy is a supporting, non-authoritative candidate source; confirm with official curriculum or textbook evidence before merging. Legacy source detail: pdf: 02_[별책8] 수학과 교육과정.pdf; pageRange: 13-16; basis: 2022 개정 수학과 교육과정 내용 체계",Matched by normalized label.
curriculum_node,curr-3-4-피타고라스-정리,피타고라스 정리,중1-3,도형과 측정,피타고라스 정리,covered_by_label,m1_geo_pythagorean_theorem; m1_geo_pythagorean_unit,피타고라스 정리; 피타고라스 정리,no_action_existing_concept,medium,"Legacy hierarchy is a supporting, non-authoritative candidate source; confirm with official curriculum or textbook evidence before merging. Legacy source detail: pdf: 02_[별책8] 수학과 교육과정.pdf; pageRange: 13-16; basis: 2022 개정 수학과 교육과정 내용 체계",Matched by normalized label.
curriculum_node,curr-4-4-경우의-수와-확률,경우의 수와 확률,중1-3,자료와 가능성,경우의 수와 확률,covered_by_label,m1_data_probability_unit,경우의 수와 확률,no_action_existing_concept,medium,"Legacy hierarchy is a supporting, non-authoritative candidate source; confirm with official curriculum or textbook evidence before merging. Legacy source detail: pdf: 02_[별책8] 수학과 교육과정.pdf; pageRange: 13-16; basis: 2022 개정 수학과 교육과정 내용 체계",Matched by normalized label.
curriculum_node,curr-4-4-대푯값,대푯값,중1-3,자료와 가능성,대푯값,covered_by_label,m1_data_representative_unit; m1_data_representative_value,대푯값; 대푯값,no_action_existing_concept,medium,"Legacy hierarchy is a supporting, non-authoritative candidate source; confirm with official curriculum or textbook evidence before merging. Legacy source detail: pdf: 02_[별책8] 수학과 교육과정.pdf; pageRange: 13-16; basis: 2022 개정 수학과 교육과정 내용 체계",Matched by normalized label.
curriculum_node,curr-4-4-도수분포표와-상대도수,도수분포표와 상대도수,중1-3,자료와 가능성,도수분포표와 상대도수,covered_by_label,m1_data_frequency_unit,도수분포표와 상대도수,no_action_existing_concept,medium,"Legacy hierarchy is a supporting, non-authoritative candidate source; confirm with official curriculum or textbook evidence before merging. Legacy source detail: pdf: 02_[별책8] 수학과 교육과정.pdf; pageRange: 13-16; basis: 2022 개정 수학과 교육과정 내용 체계",Matched by normalized label.
curriculum_node,curr-4-4-산포도,산포도,중1-3,자료와 가능성,산포도,covered_by_label,m1_data_variability; m1_data_variability_unit,산포도; 산포도,no_action_existing_concept,medium,"Legacy hierarchy is a supporting, non-authoritative candidate source; confirm with official curriculum or textbook evidence before merging. Legacy source detail: pdf: 02_[별책8] 수학과 교육과정.pdf; pageRange: 13-16; basis: 2022 개정 수학과 교육과정 내용 체계",Matched by normalized label.
curriculum_node,curr-4-4-상자그림과-산점도,상자그림과 산점도,중1-3,자료와 가능성,상자그림과 산점도,covered_by_label,m1_data_box_scatter_unit,상자그림과 산점도,no_action_existing_concept,medium,"Legacy hierarchy is a supporting, non-authoritative candidate source; confirm with official curriculum or textbook evidence before merging. Legacy source detail: pdf: 02_[별책8] 수학과 교육과정.pdf; pageRange: 13-16; basis: 2022 개정 수학과 교육과정 내용 체계",Matched by normalized label.
