rank,concept_id,label_ko,matched_term,grade,domain,unit,concept_type,confidence,recommended_action,page_number,match_count_on_page,context_signal,context_excerpt,review_status,source_candidate_id,source_locator_candidate,source_ref_upgrade_allowed,notes
1,m1_num_ratio,비,비율,중1(교육과정 학년군: 중1-3),수와 연산,공통 선수개념,term,low,inspect_research_report_context_before_confidence_change,61,4,achievement_level_context; example_assessment_tool_context; assessment_context; teaching_learning_context; curriculum_context,"...기 을 할 수 있다. ∙ 범교과 학습 주제 연계 예시 [6수02-03] 비율을 이해하 ∙ 동일한 비율을 분수, 소수, 백분율로 평가 지필평가 변화와 고...",pending_context_review,achievement_research_report_2022,연구보고서 p. 61,no,Short page context for manual review only; do not change source_refs or confidence without source review.
2,m1_num_ratio,비,비율,중1(교육과정 학년군: 중1-3),수와 연산,공통 선수개념,term,low,inspect_research_report_context_before_confidence_change,91,2,achievement_level_context; example_assessment_tool_context; assessment_context; teaching_learning_context; curriculum_context,"...보를 제공할 수 있다. 지필평가의 경우 평균, 표준편차, 성취수준별 학생 비율 분포, 문항 정답률, 문항 변별 도 등에 대한 정보를 분석하여 다음과 같...",pending_context_review,achievement_research_report_2022,연구보고서 p. 91,no,Short page context for manual review only; do not change source_refs or confidence without source review.
3,m1_num_ratio,비,비율,중1(교육과정 학년군: 중1-3),수와 연산,공통 선수개념,term,low,inspect_research_report_context_before_confidence_change,172,7,achievement_level_context; curriculum_context,2022 개정 교육과정에 따른 초·중학교 수학과 성취수준 개발 연구 비와 비율 성취기준 성취기준별 성취수준 [6수02-02] 두 양의 크 비가 적용되는 간단...,pending_context_review,achievement_research_report_2022,연구보고서 p. 172,no,Short page context for manual review only; do not change source_refs or confidence without source review.
4,m1_num_ratio,비,비율,중1(교육과정 학년군: 중1-3),수와 연산,공통 선수개념,term,low,inspect_research_report_context_before_confidence_change,177,1,achievement_level_context; curriculum_context,"...고, 그래프를 해석하며, 그 과정 A [6수04-02] 자료를 수 에서 비율그래프의 필요성을 안다. 집하여 띠그래프나 B 주어진 자료를 띠그래프나 원그...",pending_context_review,achievement_research_report_2022,연구보고서 p. 177,no,Short page context for manual review only; do not change source_refs or confidence without source review.
5,m1_num_ratio,비,비율,중1(교육과정 학년군: 중1-3),수와 연산,공통 선수개념,term,low,inspect_research_report_context_before_confidence_change,180,8,achievement_level_context; curriculum_context,"...는 ･ 방법을 종합적으로 이해한다. 비가 적용되는 간단한 상황에서 비와 비율의 의미 지식 이해 와 표현 방법, 비례식과 비례배분의 의미를 종합적으로 이...",pending_context_review,achievement_research_report_2022,연구보고서 p. 180,no,Short page context for manual review only; do not change source_refs or confidence without source review.
6,m1_num_ratio,비,비율,중1(교육과정 학년군: 중1-3),수와 연산,공통 선수개념,term,low,inspect_research_report_context_before_confidence_change,181,2,achievement_level_context; teaching_learning_context,"...△ 등을 사용하여 말할 수 있다. ･ 과정 기능 안내된 절차에 따라 비와 비율, 비례식, 비례배분에 대한 간단한 문제를 해결할 수 있다. ･ 실생활에서...",pending_context_review,achievement_research_report_2022,연구보고서 p. 181,no,Short page context for manual review only; do not change source_refs or confidence without source review.
7,m1_num_ratio,비,비율,중1(교육과정 학년군: 중1-3),수와 연산,공통 선수개념,term,low,inspect_research_report_context_before_confidence_change,183,3,achievement_level_context,"...능성을 예상하고 비교하여 적절한 판단을 내릴 수 있다. 실생활에서 평균과 비율그래프의 유용성과 편리함을 인식한다. 통계적 문제해 결의 가치를 알고, 실...",pending_context_review,achievement_research_report_2022,연구보고서 p. 183,no,Short page context for manual review only; do not change source_refs or confidence without source review.
8,m1_num_ratio,비,비율,중1(교육과정 학년군: 중1-3),수와 연산,공통 선수개념,term,low,inspect_research_report_context_before_confidence_change,184,3,achievement_level_context; example_assessment_tool_context; assessment_context; curriculum_context,"...분 문항 유형 학년군 영역 성취기준 평가 과제명 및 평가 요소  동일한 비율을 분수, 소수, 예시 [6수02-03] 비율을 이해하고, 비 백분율로 다...",pending_context_review,achievement_research_report_2022,연구보고서 p. 184,no,Short page context for manual review only; do not change source_refs or confidence without source review.
9,m1_geo_line_segment,선분,선분,중1(교육과정 학년군: 중1-3),도형과 측정,기본 도형,term,low,inspect_research_report_context_before_confidence_change,62,1,achievement_level_context; example_assessment_tool_context; assessment_context; curriculum_context,...[9수03-14] 평행선 사이의 영역 융합 세트 ⑤ ･ 도형과 ∙ (서 선분의 길이의 비를 구 삼각형의 무게중심의 성질을 이해하고 측정 논술형) 할 수...,pending_context_review,achievement_research_report_2022,연구보고서 p. 62,no,Short page context for manual review only; do not change source_refs or confidence without source review.
10,m1_geo_line_segment,선분,선분,중1(교육과정 학년군: 중1-3),도형과 측정,기본 도형,term,low,inspect_research_report_context_before_confidence_change,78,1,achievement_level_context; curriculum_context,...두 삼각형이 닮 음인지 판별할 수 있다. [9수03-14] 평행선 사이의 선분의 길이의 비를 구할 수 있다. 피타고라스 [9수03-15] 피타고라스 정...,pending_context_review,achievement_research_report_2022,연구보고서 p. 78,no,Short page context for manual review only; do not change source_refs or confidence without source review.
11,m1_geo_line_segment,선분,선분,중1(교육과정 학년군: 중1-3),도형과 측정,기본 도형,term,low,inspect_research_report_context_before_confidence_change,79,1,achievement_level_context,...있다. 두 삼각형의 닮음을 닮음 조건을 이용하여 판별하고 평행선 사이의 선분의 길이의 비를 구하는 과정을 설명 할 수 있다. ∙ 예각에 대한 삼각비의...,pending_context_review,achievement_research_report_2022,연구보고서 p. 79,no,Short page context for manual review only; do not change source_refs or confidence without source review.
12,m1_geo_line_segment,선분,선분,중1(교육과정 학년군: 중1-3),도형과 측정,기본 도형,term,low,inspect_research_report_context_before_confidence_change,80,1,achievement_level_context; curriculum_context,...있다. 두 삼각형의 닮음을 닮음 조건을 이용하여 판별하고 평행선 사이의 선분의 길이의 비를 구하는 과정을 설명할 수 있다. 다양한 상황에서 일어날 수...,pending_context_review,achievement_research_report_2022,연구보고서 p. 80,no,Short page context for manual review only; do not change source_refs or confidence without source review.
13,m1_geo_line_segment,선분,선분,중1(교육과정 학년군: 중1-3),도형과 측정,기본 도형,term,low,inspect_research_report_context_before_confidence_change,114,1,achievement_level_context; example_assessment_tool_context; assessment_context; curriculum_context,"...각형을 그릴 때 점이 약간 벗어나게 그린 경우, 자를 사용하지 않고 곧은 선을 그린 경우, 선분끼리 살짝 겹치거나 떨어진 경우에도 정답으로 인정한다. 114",pending_context_review,achievement_research_report_2022,연구보고서 p. 114,no,Short page context for manual review only; do not change source_refs or confidence without source review.
14,m1_geo_line_segment,선분,선분,중1(교육과정 학년군: 중1-3),도형과 측정,기본 도형,term,low,inspect_research_report_context_before_confidence_change,117,1,example_assessment_tool_context; assessment_context,"...고려하여 사각형을 그릴 때 점에서 약간 벗어나게 그린 경우, 곧은 선에 가깝게 그린 경우, 선분끼리 살짝 겹치거나 떨어진 경우도 정답으로 인정한다. 117",pending_context_review,achievement_research_report_2022,연구보고서 p. 117,no,Short page context for manual review only; do not change source_refs or confidence without source review.
15,m1_geo_line_segment,선분,선분,중1(교육과정 학년군: 중1-3),도형과 측정,기본 도형,term,low,inspect_research_report_context_before_confidence_change,130,4,achievement_level_context; curriculum_context,"...구 3) 도형과 측정 도형의 기초 성취기준 성취기준별 성취수준 A 직선, 선분, 반직선의 예를 제시하고, 그 차이를 설명할 수 있다. [4수03-01]...",pending_context_review,achievement_research_report_2022,연구보고서 p. 130,no,Short page context for manual review only; do not change source_refs or confidence without source review.
16,m1_geo_line_segment,선분,선분,중1(교육과정 학년군: 중1-3),도형과 측정,기본 도형,term,low,inspect_research_report_context_before_confidence_change,138,2,achievement_level_context; curriculum_context,"...경청하려는 태도를 갖는다. 3) 도형과 측정 영역 영역별 성취수준 직선, 선분, 반직선, 각, 직각, 예각, 둔각, 직선의 수직 관계와 평행 관계 등의...",pending_context_review,achievement_research_report_2022,연구보고서 p. 138,no,Short page context for manual review only; do not change source_refs or confidence without source review.
17,m1_func_input_value,입력값,입력,중1(교육과정 학년군: 중1-3),변화와 관계,일차함수와 그 그래프,term,low,inspect_research_report_context_before_confidence_change,193,3,general_report_context,"...ex.html?v=20230907 (1) 다음 단계에 따라 수집한 자료를 입력하여 표를 완성하고, 그래프로 나타내세요. < 단계 > [1단계] 자료입력...",pending_context_review,achievement_research_report_2022,연구보고서 p. 193,no,Short page context for manual review only; do not change source_refs or confidence without source review.
18,m1_func_input_value,입력값,입력,중1(교육과정 학년군: 중1-3),변화와 관계,일차함수와 그 그래프,term,low,inspect_research_report_context_before_confidence_change,196,2,achievement_level_context; example_assessment_tool_context; assessment_context; curriculum_context,"...~2가지를 바르게 쓴 경우 정하기 0점 무응답, 그 외의 오답 2점 표 입력, 합계와 백분율, 그래프 모두 옳게 작성한 경우 툴을 이용하여 2_(1)...",pending_context_review,achievement_research_report_2022,연구보고서 p. 196,no,Short page context for manual review only; do not change source_refs or confidence without source review.
19,m1_func_input_value,입력값,입력,중1(교육과정 학년군: 중1-3),변화와 관계,일차함수와 그 그래프,term,low,inspect_research_report_context_before_confidence_change,253,2,example_assessment_tool_context,...왼쪽의 을 선택하고 (+)모양 옆 을 클릭한 후 그리고 싶은 점의 좌표를 입력하고 엔터 를 누른다. [2단계] 일차함수의 그래프 그리기 <방법 1> 화...,pending_context_review,achievement_research_report_2022,연구보고서 p. 253,no,Short page context for manual review only; do not change source_refs or confidence without source review.
20,m1_func_input_value,입력값,입력,중1(교육과정 학년군: 중1-3),변화와 관계,일차함수와 그 그래프,term,low,inspect_research_report_context_before_confidence_change,254,3,achievement_level_context; curriculum_context,...모양 옆 을 클릭한 후 그리고자 하는 일차함수가 지나는 점을 좌표 형태로 입력하고 엔터를 누른다. (+)모양 옆 을 클릭한 후 일차 함수의 그래프 위의...,pending_context_review,achievement_research_report_2022,연구보고서 p. 254,no,Short page context for manual review only; do not change source_refs or confidence without source review.
21,m1_func_input_value,입력값,입력,중1(교육과정 학년군: 중1-3),변화와 관계,일차함수와 그 그래프,term,low,inspect_research_report_context_before_confidence_change,259,1,example_assessment_tool_context; assessment_context,...의 좌표를 지나는 일차함수의 식을 구하고 이를 알지오매스 2D에 수식을 입력하여 그래프를 그린 경우도 정답으로 인정한다. - 1_(2)번에서 예시 답안...,pending_context_review,achievement_research_report_2022,연구보고서 p. 259,no,Short page context for manual review only; do not change source_refs or confidence without source review.
22,m1_geo_ray,반직선,반직선,중1(교육과정 학년군: 중1-3),도형과 측정,기본 도형,term,low,inspect_research_report_context_before_confidence_change,130,4,achievement_level_context; curriculum_context,"...도형과 측정 도형의 기초 성취기준 성취기준별 성취수준 A 직선, 선분, 반직선의 예를 제시하고, 그 차이를 설명할 수 있다. [4수03-01] 직선,...",pending_context_review,achievement_research_report_2022,연구보고서 p. 130,no,Short page context for manual review only; do not change source_refs or confidence without source review.
23,m1_geo_ray,반직선,반직선,중1(교육과정 학년군: 중1-3),도형과 측정,기본 도형,term,low,inspect_research_report_context_before_confidence_change,138,2,achievement_level_context; curriculum_context,"...태도를 갖는다. 3) 도형과 측정 영역 영역별 성취수준 직선, 선분, 반직선, 각, 직각, 예각, 둔각, 직선의 수직 관계와 평행 관계 등의 의미와 특...",pending_context_review,achievement_research_report_2022,연구보고서 p. 138,no,Short page context for manual review only; do not change source_refs or confidence without source review.
24,m1_geo_ray,반직선,반직선,중1(교육과정 학년군: 중1-3),도형과 측정,기본 도형,term,low,inspect_research_report_context_before_confidence_change,139,1,achievement_level_context,"...고 경청한다. 안내된 절차나 구체적 조작 활동을 통하여 직선, 선분, 반직선, 각, 직각, 예각, 둔각, 직선의 수직 관계와 평행 관계 등의 의미를 이...",pending_context_review,achievement_research_report_2022,연구보고서 p. 139,no,Short page context for manual review only; do not change source_refs or confidence without source review.
25,m1_geo_orthographic_drawing,겨냥도,겨냥도,중1(교육과정 학년군: 중1-3),도형과 측정,입체도형의 성질,representation,low,inspect_research_report_context_before_confidence_change,173,4,achievement_level_context; curriculum_context,"...서리, 꼭짓점을 찾을 할 수 있다. C 수 있다. 직육면체와 정육면체의 겨냥도와 전개도를 그리고, 구성 요소와 성질을 이용하 A [6수03-04] 직육...",pending_context_review,achievement_research_report_2022,연구보고서 p. 173,no,Short page context for manual review only; do not change source_refs or confidence without source review.
26,m1_geo_orthographic_drawing,겨냥도,겨냥도,중1(교육과정 학년군: 중1-3),도형과 측정,입체도형의 성질,representation,low,inspect_research_report_context_before_confidence_change,181,1,achievement_level_context; teaching_learning_context,"...로 각 도형의 여러 가지 성질을 설명할 수 있으며, A ･ 과정 기능 겨냥도와 전개도를 능숙하게 그리고, 그 방법을 설명할 수 있다. 입체도형을 만드는...",pending_context_review,achievement_research_report_2022,연구보고서 p. 181,no,Short page context for manual review only; do not change source_refs or confidence without source review.
27,m1_geo_orthographic_drawing,겨냥도,겨냥도,중1(교육과정 학년군: 중1-3),도형과 측정,입체도형의 성질,representation,low,inspect_research_report_context_before_confidence_change,182,2,achievement_level_context; teaching_learning_context; curriculum_context,"...소를 찾을 수 있다. 직육면체와 정육면체, 각기둥과 과정 기능 원기둥의 겨냥도와 전개도를 그릴 수 있다. 사용된 쌓기나무의 개수를 구할 수 있으며, 입...",pending_context_review,achievement_research_report_2022,연구보고서 p. 182,no,Short page context for manual review only; do not change source_refs or confidence without source review.
28,m1_geo_figure,도형,도형,중학교(교육과정 학년군: 중1-3),도형과 측정,도형과 측정,core_concept,medium,inspect_research_report_context_before_source_ref_upgrade,9,3,achievement_level_context; example_assessment_tool_context; assessment_context; curriculum_context,...·························· 75 <표 Ⅳ-2-2> ‘도형과 측정’ 및 ‘자료와 가능성’ 영역의 내용 체계 내용 요소 ·······...,pending_context_review,achievement_research_report_2022,연구보고서 p. 9,no,Short page context for manual review only; do not change source_refs or confidence without source review.
29,m1_geo_figure,도형,도형,중학교(교육과정 학년군: 중1-3),도형과 측정,도형과 측정,core_concept,medium,inspect_research_report_context_before_source_ref_upgrade,12,2,achievement_level_context; assessment_context; teaching_learning_context; curriculum_context,"...강화 초 중 통합 제시 공통 ⦁ 내용 영역: 수와 연산, 변화와 관계, 도형과 측정, 자료와 가능성 ◾(학습 내용 재구조화) 수학 개념을 지나치게 활용...",pending_context_review,achievement_research_report_2022,연구보고서 p. 12,no,Short page context for manual review only; do not change source_refs or confidence without source review.
30,m1_geo_triangle,삼각형,삼각형,중학교(교육과정 학년군: 중1-3),도형과 측정,도형과 측정,core_concept,medium,inspect_research_report_context_before_source_ref_upgrade,60,5,achievement_level_context; example_assessment_tool_context; assessment_context; curriculum_context,"...평가 요소 ∙ 성취수준별 성취수준을 반영한 수준별 문항 ∙ <A 수준> 삼각형의 예인 것과 아닌 것 예시 [2수03-04] 삼각형, 사각 분류하기, 여...",pending_context_review,achievement_research_report_2022,연구보고서 p. 60,no,Short page context for manual review only; do not change source_refs or confidence without source review.
31,m1_geo_triangle,삼각형,삼각형,중학교(교육과정 학년군: 중1-3),도형과 측정,도형과 측정,core_concept,medium,inspect_research_report_context_before_source_ref_upgrade,62,2,achievement_level_context; example_assessment_tool_context; assessment_context; curriculum_context,...해하고 정당화 형의 빗변의 길이 구하기 측정 ∙ 논술형) 할 수 있다. 삼각형의 외심의 성질을 이용하여 외 접원의 넓이 구하기 ∙ 지필평가 [9수03-...,pending_context_review,achievement_research_report_2022,연구보고서 p. 62,no,Short page context for manual review only; do not change source_refs or confidence without source review.
32,m1_num_addition,덧셈,덧셈,중1(교육과정 학년군: 중1-3),수와 연산,정수와 유리수,procedure,medium,inspect_research_report_context_before_source_ref_upgrade,26,4,achievement_level_context; teaching_learning_context; curriculum_context,"...수 실수 ㆍ두 자리 수 범위 ㆍ분수 림, 버림, 반올림 ㆍ정수와 유 의 덧셈과 뺄셈 ㆍ소수 ㆍ자연수의 혼합 리수 ㆍ한 자리 수의 곱 ㆍ세 자리 수의 덧...",pending_context_review,achievement_research_report_2022,연구보고서 p. 26,no,Short page context for manual review only; do not change source_refs or confidence without source review.
33,m1_num_addition,덧셈,덧셈,중1(교육과정 학년군: 중1-3),수와 연산,정수와 유리수,procedure,medium,inspect_research_report_context_before_source_ref_upgrade,47,1,achievement_level_context; assessment_context; teaching_learning_context; curriculum_context,"...보면, 초등학교 1~2학년군 수와 연산 영역 성취기준은 ‘ 네 자리 이하의 수’, ‘ 두 자리 수 범위의 덧셈과 뺄셈’, ‘ 한 자리 수의 곱셈’으로 47",pending_context_review,achievement_research_report_2022,연구보고서 p. 47,no,Short page context for manual review only; do not change source_refs or confidence without source review.
34,m1_num_subtraction,뺄셈,뺄셈,중1(교육과정 학년군: 중1-3),수와 연산,정수와 유리수,procedure,medium,inspect_research_report_context_before_source_ref_upgrade,26,5,achievement_level_context; teaching_learning_context; curriculum_context,"...수 ㆍ두 자리 수 범위 ㆍ분수 림, 버림, 반올림 ㆍ정수와 유 의 덧셈과 뺄셈 ㆍ소수 ㆍ자연수의 혼합 리수 ㆍ한 자리 수의 곱 ㆍ세 자리 수의 덧 계산...",pending_context_review,achievement_research_report_2022,연구보고서 p. 26,no,Short page context for manual review only; do not change source_refs or confidence without source review.
35,m1_num_subtraction,뺄셈,뺄셈,중1(교육과정 학년군: 중1-3),수와 연산,정수와 유리수,procedure,medium,inspect_research_report_context_before_source_ref_upgrade,47,1,achievement_level_context; assessment_context; teaching_learning_context; curriculum_context,"...보면, 초등학교 1~2학년군 수와 연산 영역 성취기준은 ‘ 네 자리 이하의 수’, ‘ 두 자리 수 범위의 덧셈과 뺄셈’, ‘ 한 자리 수의 곱셈’으로 47",pending_context_review,achievement_research_report_2022,연구보고서 p. 47,no,Short page context for manual review only; do not change source_refs or confidence without source review.
36,m1_geo_length,길이,길이,중학교(교육과정 학년군: 중1-3),도형과 측정,도형과 측정,term,medium,inspect_research_report_context_before_source_ref_upgrade,62,2,achievement_level_context; example_assessment_tool_context; assessment_context; curriculum_context,...용하여 직각삼각 세트) ･ 도형과 (서 리를 이해하고 정당화 형의 빗변의 길이 구하기 측정 ∙ 논술형) 할 수 있다. 삼각형의 외심의 성질을 이용하여...,pending_context_review,achievement_research_report_2022,연구보고서 p. 62,no,Short page context for manual review only; do not change source_refs or confidence without source review.
37,m1_geo_length,길이,길이,중학교(교육과정 학년군: 중1-3),도형과 측정,도형과 측정,term,medium,inspect_research_report_context_before_source_ref_upgrade,77,1,achievement_level_context; curriculum_context,"...의 합동과 닮음 판별하기 ㆍ확률의 기본 성질 탐구하기 과정ㆍ기능 ㆍ도형의 길이, 넓이, 겉넓이, 부피 구하기 ㆍ자료의 분포를 비교하고 설명하기 ㆍ구체적...",pending_context_review,achievement_research_report_2022,연구보고서 p. 77,no,Short page context for manual review only; do not change source_refs or confidence without source review.
38,m1_num_multiplication,곱셈,곱셈,중1(교육과정 학년군: 중1-3),수와 연산,정수와 유리수,procedure,medium,inspect_research_report_context_before_source_ref_upgrade,26,3,achievement_level_context; teaching_learning_context; curriculum_context,...리 수의 덧 계산 셈 셈과 뺄셈 ㆍ분모가 다른 분수 지식ㆍ이해 ㆍ자연수의 곱셈 의 덧셈과 뺄셈 과 나눗셈 ㆍ분수의 곱셈과 ㆍ분모가 같은 분수 나눗셈 의...,pending_context_review,achievement_research_report_2022,연구보고서 p. 26,no,Short page context for manual review only; do not change source_refs or confidence without source review.
39,m1_num_multiplication,곱셈,곱셈,중1(교육과정 학년군: 중1-3),수와 연산,정수와 유리수,procedure,medium,inspect_research_report_context_before_source_ref_upgrade,47,1,achievement_level_context; assessment_context; teaching_learning_context; curriculum_context,"...보면, 초등학교 1~2학년군 수와 연산 영역 성취기준은 ‘ 네 자리 이하의 수’, ‘ 두 자리 수 범위의 덧셈과 뺄셈’, ‘ 한 자리 수의 곱셈’으로 47",pending_context_review,achievement_research_report_2022,연구보고서 p. 47,no,Short page context for manual review only; do not change source_refs or confidence without source review.
40,m1_geo_area,넓이,넓이,중학교(교육과정 학년군: 중1-3),도형과 측정,도형과 측정,term,medium,inspect_research_report_context_before_source_ref_upgrade,62,2,achievement_level_context; example_assessment_tool_context; assessment_context; curriculum_context,...[9수03-08] 입체도형의 겉 영역 융합 세트 ② ･ 도형과 ∙ (서 넓이와 부피를 구할 수 뿔의 부피를 구하는 과정을 이용하여 측정 논술형) 있다....,pending_context_review,achievement_research_report_2022,연구보고서 p. 62,no,Short page context for manual review only; do not change source_refs or confidence without source review.
41,m1_geo_area,넓이,넓이,중학교(교육과정 학년군: 중1-3),도형과 측정,도형과 측정,term,medium,inspect_research_report_context_before_source_ref_upgrade,77,2,achievement_level_context; curriculum_context,"...닮음 판별하기 ㆍ확률의 기본 성질 탐구하기 과정ㆍ기능 ㆍ도형의 길이, 넓이, 겉넓이, 부피 구하기 ㆍ자료의 분포를 비교하고 설명하기 ㆍ구체적인 모형이나...",pending_context_review,achievement_research_report_2022,연구보고서 p. 77,no,Short page context for manual review only; do not change source_refs or confidence without source review.
42,m1_num_division,나눗셈,나눗셈,중1(교육과정 학년군: 중1-3),수와 연산,정수와 유리수,procedure,medium,inspect_research_report_context_before_source_ref_upgrade,26,3,achievement_level_context; teaching_learning_context; curriculum_context,...뺄셈 ㆍ분모가 다른 분수 지식ㆍ이해 ㆍ자연수의 곱셈 의 덧셈과 뺄셈 과 나눗셈 ㆍ분수의 곱셈과 ㆍ분모가 같은 분수 나눗셈 의 덧셈과 뺄셈 ㆍ소수의 곱셈...,pending_context_review,achievement_research_report_2022,연구보고서 p. 26,no,Short page context for manual review only; do not change source_refs or confidence without source review.
43,m1_num_division,나눗셈,나눗셈,중1(교육과정 학년군: 중1-3),수와 연산,정수와 유리수,procedure,medium,inspect_research_report_context_before_source_ref_upgrade,57,2,achievement_level_context,"...타낼 수 있다. ∙ ･ 다항식의 덧셈과 뺄셈, 다항식과 단항식의 곱셈과 나눗셈을 하고 그 과정을 설명할 수 A 과정 기능 있다. 부등식의 성질을 설명할...",pending_context_review,achievement_research_report_2022,연구보고서 p. 57,no,Short page context for manual review only; do not change source_refs or confidence without source review.
44,m1_prop_inverse_proportion,반비례,반비례 관계,중1(교육과정 학년군: 중1-3),변화와 관계,좌표평면과 그래프,core_concept,medium,inspect_research_report_context_before_source_ref_upgrade,57,5,achievement_level_context,"...있다. 방정식과 그 해의 뜻을 안다. 순서쌍과 좌표, 정비례 관계와 반비례 관계를 이해하고 설명할 수 있다. ･ ∙ 지식 이해 지수법칙과 다항식의 사칙...",pending_context_review,achievement_research_report_2022,연구보고서 p. 57,no,Short page context for manual review only; do not change source_refs or confidence without source review.
45,m1_prop_inverse_proportion,반비례,반비례 관계,중1(교육과정 학년군: 중1-3),변화와 관계,좌표평면과 그래프,core_concept,medium,inspect_research_report_context_before_source_ref_upgrade,58,4,achievement_level_context; curriculum_context,"...다. 속력과 거리, 속력과 시간과 같은 실생활 예에서 정비례 관계와 반비례 관계를 말하고, 그 관계를 표, 식, 그래프로 나타낼 수 있다. ∙ 다항식의...",pending_context_review,achievement_research_report_2022,연구보고서 p. 58,no,Short page context for manual review only; do not change source_refs or confidence without source review.
46,m1_geo_pyramid,뿔 모양 입체도형,각뿔,중1(교육과정 학년군: 중1-3),도형과 측정,입체도형의 성질,sub_concept,medium,inspect_research_report_context_before_source_ref_upgrade,174,5,achievement_level_context; curriculum_context,"2022 개정 교육과정에 따른 초·중학교 수학과 성취수준 개발 연구 각기둥과 각뿔 성취기준 성취기준별 성취수준 실생활에서 각기둥과 각뿔을 찾고, 구성 요소와...",pending_context_review,achievement_research_report_2022,연구보고서 p. 174,no,Short page context for manual review only; do not change source_refs or confidence without source review.
47,m1_geo_pyramid,뿔 모양 입체도형,원뿔,중1(교육과정 학년군: 중1-3),도형과 측정,입체도형의 성질,sub_concept,medium,inspect_research_report_context_before_source_ref_upgrade,181,3,achievement_level_context; teaching_learning_context,"...등을 종합적으로 이해한다. 직육면체와 정육면체, 각기둥과 각뿔, 원기둥, 원뿔, 구를 알고, 각각의 구성 요소와 성질을 종합적으로 이해한다. 쌓기나무의...",pending_context_review,achievement_research_report_2022,연구보고서 p. 181,no,Short page context for manual review only; do not change source_refs or confidence without source review.
48,m1_geo_prism,기둥 모양 입체도형,원기둥,중1(교육과정 학년군: 중1-3),도형과 측정,입체도형의 성질,sub_concept,medium,inspect_research_report_context_before_source_ref_upgrade,103,4,achievement_level_context; curriculum_context,"...취기준별 성취수준 [2수03-01] 교실 및 생 주변 물건을 직육면체, 원기둥, 구의 모양으로 분류하여 특징을 말하고, 그 모양 A 활 주변에서 여러...",pending_context_review,achievement_research_report_2022,연구보고서 p. 103,no,Short page context for manual review only; do not change source_refs or confidence without source review.
49,m1_geo_prism,기둥 모양 입체도형,원기둥,중1(교육과정 학년군: 중1-3),도형과 측정,입체도형의 성질,sub_concept,medium,inspect_research_report_context_before_source_ref_upgrade,108,2,achievement_level_context; curriculum_context,"...참여하려고 노력한다. 3) 도형과 측정 영역 영역별 성취수준 직육면체, 원기둥, 구의 모양을 종합적으로 이해하고, 쌓기나무를 이용하여 만 든 입체도형의...",pending_context_review,achievement_research_report_2022,연구보고서 p. 108,no,Short page context for manual review only; do not change source_refs or confidence without source review.
50,m1_func_intersection_point,교점,그래프의 교점,중1(교육과정 학년군: 중1-3),변화와 관계,일차함수와 일차방정식의 관계,term,medium,inspect_research_report_context_before_source_ref_upgrade,57,3,achievement_level_context,...그 그래프를 활용하여 다양한 문제를 해결할 수 있다. 두 일차함수의 그래프의 교점과 연립일차방정식의 해 사이의 관계를 설명할 수 있다. ∙ 다항식의 곱...,pending_context_review,achievement_research_report_2022,연구보고서 p. 57,no,Short page context for manual review only; do not change source_refs or confidence without source review.
51,m1_func_intersection_point,교점,그래프의 교점,중1(교육과정 학년군: 중1-3),변화와 관계,일차함수와 일차방정식의 관계,term,medium,inspect_research_report_context_before_source_ref_upgrade,58,3,achievement_level_context; curriculum_context,"...그래프를 활용하 여 간단한 문제를 해결할 수 있다. 두 일차함수의 그래프의 교점이 한 개인 경우, 두 일차 함수의 그래프의 교점과 연립일차방정식의 해...",pending_context_review,achievement_research_report_2022,연구보고서 p. 58,no,Short page context for manual review only; do not change source_refs or confidence without source review.
52,m1_num_multiple,배수,배수,중1(교육과정 학년군: 중1-3),수와 연산,소인수분해,term,medium,inspect_research_report_context_before_source_ref_upgrade,13,1,achievement_level_context; assessment_context; teaching_learning_context; curriculum_context,"...학과 교육과정 주요 변화 비고 ⦁ ⦁ (중학교 1학년) 최대공약수, 최소공배수의 성질 이해 및 활용 삭제, 대 학습 부담 완화 및 학 푯값(중앙값, 최...",pending_context_review,achievement_research_report_2022,연구보고서 p. 13,no,Short page context for manual review only; do not change source_refs or confidence without source review.
53,m1_num_multiple,배수,배수,중1(교육과정 학년군: 중1-3),수와 연산,소인수분해,term,medium,inspect_research_report_context_before_source_ref_upgrade,26,2,achievement_level_context; teaching_learning_context; curriculum_context,...학년 5~6학년 1~3학년 ㆍ네 자리 이하의 ㆍ다섯 자리 이상 ㆍ약수와 배수 ㆍ 소인 수분 ㆍ 유 리수 와 ㆍ제 곱근 과 수 의 수 ㆍ수의 범위와 올...,pending_context_review,achievement_research_report_2022,연구보고서 p. 26,no,Short page context for manual review only; do not change source_refs or confidence without source review.
54,m1_num_divisor,약수,약수,중1(교육과정 학년군: 중1-3),수와 연산,소인수분해,term,medium,inspect_research_report_context_before_source_ref_upgrade,13,1,achievement_level_context; assessment_context; teaching_learning_context; curriculum_context,"...2 개정 수학과 교육과정 주요 변화 비고 ⦁ ⦁ (중학교 1학년) 최대공약수, 최소공배수의 성질 이해 및 활용 삭제, 대 학습 부담 완화 및 학 푯값(...",pending_context_review,achievement_research_report_2022,연구보고서 p. 13,no,Short page context for manual review only; do not change source_refs or confidence without source review.
55,m1_num_divisor,약수,약수,중1(교육과정 학년군: 중1-3),수와 연산,소인수분해,term,medium,inspect_research_report_context_before_source_ref_upgrade,26,2,achievement_level_context; teaching_learning_context; curriculum_context,...년 3~4학년 5~6학년 1~3학년 ㆍ네 자리 이하의 ㆍ다섯 자리 이상 ㆍ약수와 배수 ㆍ 소인 수분 ㆍ 유 리수 와 ㆍ제 곱근 과 수 의 수 ㆍ수의 범...,pending_context_review,achievement_research_report_2022,연구보고서 p. 26,no,Short page context for manual review only; do not change source_refs or confidence without source review.
56,m1_geo_circle_radius,원의 반지름,반지름,중3(교육과정 학년군: 중1-3),도형과 측정,원의 성질,term,medium,inspect_research_report_context_before_source_ref_upgrade,61,1,achievement_level_context; example_assessment_tool_context; assessment_context; teaching_learning_context; curriculum_context,...합 세트 ⑤ [4수03-07] 컴퍼스를 이용 ∙ 지필평가 도형과 주어진 반지름을 이용하여 컴퍼스로 하여 여러 가지 크기의 (단답형) 측정 원 그리기 원...,pending_context_review,achievement_research_report_2022,연구보고서 p. 61,no,Short page context for manual review only; do not change source_refs or confidence without source review.
57,m1_geo_circle_radius,원의 반지름,반지름,중3(교육과정 학년군: 중1-3),도형과 측정,원의 성질,term,medium,inspect_research_report_context_before_source_ref_upgrade,131,5,achievement_level_context; curriculum_context,"부록 원의 구성 요소 성취기준 성취기준별 성취수준 원의 중심, 반지름, 지름에 대한 이해를 바탕으로 원의 여러 가지 성질을 찾아 [4수03-06] 원의 중심...",pending_context_review,achievement_research_report_2022,연구보고서 p. 131,no,Short page context for manual review only; do not change source_refs or confidence without source review.
58,m1_quad_eq_coefficients_in_standard_form,이차방정식의 계수,"a, b, c",중3(교육과정 학년군: 중1-3),변화와 관계,이차방정식,term,medium,inspect_research_report_context_before_source_ref_upgrade,35,6,achievement_level_context; assessment_context; teaching_learning_context; curriculum_context,Ⅱ. 2022 개정 수학과 교육과정에 따른 초･중학교 성취수준 개발 방향 탐색 <표 Ⅱ-2-6> 성취기준별 성취수준 진술 지침 진술 지침 기준 ･ ･ 초등학...,pending_context_review,achievement_research_report_2022,연구보고서 p. 35,no,Short page context for manual review only; do not change source_refs or confidence without source review.
59,m1_quad_eq_coefficients_in_standard_form,이차방정식의 계수,"a, b, c",중3(교육과정 학년군: 중1-3),변화와 관계,이차방정식,term,medium,inspect_research_report_context_before_source_ref_upgrade,37,2,achievement_level_context; curriculum_context,Ⅱ. 2022 개정 수학과 교육과정에 따른 초･중학교 성취수준 개발 방향 탐색 ･ ･ 한편 성취기준별 성취수준은 초등학교 전 교과와 중학교 체육 음악 미술...,pending_context_review,achievement_research_report_2022,연구보고서 p. 37,no,Short page context for manual review only; do not change source_refs or confidence without source review.
60,m1_geo_correspondence,도형의 대응,대응,중2(교육과정 학년군: 중1-3),도형과 측정,도형의 닮음,term,medium,inspect_research_report_context_before_source_ref_upgrade,5,1,achievement_level_context; example_assessment_tool_context; assessment_context; teaching_learning_context; curriculum_context,"머리말 교육부에서는 학습자가 미래 사회 변화에 대응할 수 있는 힘을 기르고, 디지털 인공 ･ 지능 기반 교실 수업을 개선하기 위해 2022년 12월 2022...",pending_context_review,achievement_research_report_2022,연구보고서 p. 5,no,Short page context for manual review only; do not change source_refs or confidence without source review.
61,m1_geo_correspondence,도형의 대응,대응,중2(교육과정 학년군: 중1-3),도형과 측정,도형의 닮음,term,medium,inspect_research_report_context_before_source_ref_upgrade,12,1,achievement_level_context; assessment_context; teaching_learning_context; curriculum_context,"....2). 2022 개정 교육과정의 주요 개정 방향은 미래 사회 ･ 변화에 대응하는 힘을 기를 수 있도록 학습자 주도성과 역량을 체계화하고, 지역 학교의...",pending_context_review,achievement_research_report_2022,연구보고서 p. 12,no,Short page context for manual review only; do not change source_refs or confidence without source review.
62,m1_data_mean,평균,평균,중1(교육과정 학년군: 중1-3),자료와 가능성,대푯값,term,medium,inspect_research_report_context_before_source_ref_upgrade,91,1,achievement_level_context; example_assessment_tool_context; assessment_context; teaching_learning_context; curriculum_context,"...정도 등을 알려주는 등 다양한 정보를 제공할 수 있다. 지필평가의 경우 평균, 표준편차, 성취수준별 학생 비율 분포, 문항 정답률, 문항 변별 도 등에...",pending_context_review,achievement_research_report_2022,연구보고서 p. 91,no,Short page context for manual review only; do not change source_refs or confidence without source review.
63,m1_data_mean,평균,평균,중1(교육과정 학년군: 중1-3),자료와 가능성,대푯값,term,medium,inspect_research_report_context_before_source_ref_upgrade,177,7,achievement_level_context; curriculum_context,"...가능성 자료의 수집과 정리 성취기준 성취기준별 성취수준 [6수04-01] 평균의 의 평균의 의미와 유용성을 인식하고, 여러 집단의 자료를 수집하여 평균...",pending_context_review,achievement_research_report_2022,연구보고서 p. 177,no,Short page context for manual review only; do not change source_refs or confidence without source review.
64,m1_calc_expansion,전개,전개,중1(교육과정 학년군: 중1-3),변화와 관계,식의 계산,procedure,medium,inspect_research_report_context_before_source_ref_upgrade,173,5,achievement_level_context; curriculum_context,"...꼭짓점을 찾을 할 수 있다. C 수 있다. 직육면체와 정육면체의 겨냥도와 전개도를 그리고, 구성 요소와 성질을 이용하 A [6수03-04] 직육면체와...",pending_context_review,achievement_research_report_2022,연구보고서 p. 173,no,Short page context for manual review only; do not change source_refs or confidence without source review.
65,m1_calc_expansion,전개,전개,중1(교육과정 학년군: 중1-3),변화와 관계,식의 계산,procedure,medium,inspect_research_report_context_before_source_ref_upgrade,174,10,achievement_level_context; curriculum_context,"...기둥과 각뿔에서 면, 모서리, 꼭짓점을 찾을 수 다. C 있다. 각기둥의 전개도를 그리고, 구성 요소와 성질을 이용하여 그 방법을 설명할 수 A 있다....",pending_context_review,achievement_research_report_2022,연구보고서 p. 174,no,Short page context for manual review only; do not change source_refs or confidence without source review.
66,m1_num_common_multiple,공배수,공배수,중1(교육과정 학년군: 중1-3),수와 연산,소인수분해,term,medium,inspect_research_report_context_before_source_ref_upgrade,13,1,achievement_level_context; assessment_context; teaching_learning_context; curriculum_context,"...학과 교육과정 주요 변화 비고 ⦁ ⦁ (중학교 1학년) 최대공약수, 최소공배수의 성질 이해 및 활용 삭제, 대 학습 부담 완화 및 학 푯값(중앙값, 최...",pending_context_review,achievement_research_report_2022,연구보고서 p. 13,no,Short page context for manual review only; do not change source_refs or confidence without source review.
67,m1_num_common_multiple,공배수,공배수,중1(교육과정 학년군: 중1-3),수와 연산,소인수분해,term,medium,inspect_research_report_context_before_source_ref_upgrade,26,1,achievement_level_context; teaching_learning_context; curriculum_context,"...수, 분수, 소수 등 수 관련 개념과 원리를 탐구하기 ㆍ최대공약수와 최소공배수 구하기 ㆍ수를 세고 읽고 쓰기 ㆍ정수, 유리수, 실수의 대소 관계 판단하...",pending_context_review,achievement_research_report_2022,연구보고서 p. 26,no,Short page context for manual review only; do not change source_refs or confidence without source review.
