concept_id,label_ko,grade,domain,unit,concept_type,confidence,source_ref_count,current_sources,match_count,matched_terms,matched_pages,first_matched_page,candidate_status,recommended_action,notes
m1_num_ratio,비,중1(교육과정 학년군: 중1-3),수와 연산,공통 선수개념,term,low,15,achievement_math_2022; achievement_research_report_2022; curriculum_math_2022,77,비율,61; 91; 172; 177; 180; 181; 183; 184; 185; 187; 188; 192; 194; 195; 208; 209; 260; 262,61,research_report_signal,inspect_research_report_context_before_confidence_change,"Research-report occurrence is a candidate signal, not an automatic source_ref upgrade."
m1_func_input_value,입력값,중1(교육과정 학년군: 중1-3),변화와 관계,일차함수와 그 그래프,term,low,2,achievement_math_2022; curriculum_math_2022,11,입력,193; 196; 253; 254; 259,193,research_report_signal,inspect_research_report_context_before_confidence_change,"Research-report occurrence is a candidate signal, not an automatic source_ref upgrade."
m1_geo_figure,도형,중학교(교육과정 학년군: 중1-3),도형과 측정,도형과 측정,core_concept,medium,4,achievement_math_2022; curriculum_math_2022,433,도형,9; 12; 23; 26; 45; 46; 60; 61; 62; 76; 77; 78; 79; 80; 84; 85; 86; 103; 108; 109; 110; 111; 112; 113,9,research_report_signal,inspect_research_report_context_before_source_ref_upgrade,"Research-report occurrence is a candidate signal, not an automatic source_ref upgrade."
m1_geo_triangle,삼각형,중학교(교육과정 학년군: 중1-3),도형과 측정,도형과 측정,core_concept,medium,9,achievement_math_2022; achievement_research_report_2022; curriculum_math_2022,367,삼각형,60; 62; 77; 78; 79; 80; 84; 85; 86; 103; 108; 109; 111; 112; 113; 114; 115; 118; 119; 120; 131; 135; 138; 139,60,research_report_signal,inspect_research_report_context_before_source_ref_upgrade,"Research-report occurrence is a candidate signal, not an automatic source_ref upgrade."
m1_num_addition,덧셈,중1(교육과정 학년군: 중1-3),수와 연산,정수와 유리수,procedure,medium,3,achievement_math_2022; achievement_research_report_2022; curriculum_math_2022,190,덧셈,26; 47; 48; 55; 56; 57; 58; 59; 60; 101; 105; 107; 108; 109; 110; 125; 127; 128; 129; 132; 133; 134; 136; 137,26,research_report_signal,inspect_research_report_context_before_source_ref_upgrade,"Research-report occurrence is a candidate signal, not an automatic source_ref upgrade."
m1_num_subtraction,뺄셈,중1(교육과정 학년군: 중1-3),수와 연산,정수와 유리수,procedure,medium,3,achievement_math_2022; achievement_research_report_2022; curriculum_math_2022,184,뺄셈,26; 47; 48; 55; 56; 57; 58; 59; 60; 101; 105; 107; 108; 109; 110; 125; 127; 128; 129; 132; 133; 134; 136; 137,26,research_report_signal,inspect_research_report_context_before_source_ref_upgrade,"Research-report occurrence is a candidate signal, not an automatic source_ref upgrade."
m1_geo_length,길이,중학교(교육과정 학년군: 중1-3),도형과 측정,도형과 측정,term,medium,7,achievement_math_2022; achievement_research_report_2022; curriculum_math_2022,164,길이,62; 77; 78; 79; 80; 82; 104; 105; 108; 109; 110; 133; 138; 139; 144; 159; 205; 213; 222; 224; 225; 231; 235; 236,62,research_report_signal,inspect_research_report_context_before_source_ref_upgrade,"Research-report occurrence is a candidate signal, not an automatic source_ref upgrade."
m1_num_multiplication,곱셈,중1(교육과정 학년군: 중1-3),수와 연산,정수와 유리수,procedure,medium,3,achievement_math_2022; achievement_research_report_2022; curriculum_math_2022,136,곱셈,26; 47; 48; 54; 57; 58; 59; 61; 102; 107; 126; 127; 136; 137; 141; 165; 168; 170; 171; 179; 180; 212; 213; 216,26,research_report_signal,inspect_research_report_context_before_source_ref_upgrade,"Research-report occurrence is a candidate signal, not an automatic source_ref upgrade."
m1_geo_area,넓이,중학교(교육과정 학년군: 중1-3),도형과 측정,도형과 측정,term,medium,7,achievement_math_2022; achievement_research_report_2022; curriculum_math_2022,129,넓이,62; 77; 78; 79; 80; 104; 108; 109; 175; 176; 181; 182; 222; 224; 225; 235; 236; 237; 238; 242; 244; 247; 263; 269,62,research_report_signal,inspect_research_report_context_before_source_ref_upgrade,"Research-report occurrence is a candidate signal, not an automatic source_ref upgrade."
m1_num_division,나눗셈,중1(교육과정 학년군: 중1-3),수와 연산,정수와 유리수,procedure,medium,3,achievement_math_2022; achievement_research_report_2022; curriculum_math_2022,81,나눗셈,26; 57; 58; 59; 126; 127; 136; 137; 168; 170; 171; 179; 180; 212; 213; 216; 232; 233; 234,26,research_report_signal,inspect_research_report_context_before_source_ref_upgrade,"Research-report occurrence is a candidate signal, not an automatic source_ref upgrade."
m1_prop_inverse_proportion,반비례,중1(교육과정 학년군: 중1-3),변화와 관계,좌표평면과 그래프,core_concept,medium,4,achievement_math_2022; achievement_research_report_2022; curriculum_math_2022,54,반비례; 반비례 관계,57; 58; 59; 215; 232; 233; 234,57,research_report_signal,inspect_research_report_context_before_source_ref_upgrade,"Research-report occurrence is a candidate signal, not an automatic source_ref upgrade."
m1_geo_pyramid,뿔 모양 입체도형,중1(교육과정 학년군: 중1-3),도형과 측정,입체도형의 성질,sub_concept,medium,4,achievement_math_2022; achievement_research_report_2022; curriculum_math_2022,51,각뿔; 원뿔,174; 181; 182; 263; 264; 265,174,research_report_signal,inspect_research_report_context_before_source_ref_upgrade,"Research-report occurrence is a candidate signal, not an automatic source_ref upgrade."
m1_geo_prism,기둥 모양 입체도형,중1(교육과정 학년군: 중1-3),도형과 측정,입체도형의 성질,sub_concept,medium,4,achievement_math_2022; achievement_research_report_2022; curriculum_math_2022,47,각기둥; 원기둥,103; 108; 109; 174; 181; 182; 263; 264,103,research_report_signal,inspect_research_report_context_before_source_ref_upgrade,"Research-report occurrence is a candidate signal, not an automatic source_ref upgrade."
m1_func_intersection_point,교점,중1(교육과정 학년군: 중1-3),변화와 관계,일차함수와 일차방정식의 관계,term,medium,2,achievement_math_2022; achievement_research_report_2022,36,교점; 그래프의 교점,57; 58; 219; 232; 233; 234; 254,57,research_report_signal,inspect_research_report_context_before_source_ref_upgrade,"Research-report occurrence is a candidate signal, not an automatic source_ref upgrade."
m1_num_multiple,배수,중1(교육과정 학년군: 중1-3),수와 연산,소인수분해,term,medium,3,achievement_math_2022; curriculum_math_2022,35,배수,13; 26; 169; 179; 180; 211; 230; 231,13,research_report_signal,inspect_research_report_context_before_source_ref_upgrade,"Research-report occurrence is a candidate signal, not an automatic source_ref upgrade."
m1_num_divisor,약수,중1(교육과정 학년군: 중1-3),수와 연산,소인수분해,term,medium,3,achievement_math_2022; curriculum_math_2022,34,약수,13; 26; 169; 179; 180; 211; 230; 231,13,research_report_signal,inspect_research_report_context_before_source_ref_upgrade,"Research-report occurrence is a candidate signal, not an automatic source_ref upgrade."
m1_geo_correspondence,도형의 대응,중2(교육과정 학년군: 중1-3),도형과 측정,도형의 닮음,term,medium,3,achievement_math_2022; curriculum_math_2022,25,대응,5; 12; 22; 24; 54; 75; 76; 84; 171; 173; 180; 181,5,research_report_signal,inspect_research_report_context_before_source_ref_upgrade,"Research-report occurrence is a candidate signal, not an automatic source_ref upgrade."
m1_data_mean,평균,중1(교육과정 학년군: 중1-3),자료와 가능성,대푯값,term,medium,3,achievement_math_2022; achievement_research_report_2022; curriculum_math_2022,24,평균,91; 177; 183; 186; 187,91,research_report_signal,inspect_research_report_context_before_source_ref_upgrade,"Research-report occurrence is a candidate signal, not an automatic source_ref upgrade."
m1_calc_expansion,전개,중1(교육과정 학년군: 중1-3),변화와 관계,식의 계산,procedure,medium,3,achievement_math_2022; curriculum_math_2022,20,전개,173; 174; 181; 182; 219,173,research_report_signal,inspect_research_report_context_before_source_ref_upgrade,"Research-report occurrence is a candidate signal, not an automatic source_ref upgrade."
m1_geo_solid_net,전개도,중1(교육과정 학년군: 중1-3),도형과 측정,입체도형의 성질,representation,medium,5,achievement_math_2022; achievement_research_report_2022; curriculum_math_2022,19,전개도,173; 174; 181; 182,173,research_report_signal,inspect_research_report_context_before_source_ref_upgrade,"Research-report occurrence is a candidate signal, not an automatic source_ref upgrade."
m1_geo_diagonal,대각선,중1(교육과정 학년군: 중1-3),도형과 측정,평면도형의 성질,term,medium,3,achievement_math_2022; achievement_research_report_2022; curriculum_math_2022,14,대각선,78; 213; 222; 231; 235; 236; 237; 238,78,research_report_signal,inspect_research_report_context_before_source_ref_upgrade,"Research-report occurrence is a candidate signal, not an automatic source_ref upgrade."
m1_data_or_cases,사건 A 또는 사건 B가 일어나는 경우의 수,중2(교육과정 학년군: 중1-3),자료와 가능성,경우의 수와 확률,sub_concept,medium,5,achievement_math_2022; achievement_research_report_2022,12,사건 A 또는 사건 B가 일어나는 경우의 수,228; 240; 266; 267; 268,228,research_report_signal,inspect_research_report_context_before_source_ref_upgrade,"Research-report occurrence is a candidate signal, not an automatic source_ref upgrade."
m1_data_and_cases,사건 A와 사건 B가 동시에 일어나는 경우의 수,중2(교육과정 학년군: 중1-3),자료와 가능성,경우의 수와 확률,sub_concept,medium,5,achievement_math_2022; achievement_research_report_2022,11,사건 A와 사건 B가 동시에 일어나는 경우의 수,228; 240; 266; 267; 268,228,research_report_signal,inspect_research_report_context_before_source_ref_upgrade,"Research-report occurrence is a candidate signal, not an automatic source_ref upgrade."
m1_data_event_cases_count,사건이 일어나는 경우의 수,중2(교육과정 학년군: 중1-3),자료와 가능성,경우의 수와 확률,sub_concept,medium,3,achievement_math_2022; achievement_research_report_2022; curriculum_math_2022,7,사건이 일어나는 경우의 수; 주어진 사건이 일어나는 경우의 수,228; 241; 260; 266,228,research_report_signal,inspect_research_report_context_before_source_ref_upgrade,"Research-report occurrence is a candidate signal, not an automatic source_ref upgrade."
m1_quad_eq_quadratic_term,이차항,중3(교육과정 학년군: 중1-3),변화와 관계,이차방정식,term,medium,2,achievement_math_2022; curriculum_math_2022,6,이차항,58; 59; 220; 234; 235,58,research_report_signal,inspect_research_report_context_before_source_ref_upgrade,"Research-report occurrence is a candidate signal, not an automatic source_ref upgrade."
m1_eq_both_sides,양변,중1(교육과정 학년군: 중1-3),변화와 관계,일차방정식,term,medium,1,curriculum_math_2022,4,양변,98; 217,98,research_report_signal,inspect_research_report_context_before_source_ref_upgrade,"Research-report occurrence is a candidate signal, not an automatic source_ref upgrade."
m1_data_and_probability,사건 A와 사건 B가 동시에 일어날 확률,중2(교육과정 학년군: 중1-3),자료와 가능성,경우의 수와 확률,sub_concept,medium,3,achievement_math_2022; achievement_research_report_2022,4,사건 A와 사건 B가 동시에 일어날 확률,228; 260,228,research_report_signal,inspect_research_report_context_before_source_ref_upgrade,"Research-report occurrence is a candidate signal, not an automatic source_ref upgrade."
m1_data_total_cases,전체 경우의 수,중2(교육과정 학년군: 중1-3),자료와 가능성,경우의 수와 확률,sub_concept,medium,3,achievement_math_2022; achievement_research_report_2022; curriculum_math_2022,4,모든 경우의 수,260; 262,260,research_report_signal,inspect_research_report_context_before_source_ref_upgrade,"Research-report occurrence is a candidate signal, not an automatic source_ref upgrade."
m1_geo_quadrilateral_relationship,여러 가지 사각형 사이의 관계,중2(교육과정 학년군: 중1-3),도형과 측정,삼각형과 사각형의 성질,property,medium,2,achievement_math_2022; curriculum_math_2022,3,여러 가지 사각형 사이의 관계,235; 236; 237,235,research_report_signal,inspect_research_report_context_before_source_ref_upgrade,"Research-report occurrence is a candidate signal, not an automatic source_ref upgrade."
m1_num_unit_square_diagonal,한 변의 길이가 1인 정사각형의 대각선,중3(교육과정 학년군: 중1-3),수와 연산,제곱근과 실수,representation,medium,3,achievement_math_2022; achievement_research_report_2022; curriculum_math_2022,3,한 변의 길이가 1인 정사각형의 대각선,213; 231,213,research_report_signal,inspect_research_report_context_before_source_ref_upgrade,"Research-report occurrence is a candidate signal, not an automatic source_ref upgrade."
m1_geo_pythagorean_converse,피타고라스 정리의 역,중2(교육과정 학년군: 중1-3),도형과 측정,피타고라스 정리,property,medium,2,achievement_math_2022; curriculum_math_2022,2,피타고라스 정리의 역,269,269,research_report_signal,inspect_research_report_context_before_source_ref_upgrade,"Research-report occurrence is a candidate signal, not an automatic source_ref upgrade."
m1_geo_solid_cross_section,입체도형의 단면,중1(교육과정 학년군: 중1-3),도형과 측정,입체도형의 성질,representation,medium,3,achievement_math_2022; curriculum_math_2022,1,단면,265,265,research_report_signal,inspect_research_report_context_before_source_ref_upgrade,"Research-report occurrence is a candidate signal, not an automatic source_ref upgrade."
m1_factor_quadratic_expression,이차식,중3(교육과정 학년군: 중1-3),변화와 관계,다항식의 곱셈과 인수분해,term,medium,2,achievement_math_2022; curriculum_math_2022,1,이차식,219,219,research_report_signal,inspect_research_report_context_before_source_ref_upgrade,"Research-report occurrence is a candidate signal, not an automatic source_ref upgrade."
m1_func_intersection_count,교점의 개수,중1(교육과정 학년군: 중1-3),변화와 관계,일차함수와 일차방정식의 관계,property,medium,1,achievement_math_2022,1,교점의 개수,219,219,research_report_signal,inspect_research_report_context_before_source_ref_upgrade,"Research-report occurrence is a candidate signal, not an automatic source_ref upgrade."
m1_data_or_probability,사건 A 또는 사건 B가 일어날 확률,중2(교육과정 학년군: 중1-3),자료와 가능성,경우의 수와 확률,sub_concept,medium,3,achievement_math_2022; achievement_research_report_2022,1,사건 A 또는 사건 B가 일어날 확률,228,228,research_report_signal,inspect_research_report_context_before_source_ref_upgrade,"Research-report occurrence is a candidate signal, not an automatic source_ref upgrade."
m1_graph_graph,그래프,중1(교육과정 학년군: 중1-3),변화와 관계,좌표평면과 그래프,representation,high,3,achievement_math_2022; curriculum_math_2022,563,그래프,12; 22; 45; 54; 57; 58; 59; 61; 62; 77; 79; 87; 88; 89; 90; 106; 110; 135; 140; 177; 183; 184; 186; 190,12,research_report_signal,use_as_supplemental_trace_only,"Research-report occurrence is a candidate signal, not an automatic source_ref upgrade."
m1_data_dataset,자료,중1(교육과정 학년군: 중1-3),자료와 가능성,자료와 가능성,core_concept,high,4,achievement_math_2022; curriculum_math_2022,390,data; 자료,2; 6; 9; 12; 13; 14; 21; 22; 23; 24; 26; 45; 46; 60; 61; 62; 76; 77; 78; 79; 80; 81; 83; 88,2,research_report_signal,use_as_supplemental_trace_only,"Research-report occurrence is a candidate signal, not an automatic source_ref upgrade."
m1_func_function,함수,중1(교육과정 학년군: 중1-3),변화와 관계,일차함수와 그 그래프,core_concept,high,4,achievement_math_2022; curriculum_math_2022,357,함수,54; 57; 58; 59; 62; 87; 88; 89; 90; 218; 219; 220; 232; 233; 234; 235; 242; 243; 244; 245; 246; 252; 253; 254,54,research_report_signal,use_as_supplemental_trace_only,"Research-report occurrence is a candidate signal, not an automatic source_ref upgrade."
m1_geo_quadrilateral,사각형,중2(교육과정 학년군: 중1-3),도형과 측정,삼각형과 사각형의 성질,core_concept,high,2,achievement_math_2022; curriculum_math_2022,242,사각형,60; 77; 78; 79; 80; 84; 85; 86; 103; 108; 109; 111; 112; 115; 116; 117; 118; 119; 120; 132; 135; 138; 139; 141,60,research_report_signal,use_as_supplemental_trace_only,"Research-report occurrence is a candidate signal, not an automatic source_ref upgrade."
m1_num_prime_number,소수,중1(교육과정 학년군: 중1-3),수와 연산,소인수분해,term,high,3,achievement_math_2022; curriculum_math_2022,238,소수,26; 27; 48; 60; 61; 84; 90; 96; 114; 117; 120; 124; 128; 129; 136; 137; 141; 145; 150; 151; 153; 158; 161; 164,26,research_report_signal,use_as_supplemental_trace_only,"Research-report occurrence is a candidate signal, not an automatic source_ref upgrade."
m1_func_linear_function,일차함수,중1(교육과정 학년군: 중1-3),변화와 관계,일차함수와 그 그래프,core_concept,high,3,achievement_math_2022; curriculum_math_2022,211,일차함수,54; 57; 58; 59; 62; 87; 88; 89; 90; 218; 219; 232; 233; 234; 235; 242; 252; 253; 254; 255; 256; 257; 258; 259,54,research_report_signal,use_as_supplemental_trace_only,"Research-report occurrence is a candidate signal, not an automatic source_ref upgrade."
m1_func_linear_graph,일차함수의 그래프,중1(교육과정 학년군: 중1-3),변화와 관계,일차함수와 그 그래프,representation,high,3,achievement_math_2022; curriculum_math_2022,172,일차함수의 그래프; 함수의 그래프,54; 57; 58; 59; 87; 88; 89; 90; 218; 219; 220; 232; 233; 234; 235; 242; 252; 253; 254; 255; 256; 257; 258,54,research_report_signal,use_as_supplemental_trace_only,"Research-report occurrence is a candidate signal, not an automatic source_ref upgrade."
m1_num_integer,정수,중1(교육과정 학년군: 중1-3),수와 연산,정수와 유리수,core_concept,high,4,achievement_math_2022; achievement_research_report_2022; curriculum_math_2022,163,정수,5; 6; 7; 9; 12; 13; 14; 15; 16; 19; 20; 21; 22; 23; 24; 25; 26; 27; 29; 31; 33; 35; 37; 39,5,research_report_signal,use_as_supplemental_trace_only,"Research-report occurrence is a candidate signal, not an automatic source_ref upgrade."
m1_eq_equation,방정식,중1(교육과정 학년군: 중1-3),변화와 관계,일차방정식,core_concept,high,3,achievement_math_2022; curriculum_math_2022,129,방정식,45; 54; 55; 56; 57; 58; 59; 214; 217; 219; 220; 232; 233; 234; 235,45,research_report_signal,use_as_supplemental_trace_only,"Research-report occurrence is a candidate signal, not an automatic source_ref upgrade."
m1_data_event,사건,중2(교육과정 학년군: 중1-3),자료와 가능성,경우의 수와 확률,term,high,3,achievement_math_2022; curriculum_math_2022,119,사건,62; 79; 80; 178; 183; 228; 239; 240; 241; 242; 260; 262; 266; 267; 268,62,research_report_signal,use_as_supplemental_trace_only,"Research-report occurrence is a candidate signal, not an automatic source_ref upgrade."
m1_geo_similarity_unit,도형의 닮음,중2(교육과정 학년군: 중1-3),도형과 측정,도형의 닮음,core_concept,high,4,achievement_math_2022; curriculum_math_2022,106,닮음; 도형의 닮음,77; 78; 79; 80; 224; 235; 236; 237; 238; 263; 265,77,research_report_signal,use_as_supplemental_trace_only,"Research-report occurrence is a candidate signal, not an automatic source_ref upgrade."
m1_num_natural_number,자연수,중1(교육과정 학년군: 중1-3),수와 연산,소인수분해,term,high,3,achievement_math_2022; curriculum_math_2022,101,자연수,26; 27; 48; 49; 50; 51; 127; 136; 137; 165; 168; 170; 171; 179; 180; 209; 211; 213; 230; 231; 244,26,research_report_signal,use_as_supplemental_trace_only,"Research-report occurrence is a candidate signal, not an automatic source_ref upgrade."
m1_geo_pythagorean_unit,피타고라스 정리,중2(교육과정 학년군: 중1-3),도형과 측정,피타고라스 정리,core_concept,high,2,achievement_math_2022; curriculum_math_2022,97,피타고라스; 피타고라스 정리,62; 77; 78; 79; 80; 225; 235; 236; 237; 238; 242; 269; 270; 271,62,research_report_signal,use_as_supplemental_trace_only,"Research-report occurrence is a candidate signal, not an automatic source_ref upgrade."
m1_geo_pythagorean_theorem,피타고라스 정리,중2(교육과정 학년군: 중1-3),도형과 측정,피타고라스 정리,property,high,3,achievement_math_2022; curriculum_math_2022,97,피타고라스; 피타고라스 정리,62; 77; 78; 79; 80; 225; 235; 236; 237; 238; 242; 269; 270; 271,62,research_report_signal,use_as_supplemental_trace_only,"Research-report occurrence is a candidate signal, not an automatic source_ref upgrade."
m1_eq_equality,등식,중1(교육과정 학년군: 중1-3),변화와 관계,일차방정식,term,high,3,achievement_math_2022; curriculum_math_2022,96,등식,45; 54; 55; 56; 57; 58; 59; 214; 217; 232; 233; 234; 235,45,research_report_signal,use_as_supplemental_trace_only,"Research-report occurrence is a candidate signal, not an automatic source_ref upgrade."
m1_data_probability,확률,중2(교육과정 학년군: 중1-3),자료와 가능성,경우의 수와 확률,core_concept,high,4,achievement_math_2022; curriculum_math_2022,92,확률,62; 77; 78; 79; 80; 228; 239; 240; 241; 242; 260; 261; 262,62,research_report_signal,use_as_supplemental_trace_only,"Research-report occurrence is a candidate signal, not an automatic source_ref upgrade."
m1_geo_plane,평면,중1(교육과정 학년군: 중1-3),도형과 측정,기본 도형,term,high,2,achievement_math_2022; curriculum_math_2022,84,평면,12; 54; 60; 77; 78; 84; 103; 109; 110; 112; 130; 138; 139; 141; 154; 156; 175; 181; 182; 215; 221; 222; 224; 235,12,research_report_signal,use_as_supplemental_trace_only,"Research-report occurrence is a candidate signal, not an automatic source_ref upgrade."
m1_geo_volume,부피,중1(교육과정 학년군: 중1-3),도형과 측정,입체도형의 성질,procedure,high,2,achievement_math_2022; curriculum_math_2022,83,부피,62; 77; 79; 80; 176; 177; 181; 182; 222; 224; 235; 236; 237; 238; 242; 263; 264; 265,62,research_report_signal,use_as_supplemental_trace_only,"Research-report occurrence is a candidate signal, not an automatic source_ref upgrade."
m1_geo_similarity,닮음,중2(교육과정 학년군: 중1-3),도형과 측정,도형의 닮음,core_concept,high,3,achievement_math_2022; curriculum_math_2022,80,닮음,77; 78; 79; 80; 224; 235; 236; 237; 238; 263; 265,77,research_report_signal,use_as_supplemental_trace_only,"Research-report occurrence is a candidate signal, not an automatic source_ref upgrade."
m1_geo_trig_unit,삼각비,중3(교육과정 학년군: 중1-3),도형과 측정,삼각비,core_concept,high,4,achievement_math_2022; curriculum_math_2022,79,삼각비,62; 77; 78; 79; 225; 235; 236; 237; 238; 242; 247; 248; 250,62,research_report_signal,use_as_supplemental_trace_only,"Research-report occurrence is a candidate signal, not an automatic source_ref upgrade."
m1_geo_trigonometric_ratio,삼각비,중3(교육과정 학년군: 중1-3),도형과 측정,삼각비,core_concept,high,3,achievement_math_2022; curriculum_math_2022,79,삼각비,62; 77; 78; 79; 225; 235; 236; 237; 238; 242; 247; 248; 250,62,research_report_signal,use_as_supplemental_trace_only,"Research-report occurrence is a candidate signal, not an automatic source_ref upgrade."
m1_expr_polynomial,다항식,중1(교육과정 학년군: 중1-3),변화와 관계,문자의 사용과 식,core_concept,high,2,achievement_math_2022; curriculum_math_2022,77,다항식,54; 55; 57; 58; 59; 214; 216; 219; 232; 233; 234; 235,54,research_report_signal,use_as_supplemental_trace_only,"Research-report occurrence is a candidate signal, not an automatic source_ref upgrade."
m1_geo_polygon,다각형,중1(교육과정 학년군: 중1-3),도형과 측정,평면도형의 성질,core_concept,high,2,achievement_math_2022; curriculum_math_2022,76,다각형,61; 78; 79; 132; 138; 139; 141; 156; 157; 158; 175; 222; 227; 235; 236; 237; 238; 239; 240; 241,61,research_report_signal,use_as_supplemental_trace_only,"Research-report occurrence is a candidate signal, not an automatic source_ref upgrade."
m1_num_rational_number,유리수,중1(교육과정 학년군: 중1-3),수와 연산,정수와 유리수,core_concept,high,6,achievement_math_2022; achievement_research_report_2022; curriculum_math_2022,73,유리수,26; 27; 45; 48; 211; 212; 213; 230; 231; 232,26,research_report_signal,use_as_supplemental_trace_only,"Research-report occurrence is a candidate signal, not an automatic source_ref upgrade."
m1_ineq_inequality,부등식,중1(교육과정 학년군: 중1-3),변화와 관계,일차부등식,core_concept,high,3,achievement_math_2022; curriculum_math_2022,71,부등식,45; 54; 57; 58; 59; 217; 232; 233; 234; 235,45,research_report_signal,use_as_supplemental_trace_only,"Research-report occurrence is a candidate signal, not an automatic source_ref upgrade."
m1_data_frequency,도수,중1(교육과정 학년군: 중1-3),자료와 가능성,도수분포표와 상대도수,term,high,3,achievement_math_2022; curriculum_math_2022,70,도수,77; 79; 227; 228; 231; 235; 239; 240; 241,77,research_report_signal,use_as_supplemental_trace_only,"Research-report occurrence is a candidate signal, not an automatic source_ref upgrade."
m1_geo_justification,정당화,중2(교육과정 학년군: 중1-3),도형과 측정,삼각형과 사각형의 성질,procedure,high,2,achievement_math_2022; curriculum_math_2022,64,정당화,21; 22; 43; 45; 62; 77; 78; 79; 80; 223; 225; 226; 235; 236; 237; 242; 269,21,research_report_signal,use_as_supplemental_trace_only,"Research-report occurrence is a candidate signal, not an automatic source_ref upgrade."
m1_expr_letter,문자,중1(교육과정 학년군: 중1-3),변화와 관계,문자의 사용과 식,term,high,3,achievement_math_2022; curriculum_math_2022,62,문자,45; 54; 55; 56; 57; 58; 59; 154; 214; 232; 233; 234; 235; 272,45,research_report_signal,use_as_supplemental_trace_only,"Research-report occurrence is a candidate signal, not an automatic source_ref upgrade."
m1_eq_unit,일차방정식,중1(교육과정 학년군: 중1-3),변화와 관계,일차방정식,core_concept,high,2,curriculum_math_2022,62,일차방정식,54; 55; 56; 57; 58; 59; 214; 217; 219; 232; 233; 234; 235,54,research_report_signal,use_as_supplemental_trace_only,"Research-report occurrence is a candidate signal, not an automatic source_ref upgrade."
m1_eq_linear_equation,일차방정식,중1(교육과정 학년군: 중1-3),변화와 관계,일차방정식,core_concept,high,3,achievement_math_2022; curriculum_math_2022,62,일차방정식,54; 55; 56; 57; 58; 59; 214; 217; 219; 232; 233; 234; 235,54,research_report_signal,use_as_supplemental_trace_only,"Research-report occurrence is a candidate signal, not an automatic source_ref upgrade."
m1_func_two_quantity_relation,두 양 사이의 관계,중1(교육과정 학년군: 중1-3),변화와 관계,일차함수와 그 그래프,sub_concept,high,2,achievement_math_2022; curriculum_math_2022,62,두 양 사이의 관계; 두 양의 관계; 양 사이의 관계,62; 129; 137; 218; 242; 243; 245,62,research_report_signal,use_as_supplemental_trace_only,"Research-report occurrence is a candidate signal, not an automatic source_ref upgrade."
m1_data_counting_cases,경우의 수,중2(교육과정 학년군: 중1-3),자료와 가능성,경우의 수와 확률,procedure,high,4,achievement_math_2022; curriculum_math_2022,62,경우의 수,62; 77; 78; 79; 80; 228; 239; 240; 241; 242; 260; 262; 266; 267; 268,62,research_report_signal,use_as_supplemental_trace_only,"Research-report occurrence is a candidate signal, not an automatic source_ref upgrade."
m1_geo_model_tool_solid,모형과 공학 도구로 입체도형 탐구,중1(교육과정 학년군: 중1-3),도형과 측정,입체도형의 성질,procedure,high,3,achievement_math_2022; curriculum_math_2022,61,공학 도구,13; 21; 22; 23; 24; 59; 60; 61; 62; 77; 79; 87; 88; 141; 142; 222; 228; 229; 235; 236; 239; 240; 241; 242,13,research_report_signal,use_as_supplemental_trace_only,"Research-report occurrence is a candidate signal, not an automatic source_ref upgrade."
m1_geo_domain,도형과 측정,중학교(교육과정 학년군: 중1-3),도형과 측정,도형과 측정,core_concept,high,19,curriculum_math_2022,57,도형과 측정,9; 12; 23; 26; 45; 46; 76; 77; 78; 84; 85; 103; 108; 109; 110; 112; 115; 118; 130; 138; 139; 142; 147; 154,9,research_report_signal,use_as_supplemental_trace_only,"Research-report occurrence is a candidate signal, not an automatic source_ref upgrade."
m1_coord_coordinate,좌표,중1(교육과정 학년군: 중1-3),변화와 관계,좌표평면과 그래프,term,high,3,achievement_math_2022; curriculum_math_2022,57,점의 좌표; 좌표,54; 57; 58; 59; 90; 215; 219; 232; 233; 234; 235; 253; 254; 258; 259,54,research_report_signal,use_as_supplemental_trace_only,"Research-report occurrence is a candidate signal, not an automatic source_ref upgrade."
m1_geo_congruence,합동,중1(교육과정 학년군: 중1-3),도형과 측정,작도와 합동,core_concept,high,2,achievement_math_2022; curriculum_math_2022,55,합동,77; 78; 97; 173; 181; 182; 221; 235; 236; 237; 238,77,research_report_signal,use_as_supplemental_trace_only,"Research-report occurrence is a candidate signal, not an automatic source_ref upgrade."
m1_calc_exponent,지수,중1(교육과정 학년군: 중1-3),변화와 관계,식의 계산,term,high,3,achievement_math_2022; curriculum_math_2022,54,지수,54; 57; 58; 59; 97; 148; 149; 150; 152; 157; 159; 160; 163; 166; 168; 179; 216; 217; 219; 232; 233; 234; 235,54,research_report_signal,use_as_supplemental_trace_only,"Research-report occurrence is a candidate signal, not an automatic source_ref upgrade."
m1_num_domain,수와 연산,중학교(교육과정 학년군: 중1-3),수와 연산,수와 연산,core_concept,high,10,curriculum_math_2022,54,수와 연산,9; 12; 26; 27; 45; 46; 47; 48; 49; 52; 76; 100; 107; 121; 125; 136; 137; 151; 162; 165; 168; 179; 180; 202,9,research_report_signal,use_as_supplemental_trace_only,"Research-report occurrence is a candidate signal, not an automatic source_ref upgrade."
m1_prop_direct_proportion,정비례,중1(교육과정 학년군: 중1-3),변화와 관계,좌표평면과 그래프,core_concept,high,3,achievement_math_2022; curriculum_math_2022,49,정비례; 정비례 관계,57; 58; 59; 215; 232; 233; 234; 245,57,research_report_signal,use_as_supplemental_trace_only,"Research-report occurrence is a candidate signal, not an automatic source_ref upgrade."
m1_geo_line,직선,중1(교육과정 학년군: 중1-3),도형과 측정,기본 도형,term,high,2,achievement_math_2022; curriculum_math_2022,47,직선,77; 78; 130; 138; 139; 212; 215; 221; 231; 235; 236; 237; 238; 254; 257,77,research_report_signal,use_as_supplemental_trace_only,"Research-report occurrence is a candidate signal, not an automatic source_ref upgrade."
m1_factor_factor,인수,중3(교육과정 학년군: 중1-3),변화와 관계,다항식의 곱셈과 인수분해,term,high,3,achievement_math_2022; curriculum_math_2022,46,인수,26; 54; 57; 58; 59; 107; 121; 211; 219; 230; 231; 232; 233; 234; 235,26,research_report_signal,use_as_supplemental_trace_only,"Research-report occurrence is a candidate signal, not an automatic source_ref upgrade."
m1_data_statistical_inquiry_problem,통계적 탐구 문제,중1(교육과정 학년군: 중1-3),자료와 가능성,도수분포표와 상대도수,core_concept,high,3,achievement_math_2022; curriculum_math_2022,45,탐구 문제; 통계적 탐구 문제,45; 61; 62; 77; 79; 135; 140; 177; 183; 184; 190; 205; 228; 239; 240; 241,45,research_report_signal,use_as_supplemental_trace_only,"Research-report occurrence is a candidate signal, not an automatic source_ref upgrade."
m1_num_integer_rational_unit,정수와 유리수,중1(교육과정 학년군: 중1-3),수와 연산,정수와 유리수,core_concept,high,9,achievement_math_2022; achievement_research_report_2022; curriculum_math_2022,43,정수와 유리수,27; 45; 211; 212; 230; 231; 232,27,research_report_signal,use_as_supplemental_trace_only,"Research-report occurrence is a candidate signal, not an automatic source_ref upgrade."
m1_data_domain,자료와 가능성,중학교(교육과정 학년군: 중1-3),자료와 가능성,자료와 가능성,core_concept,high,9,curriculum_math_2022,43,자료와 가능성,9; 12; 23; 26; 45; 46; 76; 77; 78; 106; 110; 135; 140; 177; 183; 190; 198; 205; 208; 227; 239; 260; 266,9,research_report_signal,use_as_supplemental_trace_only,"Research-report occurrence is a candidate signal, not an automatic source_ref upgrade."
m1_func_slope,기울기,중1(교육과정 학년군: 중1-3),변화와 관계,일차함수와 그 그래프,term,high,3,achievement_math_2022; curriculum_math_2022,42,기울기,58; 59; 87; 88; 89; 90; 205; 218; 234; 235; 252; 255; 257; 258,58,research_report_signal,use_as_supplemental_trace_only,"Research-report occurrence is a candidate signal, not an automatic source_ref upgrade."
m1_geo_parallel_lines,평행선,중1(교육과정 학년군: 중1-3),도형과 측정,기본 도형,term,high,2,achievement_math_2022; curriculum_math_2022,40,평행선,62; 78; 79; 80; 221; 224; 235; 236; 237; 238; 242; 272,62,research_report_signal,use_as_supplemental_trace_only,"Research-report occurrence is a candidate signal, not an automatic source_ref upgrade."
m1_func_correspondence,대응 관계,중1(교육과정 학년군: 중1-3),변화와 관계,일차함수와 그 그래프,sub_concept,high,2,achievement_math_2022; curriculum_math_2022,40,대응; 대응 관계,5; 12; 22; 24; 54; 75; 76; 84; 171; 173; 180; 181,5,research_report_signal,use_as_supplemental_trace_only,"Research-report occurrence is a candidate signal, not an automatic source_ref upgrade."
m1_geo_surface_area,겉넓이,중1(교육과정 학년군: 중1-3),도형과 측정,입체도형의 성질,procedure,high,2,achievement_math_2022; curriculum_math_2022,39,겉넓이,77; 79; 176; 181; 182; 222; 235; 236; 237; 238; 242; 263,77,research_report_signal,use_as_supplemental_trace_only,"Research-report occurrence is a candidate signal, not an automatic source_ref upgrade."
m1_geo_right_triangle,직각삼각형,중2(교육과정 학년군: 중1-3),도형과 측정,피타고라스 정리,core_concept,high,3,achievement_math_2022; curriculum_math_2022,39,직각삼각형,131; 225; 235; 236; 237; 238; 247; 249; 265; 269; 270,131,research_report_signal,use_as_supplemental_trace_only,"Research-report occurrence is a candidate signal, not an automatic source_ref upgrade."
m1_quad_func_quadratic_function,이차함수,중3(교육과정 학년군: 중1-3),변화와 관계,이차함수와 그 그래프,core_concept,high,4,achievement_math_2022; achievement_research_report_2022; curriculum_math_2022,38,이차함수,54; 57; 58; 59; 220; 232; 233; 234; 235,54,research_report_signal,use_as_supplemental_trace_only,"Research-report occurrence is a candidate signal, not an automatic source_ref upgrade."
m1_eq_equality_properties,등식의 성질,중1(교육과정 학년군: 중1-3),변화와 관계,일차방정식,property,high,2,achievement_math_2022; curriculum_math_2022,38,등식의 성질,54; 55; 56; 57; 58; 59; 214; 217; 232; 233; 234,54,research_report_signal,use_as_supplemental_trace_only,"Research-report occurrence is a candidate signal, not an automatic source_ref upgrade."
m1_data_box_plot,상자그림,중3(교육과정 학년군: 중1-3),자료와 가능성,상자그림과 산점도,representation,high,4,achievement_math_2022; curriculum_math_2022,38,상자그림,13; 23; 77; 79; 229; 239; 240; 241,13,research_report_signal,use_as_supplemental_trace_only,"Research-report occurrence is a candidate signal, not an automatic source_ref upgrade."
m1_factor_factorization,인수분해,중3(교육과정 학년군: 중1-3),변화와 관계,다항식의 곱셈과 인수분해,procedure,high,4,achievement_math_2022; curriculum_math_2022,37,다항식의 인수분해; 인수분해,54; 57; 58; 59; 211; 219; 230; 231; 232; 233; 234; 235,54,research_report_signal,use_as_supplemental_trace_only,"Research-report occurrence is a candidate signal, not an automatic source_ref upgrade."
m1_system_simultaneous_linear_equations,연립일차방정식,중1(교육과정 학년군: 중1-3),변화와 관계,연립일차방정식,core_concept,high,3,achievement_math_2022; curriculum_math_2022,37,미지수가 2개인 연립일차방정식; 연립일차방정식,54; 57; 58; 59; 217; 219; 232; 233; 234; 235,54,research_report_signal,use_as_supplemental_trace_only,"Research-report occurrence is a candidate signal, not an automatic source_ref upgrade."
m1_data_deviation,편차,중3(교육과정 학년군: 중1-3),자료와 가능성,산포도,term,high,3,achievement_math_2022; curriculum_math_2022,37,편차,79; 91; 229; 239; 240; 241,79,research_report_signal,use_as_supplemental_trace_only,"Research-report occurrence is a candidate signal, not an automatic source_ref upgrade."
m1_expr_literal_expression,문자를 사용한 식,중1(교육과정 학년군: 중1-3),변화와 관계,문자의 사용과 식,representation,high,2,achievement_math_2022; curriculum_math_2022,34,문자를 사용한 식; 문자식; 문자와 식,54; 55; 56; 57; 58; 59; 214; 232; 233; 234; 235; 272,54,research_report_signal,use_as_supplemental_trace_only,"Research-report occurrence is a candidate signal, not an automatic source_ref upgrade."
m1_num_negative_number,음수,중1(교육과정 학년군: 중1-3),수와 연산,정수와 유리수,term,high,4,achievement_math_2022; achievement_research_report_2022; curriculum_math_2022,34,음수,27; 51; 167; 211; 212; 230; 231; 232,27,research_report_signal,use_as_supplemental_trace_only,"Research-report occurrence is a candidate signal, not an automatic source_ref upgrade."
m1_data_relative_frequency,상대도수,중1(교육과정 학년군: 중1-3),자료와 가능성,도수분포표와 상대도수,term,high,4,achievement_math_2022; curriculum_math_2022,33,상대도수,77; 79; 227; 228; 239; 240; 241,77,research_report_signal,use_as_supplemental_trace_only,"Research-report occurrence is a candidate signal, not an automatic source_ref upgrade."
m1_num_square_root,제곱근,중3(교육과정 학년군: 중1-3),수와 연산,제곱근과 실수,core_concept,high,3,achievement_math_2022; curriculum_math_2022,32,제곱근,26; 213; 230; 231; 232,26,research_report_signal,use_as_supplemental_trace_only,"Research-report occurrence is a candidate signal, not an automatic source_ref upgrade."
m1_geo_circumcenter,외심,중2(교육과정 학년군: 중1-3),도형과 측정,삼각형과 사각형의 성질,core_concept,high,3,achievement_math_2022; curriculum_math_2022,31,외심,62; 78; 79; 80; 223; 235; 236; 237; 238; 242; 269; 270; 271; 272,62,research_report_signal,use_as_supplemental_trace_only,"Research-report occurrence is a candidate signal, not an automatic source_ref upgrade."
m1_num_repeating_decimal,순환소수,중2(교육과정 학년군: 중1-3),수와 연산,유리수와 순환소수,term,high,3,achievement_math_2022; curriculum_math_2022,31,순환소수,26; 212; 230; 231; 232,26,research_report_signal,use_as_supplemental_trace_only,"Research-report occurrence is a candidate signal, not an automatic source_ref upgrade."
m1_expr_monomial,단항식,중1(교육과정 학년군: 중1-3),변화와 관계,문자의 사용과 식,sub_concept,high,1,curriculum_math_2022,30,단항식,57; 58; 59; 216; 232; 233; 234,57,research_report_signal,use_as_supplemental_trace_only,"Research-report occurrence is a candidate signal, not an automatic source_ref upgrade."
m1_geo_proof,증명,중2(교육과정 학년군: 중1-3),도형과 측정,삼각형과 사각형의 성질,procedure,high,3,achievement_math_2022; curriculum_math_2022,28,증명,13; 77; 79; 80; 223; 226; 235; 236; 237,13,research_report_signal,use_as_supplemental_trace_only,"Research-report occurrence is a candidate signal, not an automatic source_ref upgrade."
m1_system_unit,연립일차방정식,중1(교육과정 학년군: 중1-3),변화와 관계,연립일차방정식,core_concept,high,2,achievement_math_2022; curriculum_math_2022,28,연립일차방정식,54; 57; 58; 59; 217; 219; 232; 233; 234; 235,54,research_report_signal,use_as_supplemental_trace_only,"Research-report occurrence is a candidate signal, not an automatic source_ref upgrade."
m1_num_prime_factor,소인수,중1(교육과정 학년군: 중1-3),수와 연산,소인수분해,term,high,3,achievement_math_2022; curriculum_math_2022,27,소인수,26; 211; 230; 231,26,research_report_signal,use_as_supplemental_trace_only,"Research-report occurrence is a candidate signal, not an automatic source_ref upgrade."
m1_data_representative_unit,대푯값,중1(교육과정 학년군: 중1-3),자료와 가능성,대푯값,core_concept,high,3,achievement_math_2022; curriculum_math_2022,27,대푯값,77; 79; 227; 239; 240; 241,77,research_report_signal,use_as_supplemental_trace_only,"Research-report occurrence is a candidate signal, not an automatic source_ref upgrade."
m1_data_representative_value,대푯값,중1(교육과정 학년군: 중1-3),자료와 가능성,대푯값,core_concept,high,4,achievement_math_2022; curriculum_math_2022,27,대푯값,77; 79; 227; 239; 240; 241,77,research_report_signal,use_as_supplemental_trace_only,"Research-report occurrence is a candidate signal, not an automatic source_ref upgrade."
m1_data_variance,분산,중3(교육과정 학년군: 중1-3),자료와 가능성,산포도,term,high,3,achievement_math_2022; curriculum_math_2022,27,분산,79; 229; 239; 240; 241,79,research_report_signal,use_as_supplemental_trace_only,"Research-report occurrence is a candidate signal, not an automatic source_ref upgrade."
m1_data_standard_deviation,표준편차,중3(교육과정 학년군: 중1-3),자료와 가능성,산포도,term,high,3,achievement_math_2022; curriculum_math_2022,27,표준편차,79; 91; 229; 239; 240; 241,79,research_report_signal,use_as_supplemental_trace_only,"Research-report occurrence is a candidate signal, not an automatic source_ref upgrade."
m1_data_scatter_plot,산점도,중3(교육과정 학년군: 중1-3),자료와 가능성,상자그림과 산점도,representation,high,3,achievement_math_2022; curriculum_math_2022,27,산점도,77; 79; 229; 239; 240; 241,77,research_report_signal,use_as_supplemental_trace_only,"Research-report occurrence is a candidate signal, not an automatic source_ref upgrade."
m1_num_real_number,실수,중3(교육과정 학년군: 중1-3),수와 연산,제곱근과 실수,core_concept,high,5,achievement_math_2022; curriculum_math_2022,26,실수,5; 12; 26; 48; 213; 230; 231; 232,5,research_report_signal,use_as_supplemental_trace_only,"Research-report occurrence is a candidate signal, not an automatic source_ref upgrade."
m1_func_graph_properties,일차함수의 그래프의 성질,중1(교육과정 학년군: 중1-3),변화와 관계,일차함수와 그 그래프,property,high,2,achievement_math_2022; curriculum_math_2022,25,그래프의 성질; 일차함수의 그래프의 성질,54; 57; 58; 218; 232; 233,54,research_report_signal,use_as_supplemental_trace_only,"Research-report occurrence is a candidate signal, not an automatic source_ref upgrade."
m1_geo_position_relation,"점, 직선, 평면의 위치 관계",중1(교육과정 학년군: 중1-3),도형과 측정,기본 도형,core_concept,high,2,achievement_math_2022; curriculum_math_2022,24,"위치 관계; 점, 직선, 평면의 위치 관계",77; 78; 221; 235; 236; 237; 238,77,research_report_signal,use_as_supplemental_trace_only,"Research-report occurrence is a candidate signal, not an automatic source_ref upgrade."
m1_geo_sector,부채꼴,중1(교육과정 학년군: 중1-3),도형과 측정,평면도형의 성질,core_concept,high,3,achievement_math_2022; curriculum_math_2022,24,부채꼴,78; 222; 235; 236; 237; 238,78,research_report_signal,use_as_supplemental_trace_only,"Research-report occurrence is a candidate signal, not an automatic source_ref upgrade."
m1_num_radical_sign,근호,중3(교육과정 학년군: 중1-3),수와 연산,제곱근과 실수,term,high,3,achievement_math_2022; curriculum_math_2022,24,근호,26; 98; 213; 230; 231; 232,26,research_report_signal,use_as_supplemental_trace_only,"Research-report occurrence is a candidate signal, not an automatic source_ref upgrade."
m1_geo_centroid,무게중심,중2(교육과정 학년군: 중1-3),도형과 측정,삼각형과 사각형의 성질,core_concept,high,3,achievement_math_2022; curriculum_math_2022,23,무게중심,62; 224; 235; 236; 237; 242; 272; 273; 274,62,research_report_signal,use_as_supplemental_trace_only,"Research-report occurrence is a candidate signal, not an automatic source_ref upgrade."
m1_geo_isosceles_triangle,이등변삼각형,중2(교육과정 학년군: 중1-3),도형과 측정,삼각형과 사각형의 성질,core_concept,high,2,achievement_math_2022; curriculum_math_2022,23,이등변삼각형,78; 79; 80; 131; 223; 235; 236; 237; 238,78,research_report_signal,use_as_supplemental_trace_only,"Research-report occurrence is a candidate signal, not an automatic source_ref upgrade."
m1_func_linear_formula,일차함수의 식,중1(교육과정 학년군: 중1-3),변화와 관계,일차함수와 그 그래프,representation,high,2,achievement_math_2022; curriculum_math_2022,23,일차함수의 식; 함수식,59; 88; 89; 90; 219; 235; 253; 254; 255; 256; 257; 258; 259,59,research_report_signal,use_as_supplemental_trace_only,"Research-report occurrence is a candidate signal, not an automatic source_ref upgrade."
m1_eq_unknown,미지수,중1(교육과정 학년군: 중1-3),변화와 관계,일차방정식,term,high,2,achievement_math_2022; curriculum_math_2022,22,미지수,54; 57; 58; 59; 217; 219; 232; 233; 234; 235,54,research_report_signal,use_as_supplemental_trace_only,"Research-report occurrence is a candidate signal, not an automatic source_ref upgrade."
m1_data_frequency_table,도수분포표,중1(교육과정 학년군: 중1-3),자료와 가능성,도수분포표와 상대도수,representation,high,3,achievement_math_2022; curriculum_math_2022,22,도수분포표,77; 79; 227; 228; 239; 240; 241,77,research_report_signal,use_as_supplemental_trace_only,"Research-report occurrence is a candidate signal, not an automatic source_ref upgrade."
m1_geo_circumcircle,외접원,중2(교육과정 학년군: 중1-3),도형과 측정,삼각형과 사각형의 성질,term,high,3,achievement_math_2022; curriculum_math_2022,21,외접; 외접원,62; 242; 269; 270; 271,62,research_report_signal,use_as_supplemental_trace_only,"Research-report occurrence is a candidate signal, not an automatic source_ref upgrade."
m1_expr_linear_expression,일차식,중1(교육과정 학년군: 중1-3),변화와 관계,문자의 사용과 식,core_concept,high,3,achievement_math_2022; curriculum_math_2022,21,일차식,55; 56; 57; 58; 214; 232; 233; 234,55,research_report_signal,use_as_supplemental_trace_only,"Research-report occurrence is a candidate signal, not an automatic source_ref upgrade."
m1_geo_incenter,내심,중2(교육과정 학년군: 중1-3),도형과 측정,삼각형과 사각형의 성질,core_concept,high,3,achievement_math_2022; curriculum_math_2022,20,내심,78; 79; 80; 223; 235; 236; 237; 238,78,research_report_signal,use_as_supplemental_trace_only,"Research-report occurrence is a candidate signal, not an automatic source_ref upgrade."
m1_num_irrational_number,무리수,중3(교육과정 학년군: 중1-3),수와 연산,제곱근과 실수,core_concept,high,4,achievement_math_2022; curriculum_math_2022,20,무리수,27; 213; 230; 231; 232,27,research_report_signal,use_as_supplemental_trace_only,"Research-report occurrence is a candidate signal, not an automatic source_ref upgrade."
m1_geo_intersection_point,교점,중1(교육과정 학년군: 중1-3),도형과 측정,기본 도형,term,high,3,achievement_math_2022; curriculum_math_2022,19,교점,57; 58; 219; 232; 233; 234; 254,57,research_report_signal,use_as_supplemental_trace_only,"Research-report occurrence is a candidate signal, not an automatic source_ref upgrade."
m1_geo_parallel_segment_ratio,평행선 사이의 선분의 길이의 비,중2(교육과정 학년군: 중1-3),도형과 측정,도형의 닮음,property,high,2,achievement_math_2022; curriculum_math_2022,19,평행선 사이의 선분의 길이의 비,78; 79; 80; 224; 235; 236; 237; 238; 272,78,research_report_signal,use_as_supplemental_trace_only,"Research-report occurrence is a candidate signal, not an automatic source_ref upgrade."
m1_geo_isosceles_properties,이등변삼각형의 성질,중2(교육과정 학년군: 중1-3),도형과 측정,삼각형과 사각형의 성질,property,high,3,achievement_math_2022; curriculum_math_2022,19,이등변삼각형의 성질,78; 79; 80; 223; 235; 236; 237; 238,78,research_report_signal,use_as_supplemental_trace_only,"Research-report occurrence is a candidate signal, not an automatic source_ref upgrade."
m1_expr_value,식의 값,중1(교육과정 학년군: 중1-3),변화와 관계,문자의 사용과 식,term,high,3,achievement_math_2022; curriculum_math_2022,19,식의 값,54; 55; 56; 57; 58; 59; 214; 232; 233; 234,54,research_report_signal,use_as_supplemental_trace_only,"Research-report occurrence is a candidate signal, not an automatic source_ref upgrade."
m1_calc_polynomial_add_sub,다항식의 덧셈과 뺄셈,중1(교육과정 학년군: 중1-3),변화와 관계,식의 계산,procedure,high,2,achievement_math_2022; curriculum_math_2022,19,다항식의 덧셈과 뺄셈,57; 58; 59; 216; 232; 233; 234,57,research_report_signal,use_as_supplemental_trace_only,"Research-report occurrence is a candidate signal, not an automatic source_ref upgrade."
m1_quad_eq_unit,이차방정식,중3(교육과정 학년군: 중1-3),변화와 관계,이차방정식,core_concept,high,3,achievement_math_2022; curriculum_math_2022,19,이차방정식,54; 57; 58; 59; 220; 232; 233; 234; 235,54,research_report_signal,use_as_supplemental_trace_only,"Research-report occurrence is a candidate signal, not an automatic source_ref upgrade."
m1_quad_eq_quadratic_equation,이차방정식,중3(교육과정 학년군: 중1-3),변화와 관계,이차방정식,core_concept,high,3,achievement_math_2022; curriculum_math_2022,19,이차방정식,54; 57; 58; 59; 220; 232; 233; 234; 235,54,research_report_signal,use_as_supplemental_trace_only,"Research-report occurrence is a candidate signal, not an automatic source_ref upgrade."
m1_num_prime_factor_unit,소인수분해,중1(교육과정 학년군: 중1-3),수와 연산,소인수분해,core_concept,high,5,achievement_math_2022; curriculum_math_2022,19,소인수분해,211; 230; 231,211,research_report_signal,use_as_supplemental_trace_only,"Research-report occurrence is a candidate signal, not an automatic source_ref upgrade."
m1_num_prime_factorization,소인수분해,중1(교육과정 학년군: 중1-3),수와 연산,소인수분해,procedure,high,3,achievement_math_2022; curriculum_math_2022,19,소인수분해,211; 230; 231,211,research_report_signal,use_as_supplemental_trace_only,"Research-report occurrence is a candidate signal, not an automatic source_ref upgrade."
m1_data_median,중앙값,중1(교육과정 학년군: 중1-3),자료와 가능성,대푯값,term,high,3,achievement_math_2022; curriculum_math_2022,19,중앙값,13; 79; 227; 239; 240; 241,13,research_report_signal,use_as_supplemental_trace_only,"Research-report occurrence is a candidate signal, not an automatic source_ref upgrade."
m1_expr_add_sub_linear_expression,일차식의 덧셈과 뺄셈,중1(교육과정 학년군: 중1-3),변화와 관계,문자의 사용과 식,procedure,high,2,achievement_math_2022; curriculum_math_2022,18,일차식의 덧셈과 뺄셈,55; 56; 57; 58; 214; 232; 233; 234,55,research_report_signal,use_as_supplemental_trace_only,"Research-report occurrence is a candidate signal, not an automatic source_ref upgrade."
m1_num_positive_number,양수,중1(교육과정 학년군: 중1-3),수와 연산,정수와 유리수,term,high,4,achievement_math_2022; achievement_research_report_2022; curriculum_math_2022,18,양수,211; 212; 217; 230; 231; 244,211,research_report_signal,use_as_supplemental_trace_only,"Research-report occurrence is a candidate signal, not an automatic source_ref upgrade."
m1_data_mode,최빈값,중1(교육과정 학년군: 중1-3),자료와 가능성,대푯값,term,high,3,achievement_math_2022; curriculum_math_2022,18,최빈값,13; 79; 227; 239; 240; 241,13,research_report_signal,use_as_supplemental_trace_only,"Research-report occurrence is a candidate signal, not an automatic source_ref upgrade."
m1_data_correlation,상관관계,중3(교육과정 학년군: 중1-3),자료와 가능성,상자그림과 산점도,core_concept,high,3,achievement_math_2022; curriculum_math_2022,18,상관관계,77; 79; 229; 239; 240; 241,77,research_report_signal,use_as_supplemental_trace_only,"Research-report occurrence is a candidate signal, not an automatic source_ref upgrade."
m1_geo_similarity_ratio,닮음비,중2(교육과정 학년군: 중1-3),도형과 측정,도형의 닮음,term,high,3,achievement_math_2022; curriculum_math_2022,17,닮음비,77; 78; 79; 80; 224; 235; 236; 237; 238; 263,77,research_report_signal,use_as_supplemental_trace_only,"Research-report occurrence is a candidate signal, not an automatic source_ref upgrade."
m1_geo_inscribed_angle,원주각,중3(교육과정 학년군: 중1-3),도형과 측정,원의 성질,term,high,3,achievement_math_2022; curriculum_math_2022,17,원주각,78; 79; 226; 235; 236; 237; 238,78,research_report_signal,use_as_supplemental_trace_only,"Research-report occurrence is a candidate signal, not an automatic source_ref upgrade."
m1_geo_tangent_line,접선,중3(교육과정 학년군: 중1-3),도형과 측정,원의 성질,term,high,3,achievement_math_2022; curriculum_math_2022,17,접선,78; 79; 226; 235; 236; 237; 238,78,research_report_signal,use_as_supplemental_trace_only,"Research-report occurrence is a candidate signal, not an automatic source_ref upgrade."
m1_factor_polynomial_multiplication,다항식의 곱셈,중3(교육과정 학년군: 중1-3),변화와 관계,다항식의 곱셈과 인수분해,procedure,high,3,achievement_math_2022; curriculum_math_2022,17,다항식의 곱셈; 두 다항식의 곱,54; 57; 58; 59; 219; 232; 233; 234; 235,54,research_report_signal,use_as_supplemental_trace_only,"Research-report occurrence is a candidate signal, not an automatic source_ref upgrade."
m1_ineq_unit,일차부등식,중1(교육과정 학년군: 중1-3),변화와 관계,일차부등식,core_concept,high,2,curriculum_math_2022,17,일차부등식,54; 57; 58; 59; 217; 232; 233; 234; 235,54,research_report_signal,use_as_supplemental_trace_only,"Research-report occurrence is a candidate signal, not an automatic source_ref upgrade."
m1_ineq_linear_inequality,일차부등식,중1(교육과정 학년군: 중1-3),변화와 관계,일차부등식,core_concept,high,3,achievement_math_2022; curriculum_math_2022,17,일차부등식,54; 57; 58; 59; 217; 232; 233; 234; 235,54,research_report_signal,use_as_supplemental_trace_only,"Research-report occurrence is a candidate signal, not an automatic source_ref upgrade."
m1_func_two_linear_graphs,두 일차함수의 그래프,중1(교육과정 학년군: 중1-3),변화와 관계,일차함수와 일차방정식의 관계,representation,high,2,achievement_math_2022; curriculum_math_2022,17,두 일차함수의 그래프,57; 58; 219; 232; 233; 234,57,research_report_signal,use_as_supplemental_trace_only,"Research-report occurrence is a candidate signal, not an automatic source_ref upgrade."
m1_data_probability_basic_properties,확률의 기본 성질,중2(교육과정 학년군: 중1-3),자료와 가능성,경우의 수와 확률,property,high,2,achievement_math_2022; curriculum_math_2022,17,확률의 기본 성질,77; 79; 80; 228; 239; 240; 241; 260,77,research_report_signal,use_as_supplemental_trace_only,"Research-report occurrence is a candidate signal, not an automatic source_ref upgrade."
m1_data_statistical_inquiry_unit,통계적 탐구,중1(교육과정 학년군: 중1-3),자료와 가능성,도수분포표와 상대도수,core_concept,high,3,achievement_math_2022; curriculum_math_2022,17,통계 프로젝트; 통계적 문제해결; 통계적 탐구,45; 77; 79; 140; 183; 228; 239; 240; 241,45,research_report_signal,use_as_supplemental_trace_only,"Research-report occurrence is a candidate signal, not an automatic source_ref upgrade."
m1_geo_perpendicular,직교,중1(교육과정 학년군: 중1-3),도형과 측정,기본 도형,term,high,3,achievement_math_2022; curriculum_math_2022,16,수직,130; 138; 139; 212; 215; 231,130,research_report_signal,use_as_supplemental_trace_only,"Research-report occurrence is a candidate signal, not an automatic source_ref upgrade."
m1_geo_tangent_ratio,탄젠트,중3(교육과정 학년군: 중1-3),도형과 측정,삼각비,term,high,3,achievement_math_2022; curriculum_math_2022,16,tan,249; 250,249,research_report_signal,use_as_supplemental_trace_only,"Research-report occurrence is a candidate signal, not an automatic source_ref upgrade."
m1_geo_circle_chord_property,원의 현에 관한 성질,중3(교육과정 학년군: 중1-3),도형과 측정,원의 성질,property,high,2,achievement_math_2022; curriculum_math_2022,16,원의 현에 관한 성질,78; 79; 226; 235; 236; 237; 238,78,research_report_signal,use_as_supplemental_trace_only,"Research-report occurrence is a candidate signal, not an automatic source_ref upgrade."
m1_ineq_properties,부등식의 성질,중1(교육과정 학년군: 중1-3),변화와 관계,일차부등식,property,high,3,achievement_math_2022; curriculum_math_2022,16,부등식의 성질,54; 57; 58; 59; 217; 232; 233; 234,54,research_report_signal,use_as_supplemental_trace_only,"Research-report occurrence is a candidate signal, not an automatic source_ref upgrade."
m1_func_value,함숫값,중1(교육과정 학년군: 중1-3),변화와 관계,일차함수와 그 그래프,term,high,3,achievement_math_2022; curriculum_math_2022,16,함숫값,54; 62; 218; 243; 245,54,research_report_signal,use_as_supplemental_trace_only,"Research-report occurrence is a candidate signal, not an automatic source_ref upgrade."
m1_num_lcm,최소공배수,중1(교육과정 학년군: 중1-3),수와 연산,소인수분해,sub_concept,high,3,achievement_math_2022; curriculum_math_2022,16,최소공배수,13; 26; 169; 211; 230; 231,13,research_report_signal,use_as_supplemental_trace_only,"Research-report occurrence is a candidate signal, not an automatic source_ref upgrade."
m1_geo_interior_angle,내각,중1(교육과정 학년군: 중1-3),도형과 측정,평면도형의 성질,term,high,3,achievement_math_2022; curriculum_math_2022,15,내각,78; 135; 222; 235; 236; 237; 238,78,research_report_signal,use_as_supplemental_trace_only,"Research-report occurrence is a candidate signal, not an automatic source_ref upgrade."
m1_factor_unit,다항식의 곱셈과 인수분해,중3(교육과정 학년군: 중1-3),변화와 관계,다항식의 곱셈과 인수분해,core_concept,high,3,achievement_math_2022; curriculum_math_2022,15,다항식의 곱셈과 인수분해,54; 57; 58; 59; 219; 232; 233; 234; 235,54,research_report_signal,use_as_supplemental_trace_only,"Research-report occurrence is a candidate signal, not an automatic source_ref upgrade."
m1_coord_ordered_pair,순서쌍,중1(교육과정 학년군: 중1-3),변화와 관계,좌표평면과 그래프,term,high,3,achievement_math_2022; curriculum_math_2022,15,순서쌍,54; 57; 58; 215; 232; 233; 234; 254,54,research_report_signal,use_as_supplemental_trace_only,"Research-report occurrence is a candidate signal, not an automatic source_ref upgrade."
m1_repr_expression,식,중1(교육과정 학년군: 중1-3),변화와 관계,좌표평면과 그래프,representation,high,5,achievement_math_2022; curriculum_math_2022,15,관계식; 문자식; 수식,82; 88; 89; 244; 252; 255; 259; 272,82,research_report_signal,use_as_supplemental_trace_only,"Research-report occurrence is a candidate signal, not an automatic source_ref upgrade."
m1_num_gcd,최대공약수,중1(교육과정 학년군: 중1-3),수와 연산,소인수분해,sub_concept,high,3,achievement_math_2022; curriculum_math_2022,15,최대공약수,13; 26; 169; 211; 230; 231,13,research_report_signal,use_as_supplemental_trace_only,"Research-report occurrence is a candidate signal, not an automatic source_ref upgrade."
m1_data_variability_unit,산포도,중3(교육과정 학년군: 중1-3),자료와 가능성,산포도,core_concept,high,2,achievement_math_2022; curriculum_math_2022,15,산포도,77; 79; 229; 239; 240; 241,77,research_report_signal,use_as_supplemental_trace_only,"Research-report occurrence is a candidate signal, not an automatic source_ref upgrade."
m1_data_variability,산포도,중3(교육과정 학년군: 중1-3),자료와 가능성,산포도,core_concept,high,3,achievement_math_2022; curriculum_math_2022,15,산포도,77; 79; 229; 239; 240; 241,77,research_report_signal,use_as_supplemental_trace_only,"Research-report occurrence is a candidate signal, not an automatic source_ref upgrade."
m1_geo_alternate_interior_angles,엇각,중1(교육과정 학년군: 중1-3),도형과 측정,기본 도형,term,high,3,achievement_math_2022; curriculum_math_2022,14,엇각,78; 221; 235; 236; 237; 238,78,research_report_signal,use_as_supplemental_trace_only,"Research-report occurrence is a candidate signal, not an automatic source_ref upgrade."
m1_geo_inscribed_angle_property,원주각의 성질,중3(교육과정 학년군: 중1-3),도형과 측정,원의 성질,property,high,2,achievement_math_2022; curriculum_math_2022,14,원주각의 성질,226; 235; 236; 237; 238,226,research_report_signal,use_as_supplemental_trace_only,"Research-report occurrence is a candidate signal, not an automatic source_ref upgrade."
m1_geo_polyhedron,다면체,중1(교육과정 학년군: 중1-3),도형과 측정,입체도형의 성질,core_concept,high,3,achievement_math_2022; curriculum_math_2022,14,다면체,79; 222; 235; 236; 237; 238; 261,79,research_report_signal,use_as_supplemental_trace_only,"Research-report occurrence is a candidate signal, not an automatic source_ref upgrade."
m1_geo_opposite_angle,대각,중1(교육과정 학년군: 중1-3),도형과 측정,작도와 합동,term,high,3,achievement_math_2022; curriculum_math_2022,14,대각,78; 213; 222; 231; 235; 236; 237; 238,78,research_report_signal,use_as_supplemental_trace_only,"Research-report occurrence is a candidate signal, not an automatic source_ref upgrade."
m1_calc_exponent_laws,지수법칙,중1(교육과정 학년군: 중1-3),변화와 관계,식의 계산,property,high,3,achievement_math_2022; curriculum_math_2022,14,지수법칙,57; 58; 216; 232; 233; 234,57,research_report_signal,use_as_supplemental_trace_only,"Research-report occurrence is a candidate signal, not an automatic source_ref upgrade."
m1_func_unit,일차함수와 그 그래프,중1(교육과정 학년군: 중1-3),변화와 관계,일차함수와 그 그래프,core_concept,high,3,curriculum_math_2022,14,일차함수와 그 그래프; 함수와 일차함수,54; 57; 58; 218; 232; 233; 234,54,research_report_signal,use_as_supplemental_trace_only,"Research-report occurrence is a candidate signal, not an automatic source_ref upgrade."
m1_num_four_operations,정수와 유리수의 사칙계산,중1(교육과정 학년군: 중1-3),수와 연산,정수와 유리수,procedure,high,4,achievement_math_2022; achievement_research_report_2022; curriculum_math_2022,14,정수와 유리수의 사칙계산,27; 45; 212; 230; 231,27,research_report_signal,use_as_supplemental_trace_only,"Research-report occurrence is a candidate signal, not an automatic source_ref upgrade."
m1_num_radical_expression,근호를 포함한 식,중3(교육과정 학년군: 중1-3),수와 연산,제곱근과 실수,representation,high,2,achievement_math_2022; curriculum_math_2022,14,근호를 포함한 식,26; 213; 230; 231,26,research_report_signal,use_as_supplemental_trace_only,"Research-report occurrence is a candidate signal, not an automatic source_ref upgrade."
m1_geo_basic_unit,기본 도형,중1(교육과정 학년군: 중1-3),도형과 측정,기본 도형,core_concept,high,5,achievement_math_2022; curriculum_math_2022,13,"기본 도형; 점, 선, 면, 각",77; 78; 221; 235; 236; 237; 238,77,research_report_signal,use_as_supplemental_trace_only,"Research-report occurrence is a candidate signal, not an automatic source_ref upgrade."
m1_geo_corresponding_angles,동위각,중1(교육과정 학년군: 중1-3),도형과 측정,기본 도형,term,high,3,achievement_math_2022; curriculum_math_2022,13,동위각,221; 235; 236; 237; 238,221,research_report_signal,use_as_supplemental_trace_only,"Research-report occurrence is a candidate signal, not an automatic source_ref upgrade."
m1_geo_similar_figures,닮은 도형,중2(교육과정 학년군: 중1-3),도형과 측정,도형의 닮음,core_concept,high,2,achievement_math_2022; curriculum_math_2022,13,닮은 도형,78; 80; 224; 235; 236; 237; 238,78,research_report_signal,use_as_supplemental_trace_only,"Research-report occurrence is a candidate signal, not an automatic source_ref upgrade."
m1_geo_triangle_similarity_conditions,삼각형의 닮음 조건,중2(교육과정 학년군: 중1-3),도형과 측정,도형의 닮음,property,high,3,achievement_math_2022; curriculum_math_2022,13,삼각형의 닮음 조건,78; 80; 224; 235; 236; 237; 238,78,research_report_signal,use_as_supplemental_trace_only,"Research-report occurrence is a candidate signal, not an automatic source_ref upgrade."
m1_geo_solid_unit,입체도형의 성질,중1(교육과정 학년군: 중1-3),도형과 측정,입체도형의 성질,core_concept,high,4,achievement_math_2022; curriculum_math_2022,13,다면체와 회전체; 입체도형의 성질,79; 222; 235; 236; 237; 238,79,research_report_signal,use_as_supplemental_trace_only,"Research-report occurrence is a candidate signal, not an automatic source_ref upgrade."
m1_geo_solid_of_revolution,회전체,중1(교육과정 학년군: 중1-3),도형과 측정,입체도형의 성질,core_concept,high,3,achievement_math_2022; curriculum_math_2022,12,회전체,79; 222; 235; 236; 237; 238,79,research_report_signal,use_as_supplemental_trace_only,"Research-report occurrence is a candidate signal, not an automatic source_ref upgrade."
m1_geo_construction,작도,중1(교육과정 학년군: 중1-3),도형과 측정,작도와 합동,procedure,high,3,achievement_math_2022; curriculum_math_2022,12,작도,77; 78; 221; 235; 236; 237; 238,77,research_report_signal,use_as_supplemental_trace_only,"Research-report occurrence is a candidate signal, not an automatic source_ref upgrade."
m1_calc_monomial_mul_div,단항식의 곱셈과 나눗셈,중1(교육과정 학년군: 중1-3),변화와 관계,식의 계산,procedure,high,3,achievement_math_2022; curriculum_math_2022,12,거듭제곱으로 나타낸 단항식의 곱셈과 나눗셈; 단항식의 곱셈과 나눗셈,57; 58; 59; 216; 232; 233; 234,57,research_report_signal,use_as_supplemental_trace_only,"Research-report occurrence is a candidate signal, not an automatic source_ref upgrade."
m1_graph_situation_graphing,상황을 그래프로 나타내기,중1(교육과정 학년군: 중1-3),변화와 관계,좌표평면과 그래프,procedure,high,2,achievement_math_2022; curriculum_math_2022,12,그래프 그리기; 그래프로 나타내기,54; 62; 90; 184; 190; 192; 208; 210; 253; 258,54,research_report_signal,use_as_supplemental_trace_only,"Research-report occurrence is a candidate signal, not an automatic source_ref upgrade."
m1_data_distribution,자료의 분포,중1(교육과정 학년군: 중1-3),자료와 가능성,도수분포표와 상대도수,core_concept,high,5,achievement_math_2022; curriculum_math_2022,12,자료의 분포,77; 227; 229; 240; 241,77,research_report_signal,use_as_supplemental_trace_only,"Research-report occurrence is a candidate signal, not an automatic source_ref upgrade."
m1_data_histogram,히스토그램,중1(교육과정 학년군: 중1-3),자료와 가능성,도수분포표와 상대도수,representation,high,3,achievement_math_2022; curriculum_math_2022,12,히스토그램,79; 227; 239; 240; 241,79,research_report_signal,use_as_supplemental_trace_only,"Research-report occurrence is a candidate signal, not an automatic source_ref upgrade."
m1_geo_distance_between_two_points,두 점 사이의 거리,중1(교육과정 학년군: 중1-3),도형과 측정,기본 도형,term,high,3,achievement_math_2022; curriculum_math_2022,11,두 점 사이의 거리,225; 236; 237; 238; 247,225,research_report_signal,use_as_supplemental_trace_only,"Research-report occurrence is a candidate signal, not an automatic source_ref upgrade."
m1_geo_triangle_congruence_conditions,삼각형의 합동 조건,중1(교육과정 학년군: 중1-3),도형과 측정,작도와 합동,property,high,3,achievement_math_2022; curriculum_math_2022,11,삼각형의 합동 조건,78; 221; 235; 236; 237; 238,78,research_report_signal,use_as_supplemental_trace_only,"Research-report occurrence is a candidate signal, not an automatic source_ref upgrade."
m1_geo_polygon_angle_sum,다각형의 내각과 외각의 크기,중1(교육과정 학년군: 중1-3),도형과 측정,평면도형의 성질,property,high,3,achievement_math_2022; curriculum_math_2022,11,다각형의 내각과 외각의 크기,78; 222; 235; 236; 237; 238,78,research_report_signal,use_as_supplemental_trace_only,"Research-report occurrence is a candidate signal, not an automatic source_ref upgrade."
m1_geo_exterior_angle,외각,중1(교육과정 학년군: 중1-3),도형과 측정,평면도형의 성질,term,high,3,achievement_math_2022; curriculum_math_2022,11,외각,78; 222; 235; 236; 237; 238,78,research_report_signal,use_as_supplemental_trace_only,"Research-report occurrence is a candidate signal, not an automatic source_ref upgrade."
m1_geo_central_angle,중심각,중1(교육과정 학년군: 중1-3),도형과 측정,평면도형의 성질,term,high,3,achievement_math_2022; curriculum_math_2022,11,중심각,78; 222; 235; 236; 237; 238,78,research_report_signal,use_as_supplemental_trace_only,"Research-report occurrence is a candidate signal, not an automatic source_ref upgrade."
m1_system_solution,연립일차방정식의 해,중1(교육과정 학년군: 중1-3),변화와 관계,연립일차방정식,term,high,2,achievement_math_2022; curriculum_math_2022,11,연립일차방정식의 해,57; 58; 219; 232; 233; 234,57,research_report_signal,use_as_supplemental_trace_only,"Research-report occurrence is a candidate signal, not an automatic source_ref upgrade."
m1_data_stem_leaf_plot,줄기와 잎 그림,중1(교육과정 학년군: 중1-3),자료와 가능성,도수분포표와 상대도수,representation,high,3,achievement_math_2022; curriculum_math_2022,11,줄기와 잎 그림,79; 227; 239; 240; 241,79,research_report_signal,use_as_supplemental_trace_only,"Research-report occurrence is a candidate signal, not an automatic source_ref upgrade."
m1_geo_frustum_cone,원뿔대,중1(교육과정 학년군: 중1-3),도형과 측정,입체도형의 성질,term,high,3,achievement_math_2022; curriculum_math_2022,10,원뿔대,263; 264; 265,263,research_report_signal,use_as_supplemental_trace_only,"Research-report occurrence is a candidate signal, not an automatic source_ref upgrade."
m1_calc_monomial_polynomial_mul_div,단항식과 다항식의 곱셈과 나눗셈,중1(교육과정 학년군: 중1-3),변화와 관계,식의 계산,procedure,high,3,achievement_math_2022; curriculum_math_2022,10,(다항식)÷(단항식); (단항식)×(다항식),58; 216; 233; 234,58,research_report_signal,use_as_supplemental_trace_only,"Research-report occurrence is a candidate signal, not an automatic source_ref upgrade."
m1_num_order_relation,정수와 유리수의 대소 관계,중1(교육과정 학년군: 중1-3),수와 연산,정수와 유리수,property,high,4,achievement_math_2022; achievement_research_report_2022; curriculum_math_2022,10,수의 크기 비교; 정수와 유리수의 대소 관계,184; 202; 212; 230; 231,184,research_report_signal,use_as_supplemental_trace_only,"Research-report occurrence is a candidate signal, not an automatic source_ref upgrade."
m1_num_real_order,실수의 대소 관계,중3(교육과정 학년군: 중1-3),수와 연산,제곱근과 실수,property,high,2,achievement_math_2022; curriculum_math_2022,10,실수의 대소 관계,26; 213; 230; 231; 232,26,research_report_signal,use_as_supplemental_trace_only,"Research-report occurrence is a candidate signal, not an automatic source_ref upgrade."
m1_data_frequency_polygon,도수분포다각형,중1(교육과정 학년군: 중1-3),자료와 가능성,도수분포표와 상대도수,representation,high,3,achievement_math_2022; curriculum_math_2022,10,도수분포다각형,79; 227; 239; 240; 241,79,research_report_signal,use_as_supplemental_trace_only,"Research-report occurrence is a candidate signal, not an automatic source_ref upgrade."
m1_data_relative_frequency_distribution,상대도수의 분포,중1(교육과정 학년군: 중1-3),자료와 가능성,도수분포표와 상대도수,representation,high,3,achievement_math_2022; curriculum_math_2022,10,상대도수의 분포,79; 227; 228; 239; 240; 241,79,research_report_signal,use_as_supplemental_trace_only,"Research-report occurrence is a candidate signal, not an automatic source_ref upgrade."
m1_num_radical_operations,근호를 포함한 식의 사칙계산,중3(교육과정 학년군: 중1-3),수와 연산,제곱근과 실수,procedure,high,2,achievement_math_2022; curriculum_math_2022,9,근호를 포함한 식의 사칙계산,213; 230; 231,213,research_report_signal,use_as_supplemental_trace_only,"Research-report occurrence is a candidate signal, not an automatic source_ref upgrade."
m1_num_compare_square_roots,제곱근의 대소 관계,중3(교육과정 학년군: 중1-3),수와 연산,제곱근과 실수,procedure,high,2,achievement_math_2022; curriculum_math_2022,9,제곱근의 대소 관계,213; 230; 231; 232,213,research_report_signal,use_as_supplemental_trace_only,"Research-report occurrence is a candidate signal, not an automatic source_ref upgrade."
m1_quad_func_vertex,꼭짓점,중3(교육과정 학년군: 중1-3),변화와 관계,이차함수와 그 그래프,term,high,3,achievement_math_2022; curriculum_math_2022,8,꼭짓점,112; 156; 173; 174; 272,112,research_report_signal,use_as_supplemental_trace_only,"Research-report occurrence is a candidate signal, not an automatic source_ref upgrade."
m1_coord_graph_unit,좌표평면과 그래프,중1(교육과정 학년군: 중1-3),변화와 관계,좌표평면과 그래프,core_concept,high,3,curriculum_math_2022,8,좌표평면; 좌표평면과 그래프,54; 215,54,research_report_signal,use_as_supplemental_trace_only,"Research-report occurrence is a candidate signal, not an automatic source_ref upgrade."
m1_num_finite_decimal,유한소수,중2(교육과정 학년군: 중1-3),수와 연산,유리수와 순환소수,term,high,3,achievement_math_2022; curriculum_math_2022,8,유한소수,212; 230; 231,212,research_report_signal,use_as_supplemental_trace_only,"Research-report occurrence is a candidate signal, not an automatic source_ref upgrade."
m1_expr_coefficient,계수,중1(교육과정 학년군: 중1-3),변화와 관계,문자의 사용과 식,term,high,1,curriculum_math_2022,7,계수,58; 59; 92; 220; 234; 235,58,research_report_signal,use_as_supplemental_trace_only,"Research-report occurrence is a candidate signal, not an automatic source_ref upgrade."
m1_expr_usefulness,문자를 사용한 식의 유용성,중1(교육과정 학년군: 중1-3),변화와 관계,문자의 사용과 식,property,high,3,achievement_math_2022; curriculum_math_2022,7,문자를 사용한 식의 유용성; 문자의 유용성,45; 54; 55; 56; 214,45,research_report_signal,use_as_supplemental_trace_only,"Research-report occurrence is a candidate signal, not an automatic source_ref upgrade."
m1_system_two_variable_linear_equation,미지수가 2개인 일차방정식,중1(교육과정 학년군: 중1-3),변화와 관계,연립일차방정식,core_concept,high,2,achievement_math_2022; curriculum_math_2022,7,미지수가 2개인 일차방정식,54; 59; 219; 235,54,research_report_signal,use_as_supplemental_trace_only,"Research-report occurrence is a candidate signal, not an automatic source_ref upgrade."
m1_num_repeating_decimal_unit,유리수와 순환소수,중2(교육과정 학년군: 중1-3),수와 연산,유리수와 순환소수,core_concept,high,3,achievement_math_2022; curriculum_math_2022,7,유리수와 순환소수,26; 212; 230,26,research_report_signal,use_as_supplemental_trace_only,"Research-report occurrence is a candidate signal, not an automatic source_ref upgrade."
m1_data_frequency_unit,도수분포표와 상대도수,중1(교육과정 학년군: 중1-3),자료와 가능성,도수분포표와 상대도수,core_concept,high,4,achievement_math_2022; curriculum_math_2022,7,도수분포표와 상대도수,79; 227; 239; 240; 241,79,research_report_signal,use_as_supplemental_trace_only,"Research-report occurrence is a candidate signal, not an automatic source_ref upgrade."
m1_data_box_scatter_unit,상자그림과 산점도,중3(교육과정 학년군: 중1-3),자료와 가능성,상자그림과 산점도,core_concept,high,4,achievement_math_2022; curriculum_math_2022,7,"상자그림, 산점도; 상자그림과 산점도",79; 229; 239; 240; 241,79,research_report_signal,use_as_supplemental_trace_only,"Research-report occurrence is a candidate signal, not an automatic source_ref upgrade."
m1_data_variable,변량,중1(교육과정 학년군: 중1-3),자료와 가능성,자료와 가능성,term,high,2,achievement_math_2022; curriculum_math_2022,7,변량,79; 229; 239; 240,79,research_report_signal,use_as_supplemental_trace_only,"Research-report occurrence is a candidate signal, not an automatic source_ref upgrade."
m1_geo_parallel_angle_properties,평행선에서 동위각과 엇각의 성질,중1(교육과정 학년군: 중1-3),도형과 측정,기본 도형,property,high,2,achievement_math_2022; curriculum_math_2022,6,평행선에서 동위각과 엇각의 성질,221; 235; 236; 237,221,research_report_signal,use_as_supplemental_trace_only,"Research-report occurrence is a candidate signal, not an automatic source_ref upgrade."
m1_func_parallel_translation,평행이동,중1(교육과정 학년군: 중1-3),변화와 관계,일차함수와 그 그래프,procedure,high,2,achievement_math_2022; curriculum_math_2022,6,평행이동,87; 218; 252,87,research_report_signal,use_as_supplemental_trace_only,"Research-report occurrence is a candidate signal, not an automatic source_ref upgrade."
m1_coord_number_line,수직선,중1(교육과정 학년군: 중1-3),변화와 관계,좌표평면과 그래프,representation,high,2,achievement_math_2022; curriculum_math_2022,6,수직선,212; 215; 231,212,research_report_signal,use_as_supplemental_trace_only,"Research-report occurrence is a candidate signal, not an automatic source_ref upgrade."
m1_coord_coordinate_plane,좌표평면,중1(교육과정 학년군: 중1-3),변화와 관계,좌표평면과 그래프,representation,high,3,achievement_math_2022; curriculum_math_2022,6,좌표평면,54; 215,54,research_report_signal,use_as_supplemental_trace_only,"Research-report occurrence is a candidate signal, not an automatic source_ref upgrade."
m1_graph_increase_decrease,증가와 감소,중1(교육과정 학년군: 중1-3),변화와 관계,좌표평면과 그래프,property,high,1,curriculum_math_2022,6,감소; 증가,186; 188; 206; 207; 257,186,research_report_signal,use_as_supplemental_trace_only,"Research-report occurrence is a candidate signal, not an automatic source_ref upgrade."
m1_num_rational_repeating_relation,유리수와 순환소수의 관계,중2(교육과정 학년군: 중1-3),수와 연산,유리수와 순환소수,property,high,3,achievement_math_2022; curriculum_math_2022,6,유리수와 순환소수의 관계,26; 212; 230,26,research_report_signal,use_as_supplemental_trace_only,"Research-report occurrence is a candidate signal, not an automatic source_ref upgrade."
m1_num_number_line,수직선,중1(교육과정 학년군: 중1-3),수와 연산,정수와 유리수,representation,high,4,achievement_math_2022; achievement_research_report_2022; curriculum_math_2022,6,수직선,212; 215; 231,212,research_report_signal,use_as_supplemental_trace_only,"Research-report occurrence is a candidate signal, not an automatic source_ref upgrade."
m1_num_reciprocal,역수,중1(교육과정 학년군: 중1-3),수와 연산,정수와 유리수,term,high,3,achievement_math_2022; curriculum_math_2022,6,역수,87; 121; 151; 162; 165; 202,87,research_report_signal,use_as_supplemental_trace_only,"Research-report occurrence is a candidate signal, not an automatic source_ref upgrade."
m1_data_probability_unit,경우의 수와 확률,중2(교육과정 학년군: 중1-3),자료와 가능성,경우의 수와 확률,core_concept,high,5,achievement_math_2022; curriculum_math_2022,6,경우의 수와 확률,228; 240; 241,228,research_report_signal,use_as_supplemental_trace_only,"Research-report occurrence is a candidate signal, not an automatic source_ref upgrade."
m1_geo_midpoint,중점,중1(교육과정 학년군: 중1-3),도형과 측정,기본 도형,term,high,3,achievement_math_2022; curriculum_math_2022,5,중점,63; 269; 270,63,research_report_signal,use_as_supplemental_trace_only,"Research-report occurrence is a candidate signal, not an automatic source_ref upgrade."
m1_geo_circle_unit,원의 성질,중3(교육과정 학년군: 중1-3),도형과 측정,원의 성질,core_concept,high,4,achievement_math_2022; curriculum_math_2022,5,원의 성질,77; 131; 139; 159; 226,77,research_report_signal,use_as_supplemental_trace_only,"Research-report occurrence is a candidate signal, not an automatic source_ref upgrade."
m1_expr_unit,문자의 사용과 식,중1(교육과정 학년군: 중1-3),변화와 관계,문자의 사용과 식,core_concept,high,2,curriculum_math_2022,5,문자식; 문자와 식; 문자의 사용과 식,54; 56; 214; 272,54,research_report_signal,use_as_supplemental_trace_only,"Research-report occurrence is a candidate signal, not an automatic source_ref upgrade."
m1_func_slope_sign,기울기의 부호,중1(교육과정 학년군: 중1-3),변화와 관계,일차함수와 그 그래프,property,high,1,achievement_math_2022,5,기울기의 부호,58; 59; 218; 234; 235,58,research_report_signal,use_as_supplemental_trace_only,"Research-report occurrence is a candidate signal, not an automatic source_ref upgrade."
m1_data_calculate_variance_sd,분산과 표준편차 구하기,중3(교육과정 학년군: 중1-3),자료와 가능성,산포도,procedure,high,3,achievement_math_2022; curriculum_math_2022,5,분산과 표준편차 구하기,79; 239; 240,79,research_report_signal,use_as_supplemental_trace_only,"Research-report occurrence is a candidate signal, not an automatic source_ref upgrade."
m1_func_function_judgement,함수인지 판단하기,중1(교육과정 학년군: 중1-3),변화와 관계,일차함수와 그 그래프,procedure,high,2,achievement_math_2022; curriculum_math_2022,4,함수인지 판단하기,62; 242; 243; 245,62,research_report_signal,use_as_supplemental_trace_only,"Research-report occurrence is a candidate signal, not an automatic source_ref upgrade."
m1_term_variable,변수,중1(교육과정 학년군: 중1-3),변화와 관계,좌표평면과 그래프,term,high,5,achievement_math_2022; curriculum_math_2022,4,변수,244; 272,244,research_report_signal,use_as_supplemental_trace_only,"Research-report occurrence is a candidate signal, not an automatic source_ref upgrade."
m1_data_quartile,사분위수,중3(교육과정 학년군: 중1-3),자료와 가능성,상자그림과 산점도,term,high,3,achievement_math_2022; curriculum_math_2022,4,사분위수,229,229,research_report_signal,use_as_supplemental_trace_only,"Research-report occurrence is a candidate signal, not an automatic source_ref upgrade."
m1_calc_power,거듭제곱,중1(교육과정 학년군: 중1-3),변화와 관계,식의 계산,term,high,3,achievement_math_2022; curriculum_math_2022,3,거듭제곱,216,216,research_report_signal,use_as_supplemental_trace_only,"Research-report occurrence is a candidate signal, not an automatic source_ref upgrade."
m1_graph_change_state,변화 상태,중1(교육과정 학년군: 중1-3),변화와 관계,좌표평면과 그래프,sub_concept,high,2,achievement_math_2022; curriculum_math_2022,3,변화 상태,57; 215; 232,57,research_report_signal,use_as_supplemental_trace_only,"Research-report occurrence is a candidate signal, not an automatic source_ref upgrade."
m1_coord_point_location,점의 위치,중1(교육과정 학년군: 중1-3),변화와 관계,좌표평면과 그래프,sub_concept,high,2,achievement_math_2022; curriculum_math_2022,3,좌표평면 위의 점,215,215,research_report_signal,use_as_supplemental_trace_only,"Research-report occurrence is a candidate signal, not an automatic source_ref upgrade."
m1_num_negative_need,음수의 필요성,중1(교육과정 학년군: 중1-3),수와 연산,정수와 유리수,property,high,3,achievement_math_2022; achievement_research_report_2022; curriculum_math_2022,3,음수의 필요성,211,211,research_report_signal,use_as_supplemental_trace_only,"Research-report occurrence is a candidate signal, not an automatic source_ref upgrade."
m1_data_data_collection,자료 수집,중1(교육과정 학년군: 중1-3),자료와 가능성,도수분포표와 상대도수,procedure,high,3,achievement_math_2022; curriculum_math_2022,3,자료 수집,61; 77; 190,61,research_report_signal,use_as_supplemental_trace_only,"Research-report occurrence is a candidate signal, not an automatic source_ref upgrade."
m1_geo_median,중선,중2(교육과정 학년군: 중1-3),도형과 측정,삼각형과 사각형의 성질,term,high,3,achievement_math_2022; curriculum_math_2022,2,중선,272,272,research_report_signal,use_as_supplemental_trace_only,"Research-report occurrence is a candidate signal, not an automatic source_ref upgrade."
m1_geo_construction_congruence_unit,작도와 합동,중1(교육과정 학년군: 중1-3),도형과 측정,작도와 합동,core_concept,high,4,achievement_math_2022; curriculum_math_2022,2,작도와 합동,77; 221,77,research_report_signal,use_as_supplemental_trace_only,"Research-report occurrence is a candidate signal, not an automatic source_ref upgrade."
m1_geo_plane_properties_unit,평면도형의 성질,중1(교육과정 학년군: 중1-3),도형과 측정,평면도형의 성질,core_concept,high,4,achievement_math_2022; curriculum_math_2022,2,평면도형의 성질,77; 222,77,research_report_signal,use_as_supplemental_trace_only,"Research-report occurrence is a candidate signal, not an automatic source_ref upgrade."
m1_calc_unit,식의 계산,중1(교육과정 학년군: 중1-3),변화와 관계,식의 계산,core_concept,high,3,curriculum_math_2022,2,식의 계산,54; 216,54,research_report_signal,use_as_supplemental_trace_only,"Research-report occurrence is a candidate signal, not an automatic source_ref upgrade."
m1_quad_func_unit,이차함수와 그 그래프,중3(교육과정 학년군: 중1-3),변화와 관계,이차함수와 그 그래프,core_concept,high,6,achievement_math_2022; achievement_research_report_2022; curriculum_math_2022,2,이차함수와 그 그래프,54; 220,54,research_report_signal,use_as_supplemental_trace_only,"Research-report occurrence is a candidate signal, not an automatic source_ref upgrade."
m1_quad_func_graph,이차함수의 그래프,중3(교육과정 학년군: 중1-3),변화와 관계,이차함수와 그 그래프,representation,high,4,achievement_math_2022; achievement_research_report_2022; curriculum_math_2022,2,이차함수의 그래프,54; 220,54,research_report_signal,use_as_supplemental_trace_only,"Research-report occurrence is a candidate signal, not an automatic source_ref upgrade."
m1_eq_identity,항등식,중1(교육과정 학년군: 중1-3),변화와 관계,일차방정식,term,high,2,achievement_math_2022; curriculum_math_2022,2,항등식,55; 214,55,research_report_signal,use_as_supplemental_trace_only,"Research-report occurrence is a candidate signal, not an automatic source_ref upgrade."
m1_func_eq_relation_unit,일차함수와 일차방정식의 관계,중1(교육과정 학년군: 중1-3),변화와 관계,일차함수와 일차방정식의 관계,core_concept,high,2,curriculum_math_2022,2,일차함수와 일차방정식의 관계,54; 219,54,research_report_signal,use_as_supplemental_trace_only,"Research-report occurrence is a candidate signal, not an automatic source_ref upgrade."
m1_graph_graph_interpretation,그래프 해석,중1(교육과정 학년군: 중1-3),변화와 관계,좌표평면과 그래프,procedure,high,3,achievement_math_2022; curriculum_math_2022,2,그래프 해석; 주어진 그래프 해석,54,54,research_report_signal,use_as_supplemental_trace_only,"Research-report occurrence is a candidate signal, not an automatic source_ref upgrade."
m1_geo_intersection_line,교선,중1(교육과정 학년군: 중1-3),도형과 측정,기본 도형,term,high,3,achievement_math_2022; curriculum_math_2022,1,교선,22,22,research_report_signal,use_as_supplemental_trace_only,"Research-report occurrence is a candidate signal, not an automatic source_ref upgrade."
m1_geo_triangle_quadrilateral_unit,삼각형과 사각형의 성질,중2(교육과정 학년군: 중1-3),도형과 측정,삼각형과 사각형의 성질,core_concept,high,5,achievement_math_2022; curriculum_math_2022,1,삼각형과 사각형의 성질,223,223,research_report_signal,use_as_supplemental_trace_only,"Research-report occurrence is a candidate signal, not an automatic source_ref upgrade."
m1_geo_regular_polyhedron,정다면체,중1(교육과정 학년군: 중1-3),도형과 측정,입체도형의 성질,term,high,3,achievement_math_2022; curriculum_math_2022,1,정다면체,261,261,research_report_signal,use_as_supplemental_trace_only,"Research-report occurrence is a candidate signal, not an automatic source_ref upgrade."
m1_geo_triangle_construction,삼각형의 작도,중1(교육과정 학년군: 중1-3),도형과 측정,작도와 합동,procedure,high,2,achievement_math_2022; curriculum_math_2022,1,삼각형의 작도,77,77,research_report_signal,use_as_supplemental_trace_only,"Research-report occurrence is a candidate signal, not an automatic source_ref upgrade."
m1_expr_degree,차수,중1(교육과정 학년군: 중1-3),변화와 관계,문자의 사용과 식,term,high,1,curriculum_math_2022,1,차수,55,55,research_report_signal,use_as_supplemental_trace_only,"Research-report occurrence is a candidate signal, not an automatic source_ref upgrade."
m1_expr_term,항,중1(교육과정 학년군: 중1-3),변화와 관계,문자의 사용과 식,term,high,1,curriculum_math_2022,1,term,261,261,research_report_signal,use_as_supplemental_trace_only,"Research-report occurrence is a candidate signal, not an automatic source_ref upgrade."
m1_calc_simplify_expression,식을 간단히 하기,중1(교육과정 학년군: 중1-3),변화와 관계,식의 계산,procedure,high,2,achievement_math_2022; curriculum_math_2022,1,식을 간단히 하기,54,54,research_report_signal,use_as_supplemental_trace_only,"Research-report occurrence is a candidate signal, not an automatic source_ref upgrade."
m1_eq_solution_check,해의 확인,중1(교육과정 학년군: 중1-3),변화와 관계,일차방정식,procedure,high,3,achievement_math_2022; curriculum_math_2022,1,해가 문제 상황에 적합한지 확인,45,45,research_report_signal,use_as_supplemental_trace_only,"Research-report occurrence is a candidate signal, not an automatic source_ref upgrade."
m1_ineq_solution,부등식의 해,중1(교육과정 학년군: 중1-3),변화와 관계,일차부등식,term,high,2,achievement_math_2022; curriculum_math_2022,1,부등식의 해,217,217,research_report_signal,use_as_supplemental_trace_only,"Research-report occurrence is a candidate signal, not an automatic source_ref upgrade."
m1_ineq_solving_linear_inequality,일차부등식 풀기,중1(교육과정 학년군: 중1-3),변화와 관계,일차부등식,procedure,high,3,achievement_math_2022; curriculum_math_2022,1,부등식 풀기,54,54,research_report_signal,use_as_supplemental_trace_only,"Research-report occurrence is a candidate signal, not an automatic source_ref upgrade."
m1_repr_everyday_language,일상 언어,중1(교육과정 학년군: 중1-3),변화와 관계,좌표평면과 그래프,representation,high,2,curriculum_math_2022,1,일상 언어,45,45,research_report_signal,use_as_supplemental_trace_only,"Research-report occurrence is a candidate signal, not an automatic source_ref upgrade."
m1_num_square_root_real_unit,제곱근과 실수,중3(교육과정 학년군: 중1-3),수와 연산,제곱근과 실수,core_concept,high,9,achievement_math_2022; curriculum_math_2022,1,제곱근과 실수,213,213,research_report_signal,use_as_supplemental_trace_only,"Research-report occurrence is a candidate signal, not an automatic source_ref upgrade."
