rank,context_packet_rank,concept_id,label_ko,matched_term,grade,domain,unit,confidence,page_number,source_locator_candidate,context_signal,evidence_candidate_type,review_decision,review_priority,source_ref_action,source_ref_application_status,confidence_action,source_ref_upgrade_allowed,review_reason,notes
1,11,m1_num_ratio,비,비율,중1(교육과정 학년군: 중1-3),수와 연산,공통 선수개념,low,172,연구보고서 p. 172,achievement_level_context; curriculum_context,candidate_prerequisite_evidence,applied_after_manual_review,high,applied_to_concepts_json,applied_after_manual_review,keep_low_until_textbook_or_middle_course_evidence,no,Matching research-report source_ref exists in concepts.json; keep confidence decisions separate.,Applied source_ref exists in concepts.json; confidence still waits for textbook or direct middle-course evidence.
2,13,m1_num_ratio,비,비율,중1(교육과정 학년군: 중1-3),수와 연산,공통 선수개념,low,180,연구보고서 p. 180,achievement_level_context; curriculum_context,candidate_prerequisite_evidence,applied_after_manual_review,high,applied_to_concepts_json,applied_after_manual_review,keep_low_until_textbook_or_middle_course_evidence,no,Matching research-report source_ref exists in concepts.json; keep confidence decisions separate.,Applied source_ref exists in concepts.json; confidence still waits for textbook or direct middle-course evidence.
3,14,m1_num_ratio,비,비율,중1(교육과정 학년군: 중1-3),수와 연산,공통 선수개념,low,181,연구보고서 p. 181,achievement_level_context; teaching_learning_context,candidate_prerequisite_evidence,applied_after_manual_review,high,applied_to_concepts_json,applied_after_manual_review,keep_low_until_textbook_or_middle_course_evidence,no,Matching research-report source_ref exists in concepts.json; keep confidence decisions separate.,Applied source_ref exists in concepts.json; confidence still waits for textbook or direct middle-course evidence.
4,1,m1_ineq_verbal_comparison_terms,이상·이하·초과·미만 표현,이상,중1(교육과정 학년군: 중1-3),변화와 관계,일차부등식,low,3,연구보고서 p. 3,general_report_context,broad_report_context_only,manual_review_required,medium,do_not_add_from_this_row,not_applicable_from_this_row,keep_low_until_textbook_or_middle_course_evidence,no,"Page appears to be table-of-contents, overview, or broad curriculum context.",Review source page before changing concepts.json; this generated review does not apply source_refs.
5,2,m1_ineq_verbal_comparison_terms,이상·이하·초과·미만 표현,이하,중1(교육과정 학년군: 중1-3),변화와 관계,일차부등식,low,26,연구보고서 p. 26,achievement_level_context; teaching_learning_context; curriculum_context,broad_report_context_only,manual_review_required,medium,do_not_add_from_this_row,not_applicable_from_this_row,keep_low_until_textbook_or_middle_course_evidence,no,"Page appears to be table-of-contents, overview, or broad curriculum context.",Review source page before changing concepts.json; this generated review does not apply source_refs.
6,3,m1_ineq_verbal_comparison_terms,이상·이하·초과·미만 표현,이상,중1(교육과정 학년군: 중1-3),변화와 관계,일차부등식,low,30,연구보고서 p. 30,achievement_level_context; assessment_context; teaching_learning_context; curriculum_context,broad_report_context_only,manual_review_required,medium,do_not_add_from_this_row,not_applicable_from_this_row,keep_low_until_textbook_or_middle_course_evidence,no,"Page appears to be table-of-contents, overview, or broad curriculum context.",Review source page before changing concepts.json; this generated review does not apply source_refs.
7,4,m1_ineq_verbal_comparison_terms,이상·이하·초과·미만 표현,이상,중1(교육과정 학년군: 중1-3),변화와 관계,일차부등식,low,31,연구보고서 p. 31,achievement_level_context; assessment_context; teaching_learning_context; curriculum_context,broad_report_context_only,manual_review_required,medium,do_not_add_from_this_row,not_applicable_from_this_row,keep_low_until_textbook_or_middle_course_evidence,no,"Page appears to be table-of-contents, overview, or broad curriculum context.",Review source page before changing concepts.json; this generated review does not apply source_refs.
8,5,m1_ineq_verbal_comparison_terms,이상·이하·초과·미만 표현,이상,중1(교육과정 학년군: 중1-3),변화와 관계,일차부등식,low,32,연구보고서 p. 32,achievement_level_context; teaching_learning_context; curriculum_context,broad_report_context_only,manual_review_required,medium,do_not_add_from_this_row,not_applicable_from_this_row,keep_low_until_textbook_or_middle_course_evidence,no,"Page appears to be table-of-contents, overview, or broad curriculum context.",Review source page before changing concepts.json; this generated review does not apply source_refs.
9,6,m1_ineq_verbal_comparison_terms,이상·이하·초과·미만 표현,이상,중1(교육과정 학년군: 중1-3),변화와 관계,일차부등식,low,33,연구보고서 p. 33,achievement_level_context; teaching_learning_context; curriculum_context,broad_report_context_only,manual_review_required,medium,do_not_add_from_this_row,not_applicable_from_this_row,keep_low_until_textbook_or_middle_course_evidence,no,"Page appears to be table-of-contents, overview, or broad curriculum context.",Review source page before changing concepts.json; this generated review does not apply source_refs.
10,7,m1_ineq_verbal_comparison_terms,이상·이하·초과·미만 표현,이하,중1(교육과정 학년군: 중1-3),변화와 관계,일차부등식,low,38,연구보고서 p. 38,achievement_level_context; assessment_context; teaching_learning_context; curriculum_context,broad_report_context_only,manual_review_required,medium,do_not_add_from_this_row,not_applicable_from_this_row,keep_low_until_textbook_or_middle_course_evidence,no,"Page appears to be table-of-contents, overview, or broad curriculum context.",Review source page before changing concepts.json; this generated review does not apply source_refs.
11,18,m1_geo_line_segment,선분,선분,중1(교육과정 학년군: 중1-3),도형과 측정,기본 도형,low,78,연구보고서 p. 78,achievement_level_context; curriculum_context,broad_report_context_only,manual_review_required,medium,do_not_add_from_this_row,not_applicable_from_this_row,keep_low_until_textbook_or_middle_course_evidence,no,"Page appears to be table-of-contents, overview, or broad curriculum context.",Review source page before changing concepts.json; this generated review does not apply source_refs.
12,20,m1_geo_line_segment,선분,선분,중1(교육과정 학년군: 중1-3),도형과 측정,기본 도형,low,80,연구보고서 p. 80,achievement_level_context; curriculum_context,broad_report_context_only,manual_review_required,medium,do_not_add_from_this_row,not_applicable_from_this_row,keep_low_until_textbook_or_middle_course_evidence,no,"Page appears to be table-of-contents, overview, or broad curriculum context.",Review source page before changing concepts.json; this generated review does not apply source_refs.
13,10,m1_num_ratio,비,비율,중1(교육과정 학년군: 중1-3),수와 연산,공통 선수개념,low,91,연구보고서 p. 91,achievement_level_context; example_assessment_tool_context; assessment_context; teaching_learning_context; curriculum_context,broad_report_context_only,manual_review_required,medium,do_not_add_from_this_row,not_applicable_from_this_row,keep_low_until_textbook_or_middle_course_evidence,no,"Page appears to be table-of-contents, overview, or broad curriculum context.",Review source page before changing concepts.json; this generated review does not apply source_refs.
14,12,m1_num_ratio,비,비율,중1(교육과정 학년군: 중1-3),수와 연산,공통 선수개념,low,177,연구보고서 p. 177,achievement_level_context; curriculum_context,broad_report_context_only,manual_review_required,medium,do_not_add_from_this_row,not_applicable_from_this_row,keep_low_until_textbook_or_middle_course_evidence,no,"Matched term is the 비율그래프 context, not a direct source for the ratio concept.",Review source page before changing concepts.json; this generated review does not apply source_refs.
15,15,m1_num_ratio,비,비율,중1(교육과정 학년군: 중1-3),수와 연산,공통 선수개념,low,183,연구보고서 p. 183,achievement_level_context,broad_report_context_only,manual_review_required,medium,do_not_add_from_this_row,not_applicable_from_this_row,keep_low_until_textbook_or_middle_course_evidence,no,"Matched term is the 비율그래프 context, not a direct source for the ratio concept.",Review source page before changing concepts.json; this generated review does not apply source_refs.
16,25,m1_func_input_value,입력값,입력,중1(교육과정 학년군: 중1-3),변화와 관계,일차함수와 그 그래프,low,193,연구보고서 p. 193,general_report_context,broad_report_context_only,manual_review_required,medium,do_not_add_from_this_row,not_applicable_from_this_row,keep_low_until_textbook_or_middle_course_evidence,no,"Matched 입력 is a tool or data-entry instruction, not a direct source for the function input-value concept.",Review source page before changing concepts.json; this generated review does not apply source_refs.
17,26,m1_func_input_value,입력값,입력,중1(교육과정 학년군: 중1-3),변화와 관계,일차함수와 그 그래프,low,196,연구보고서 p. 196,achievement_level_context; example_assessment_tool_context; assessment_context; curriculum_context,broad_report_context_only,manual_review_required,medium,do_not_add_from_this_row,not_applicable_from_this_row,keep_low_until_textbook_or_middle_course_evidence,no,"Matched 입력 is a tool or data-entry instruction, not a direct source for the function input-value concept.",Review source page before changing concepts.json; this generated review does not apply source_refs.
18,27,m1_func_input_value,입력값,입력,중1(교육과정 학년군: 중1-3),변화와 관계,일차함수와 그 그래프,low,253,연구보고서 p. 253,example_assessment_tool_context,broad_report_context_only,manual_review_required,medium,do_not_add_from_this_row,not_applicable_from_this_row,keep_low_until_textbook_or_middle_course_evidence,no,"Matched 입력 is a tool or data-entry instruction, not a direct source for the function input-value concept.",Review source page before changing concepts.json; this generated review does not apply source_refs.
19,28,m1_func_input_value,입력값,입력,중1(교육과정 학년군: 중1-3),변화와 관계,일차함수와 그 그래프,low,254,연구보고서 p. 254,achievement_level_context; curriculum_context,broad_report_context_only,manual_review_required,medium,do_not_add_from_this_row,not_applicable_from_this_row,keep_low_until_textbook_or_middle_course_evidence,no,"Matched 입력 is a tool or data-entry instruction, not a direct source for the function input-value concept.",Review source page before changing concepts.json; this generated review does not apply source_refs.
20,29,m1_func_input_value,입력값,입력,중1(교육과정 학년군: 중1-3),변화와 관계,일차함수와 그 그래프,low,259,연구보고서 p. 259,example_assessment_tool_context; assessment_context,broad_report_context_only,manual_review_required,medium,do_not_add_from_this_row,not_applicable_from_this_row,keep_low_until_textbook_or_middle_course_evidence,no,"Matched 입력 is a tool or data-entry instruction, not a direct source for the function input-value concept.",Review source page before changing concepts.json; this generated review does not apply source_refs.
21,63,m1_func_intersection_point,교점,그래프의 교점,중1(교육과정 학년군: 중1-3),변화와 관계,일차함수와 일차방정식의 관계,medium,58,연구보고서 p. 58,achievement_level_context; curriculum_context,candidate_achievement_level_evidence,applied_after_manual_review,medium,applied_to_concepts_json,applied_after_manual_review,keep_current_confidence_until_source_review,no,Matching research-report source_ref exists in concepts.json; keep confidence decisions separate.,Applied source_ref exists in concepts.json; confidence still waits for textbook or direct middle-course evidence.
22,53,m1_prop_inverse_proportion,반비례,반비례 관계,중1(교육과정 학년군: 중1-3),변화와 관계,좌표평면과 그래프,medium,58,연구보고서 p. 58,achievement_level_context; curriculum_context,candidate_achievement_level_evidence,applied_after_manual_review,medium,applied_to_concepts_json,applied_after_manual_review,keep_current_confidence_until_source_review,no,Matching research-report source_ref exists in concepts.json; keep confidence decisions separate.,Applied source_ref exists in concepts.json; confidence still waits for textbook or direct middle-course evidence.
23,58,m1_geo_prism,기둥 모양 입체도형,원기둥,중1(교육과정 학년군: 중1-3),도형과 측정,입체도형의 성질,medium,103,연구보고서 p. 103,achievement_level_context; curriculum_context,candidate_achievement_level_evidence,applied_after_manual_review,medium,applied_to_concepts_json,applied_after_manual_review,keep_current_confidence_until_source_review,no,Matching research-report source_ref exists in concepts.json; keep confidence decisions separate.,Applied source_ref exists in concepts.json; confidence still waits for textbook or direct middle-course evidence.
24,59,m1_geo_prism,기둥 모양 입체도형,원기둥,중1(교육과정 학년군: 중1-3),도형과 측정,입체도형의 성질,medium,108,연구보고서 p. 108,achievement_level_context; curriculum_context,candidate_achievement_level_evidence,applied_after_manual_review,medium,applied_to_concepts_json,applied_after_manual_review,keep_current_confidence_until_source_review,no,Matching research-report source_ref exists in concepts.json; keep confidence decisions separate.,Applied source_ref exists in concepts.json; confidence still waits for textbook or direct middle-course evidence.
25,23,m1_geo_line_segment,선분,선분,중1(교육과정 학년군: 중1-3),도형과 측정,기본 도형,low,130,연구보고서 p. 130,achievement_level_context; curriculum_context,candidate_achievement_level_evidence,manual_review_required,medium,candidate_add_after_manual_review,pending_manual_review,keep_low_until_textbook_or_middle_course_evidence,no,Research-report page appears to contain achievement-level context with repeated matches.,Review source page before changing concepts.json; this generated review does not apply source_refs.
26,55,m1_geo_pythagorean_right_angle,직각삼각형의 직각,직각,중2(교육과정 학년군: 중1-3),도형과 측정,피타고라스 정리,medium,130,연구보고서 p. 130,achievement_level_context; curriculum_context,candidate_achievement_level_evidence,manual_review_required,medium,candidate_add_after_manual_review,pending_manual_review,keep_current_confidence_until_source_review,no,Research-report page appears to contain achievement-level context with repeated matches.,Review source page before changing concepts.json; this generated review does not apply source_refs.
27,30,m1_geo_ray,반직선,반직선,중1(교육과정 학년군: 중1-3),도형과 측정,기본 도형,low,130,연구보고서 p. 130,achievement_level_context; curriculum_context,candidate_achievement_level_evidence,manual_review_required,medium,candidate_add_after_manual_review,pending_manual_review,keep_low_until_textbook_or_middle_course_evidence,no,Research-report page appears to contain achievement-level context with repeated matches.,Review source page before changing concepts.json; this generated review does not apply source_refs.
28,69,m1_geo_circle_radius,원의 반지름,반지름,중3(교육과정 학년군: 중1-3),도형과 측정,원의 성질,medium,131,연구보고서 p. 131,achievement_level_context; curriculum_context,candidate_achievement_level_evidence,manual_review_required,medium,candidate_add_after_manual_review,pending_manual_review,keep_current_confidence_until_source_review,no,Research-report page appears to contain achievement-level context with repeated matches.,Review source page before changing concepts.json; this generated review does not apply source_refs.
29,24,m1_geo_line_segment,선분,선분,중1(교육과정 학년군: 중1-3),도형과 측정,기본 도형,low,138,연구보고서 p. 138,achievement_level_context; curriculum_context,candidate_achievement_level_evidence,manual_review_required,medium,candidate_add_after_manual_review,pending_manual_review,keep_low_until_textbook_or_middle_course_evidence,no,Research-report page appears to contain achievement-level context with repeated matches.,Review source page before changing concepts.json; this generated review does not apply source_refs.
30,31,m1_geo_ray,반직선,반직선,중1(교육과정 학년군: 중1-3),도형과 측정,기본 도형,low,138,연구보고서 p. 138,achievement_level_context; curriculum_context,candidate_achievement_level_evidence,manual_review_required,medium,candidate_add_after_manual_review,pending_manual_review,keep_low_until_textbook_or_middle_course_evidence,no,Research-report page appears to contain achievement-level context with repeated matches.,Review source page before changing concepts.json; this generated review does not apply source_refs.
31,33,m1_geo_orthographic_drawing,겨냥도,겨냥도,중1(교육과정 학년군: 중1-3),도형과 측정,입체도형의 성질,low,173,연구보고서 p. 173,achievement_level_context; curriculum_context,candidate_achievement_level_evidence,applied_after_manual_review,medium,applied_to_concepts_json,applied_after_manual_review,keep_low_until_textbook_or_middle_course_evidence,no,Matching research-report source_ref exists in concepts.json; keep confidence decisions separate.,Applied source_ref exists in concepts.json; confidence still waits for textbook or direct middle-course evidence.
32,56,m1_geo_pyramid,뿔 모양 입체도형,각뿔,중1(교육과정 학년군: 중1-3),도형과 측정,입체도형의 성질,medium,174,연구보고서 p. 174,achievement_level_context; curriculum_context,candidate_achievement_level_evidence,applied_after_manual_review,medium,applied_to_concepts_json,applied_after_manual_review,keep_current_confidence_until_source_review,no,Matching research-report source_ref exists in concepts.json; keep confidence decisions separate.,Applied source_ref exists in concepts.json; confidence still waits for textbook or direct middle-course evidence.
33,75,m1_data_mean,평균,평균,중1(교육과정 학년군: 중1-3),자료와 가능성,대푯값,medium,177,연구보고서 p. 177,achievement_level_context; curriculum_context,candidate_achievement_level_evidence,applied_after_manual_review,medium,applied_to_concepts_json,applied_after_manual_review,keep_current_confidence_until_source_review,no,Matching research-report source_ref exists in concepts.json; keep confidence decisions separate.,Applied source_ref exists in concepts.json; confidence still waits for textbook or direct middle-course evidence.
34,57,m1_geo_pyramid,뿔 모양 입체도형,원뿔,중1(교육과정 학년군: 중1-3),도형과 측정,입체도형의 성질,medium,181,연구보고서 p. 181,achievement_level_context; teaching_learning_context,candidate_achievement_level_evidence,applied_after_manual_review,medium,applied_to_concepts_json,applied_after_manual_review,keep_current_confidence_until_source_review,no,Matching research-report source_ref exists in concepts.json; keep confidence decisions separate.,Applied source_ref exists in concepts.json; confidence still waits for textbook or direct middle-course evidence.
35,35,m1_geo_orthographic_drawing,겨냥도,겨냥도,중1(교육과정 학년군: 중1-3),도형과 측정,입체도형의 성질,low,182,연구보고서 p. 182,achievement_level_context; teaching_learning_context; curriculum_context,candidate_achievement_level_evidence,manual_review_required,medium,candidate_add_after_manual_review,pending_manual_review,keep_low_until_textbook_or_middle_course_evidence,no,Research-report page appears to contain achievement-level context with repeated matches.,Review source page before changing concepts.json; this generated review does not apply source_refs.
36,68,m1_geo_circle_radius,원의 반지름,반지름,중3(교육과정 학년군: 중1-3),도형과 측정,원의 성질,medium,61,연구보고서 p. 61,achievement_level_context; example_assessment_tool_context; assessment_context; teaching_learning_context; curriculum_context,candidate_assessment_item_evidence,manual_review_required,medium,candidate_add_after_manual_review,pending_manual_review,keep_current_confidence_until_source_review,no,Research-report page appears to contain assessment-item context for the matched concept.,Review source page before changing concepts.json; this generated review does not apply source_refs.
37,9,m1_num_ratio,비,비율,중1(교육과정 학년군: 중1-3),수와 연산,공통 선수개념,low,61,연구보고서 p. 61,achievement_level_context; example_assessment_tool_context; assessment_context; teaching_learning_context; curriculum_context,candidate_assessment_item_evidence,applied_after_manual_review,medium,applied_to_concepts_json,applied_after_manual_review,keep_low_until_textbook_or_middle_course_evidence,no,Matching research-report source_ref exists in concepts.json; keep confidence decisions separate.,Applied source_ref exists in concepts.json; confidence still waits for textbook or direct middle-course evidence.
38,48,m1_geo_area,넓이,넓이,중학교(교육과정 학년군: 중1-3),도형과 측정,도형과 측정,medium,62,연구보고서 p. 62,achievement_level_context; example_assessment_tool_context; assessment_context; curriculum_context,candidate_assessment_item_evidence,applied_after_manual_review,medium,applied_to_concepts_json,applied_after_manual_review,keep_current_confidence_until_source_review,no,Matching research-report source_ref exists in concepts.json; keep confidence decisions separate.,Applied source_ref exists in concepts.json; confidence still waits for textbook or direct middle-course evidence.
39,44,m1_geo_length,길이,길이,중학교(교육과정 학년군: 중1-3),도형과 측정,도형과 측정,medium,62,연구보고서 p. 62,achievement_level_context; example_assessment_tool_context; assessment_context; curriculum_context,candidate_assessment_item_evidence,applied_after_manual_review,medium,applied_to_concepts_json,applied_after_manual_review,keep_current_confidence_until_source_review,no,Matching research-report source_ref exists in concepts.json; keep confidence decisions separate.,Applied source_ref exists in concepts.json; confidence still waits for textbook or direct middle-course evidence.
40,17,m1_geo_line_segment,선분,선분,중1(교육과정 학년군: 중1-3),도형과 측정,기본 도형,low,62,연구보고서 p. 62,achievement_level_context; example_assessment_tool_context; assessment_context; curriculum_context,candidate_assessment_item_evidence,manual_review_required,medium,candidate_add_after_manual_review,pending_manual_review,keep_low_until_textbook_or_middle_course_evidence,no,Research-report page appears to contain assessment-item context for the matched concept.,Review source page before changing concepts.json; this generated review does not apply source_refs.
41,54,m1_geo_pythagorean_right_angle,직각삼각형의 직각,직각,중2(교육과정 학년군: 중1-3),도형과 측정,피타고라스 정리,medium,62,연구보고서 p. 62,achievement_level_context; example_assessment_tool_context; assessment_context; curriculum_context,candidate_assessment_item_evidence,manual_review_required,medium,candidate_add_after_manual_review,pending_manual_review,keep_current_confidence_until_source_review,no,Research-report page appears to contain assessment-item context for the matched concept.,Review source page before changing concepts.json; this generated review does not apply source_refs.
42,39,m1_geo_triangle,삼각형,삼각형,중학교(교육과정 학년군: 중1-3),도형과 측정,도형과 측정,medium,62,연구보고서 p. 62,achievement_level_context; example_assessment_tool_context; assessment_context; curriculum_context,candidate_assessment_item_evidence,applied_after_manual_review,medium,applied_to_concepts_json,applied_after_manual_review,keep_current_confidence_until_source_review,no,Matching research-report source_ref exists in concepts.json; keep confidence decisions separate.,Applied source_ref exists in concepts.json; confidence still waits for textbook or direct middle-course evidence.
43,21,m1_geo_line_segment,선분,선분,중1(교육과정 학년군: 중1-3),도형과 측정,기본 도형,low,114,연구보고서 p. 114,achievement_level_context; example_assessment_tool_context; assessment_context; curriculum_context,candidate_assessment_item_evidence,manual_review_required,medium,candidate_add_after_manual_review,pending_manual_review,keep_low_until_textbook_or_middle_course_evidence,no,Research-report page appears to contain assessment-item context for the matched concept.,Review source page before changing concepts.json; this generated review does not apply source_refs.
44,22,m1_geo_line_segment,선분,선분,중1(교육과정 학년군: 중1-3),도형과 측정,기본 도형,low,117,연구보고서 p. 117,example_assessment_tool_context; assessment_context,candidate_assessment_item_evidence,manual_review_required,medium,candidate_add_after_manual_review,pending_manual_review,keep_low_until_textbook_or_middle_course_evidence,no,Research-report page appears to contain assessment-item context for the matched concept.,Review source page before changing concepts.json; this generated review does not apply source_refs.
45,61,m1_data_route_path,이동 경로,경로,중2(교육과정 학년군: 중1-3),자료와 가능성,경우의 수와 확률,medium,141,연구보고서 p. 141,achievement_level_context; example_assessment_tool_context; assessment_context; curriculum_context,candidate_assessment_item_evidence,manual_review_required,medium,candidate_add_after_manual_review,pending_manual_review,keep_current_confidence_until_source_review,no,Research-report page appears to contain assessment-item context for the matched concept.,Review source page before changing concepts.json; this generated review does not apply source_refs.
46,16,m1_num_ratio,비,비율,중1(교육과정 학년군: 중1-3),수와 연산,공통 선수개념,low,184,연구보고서 p. 184,achievement_level_context; example_assessment_tool_context; assessment_context; curriculum_context,candidate_assessment_item_evidence,applied_after_manual_review,medium,applied_to_concepts_json,applied_after_manual_review,keep_low_until_textbook_or_middle_course_evidence,no,Matching research-report source_ref exists in concepts.json; keep confidence decisions separate.,Applied source_ref exists in concepts.json; confidence still waits for textbook or direct middle-course evidence.
47,8,m1_ineq_verbal_comparison_terms,이상·이하·초과·미만 표현,이상,중1(교육과정 학년군: 중1-3),변화와 관계,일차부등식,low,42,연구보고서 p. 42,achievement_level_context; assessment_context; curriculum_context,weak_occurrence_only,manual_review_required,medium,do_not_add_from_this_row,not_applicable_from_this_row,keep_low_until_textbook_or_middle_course_evidence,no,Matched term appears without enough page context for a source_ref decision.,Review source page before changing concepts.json; this generated review does not apply source_refs.
48,19,m1_geo_line_segment,선분,선분,중1(교육과정 학년군: 중1-3),도형과 측정,기본 도형,low,79,연구보고서 p. 79,achievement_level_context,weak_occurrence_only,manual_review_required,medium,do_not_add_from_this_row,not_applicable_from_this_row,keep_low_until_textbook_or_middle_course_evidence,no,Matched term appears without enough page context for a source_ref decision.,Review source page before changing concepts.json; this generated review does not apply source_refs.
49,32,m1_geo_ray,반직선,반직선,중1(교육과정 학년군: 중1-3),도형과 측정,기본 도형,low,139,연구보고서 p. 139,achievement_level_context,weak_occurrence_only,manual_review_required,medium,do_not_add_from_this_row,not_applicable_from_this_row,keep_low_until_textbook_or_middle_course_evidence,no,Matched term appears without enough page context for a source_ref decision.,Review source page before changing concepts.json; this generated review does not apply source_refs.
50,34,m1_geo_orthographic_drawing,겨냥도,겨냥도,중1(교육과정 학년군: 중1-3),도형과 측정,입체도형의 성질,low,181,연구보고서 p. 181,achievement_level_context; teaching_learning_context,weak_occurrence_only,manual_review_required,medium,do_not_add_from_this_row,not_applicable_from_this_row,keep_low_until_textbook_or_middle_course_evidence,no,Matched term appears without enough page context for a source_ref decision.,Review source page before changing concepts.json; this generated review does not apply source_refs.
51,72,m1_geo_correspondence,도형의 대응,대응,중2(교육과정 학년군: 중1-3),도형과 측정,도형의 닮음,medium,5,연구보고서 p. 5,achievement_level_context; example_assessment_tool_context; assessment_context; teaching_learning_context; curriculum_context,broad_report_context_only,manual_review_required,low,do_not_add_from_this_row,not_applicable_from_this_row,keep_current_confidence_until_source_review,no,"Page appears to be table-of-contents, overview, or broad curriculum context.",Review source page before changing concepts.json; this generated review does not apply source_refs.
52,36,m1_geo_figure,도형,도형,중학교(교육과정 학년군: 중1-3),도형과 측정,도형과 측정,medium,9,연구보고서 p. 9,achievement_level_context; example_assessment_tool_context; assessment_context; curriculum_context,broad_report_context_only,manual_review_required,low,do_not_add_from_this_row,not_applicable_from_this_row,keep_current_confidence_until_source_review,no,"Page appears to be table-of-contents, overview, or broad curriculum context.",Review source page before changing concepts.json; this generated review does not apply source_refs.
53,73,m1_geo_correspondence,도형의 대응,대응,중2(교육과정 학년군: 중1-3),도형과 측정,도형의 닮음,medium,12,연구보고서 p. 12,achievement_level_context; assessment_context; teaching_learning_context; curriculum_context,broad_report_context_only,manual_review_required,low,do_not_add_from_this_row,not_applicable_from_this_row,keep_current_confidence_until_source_review,no,"Page appears to be table-of-contents, overview, or broad curriculum context.",Review source page before changing concepts.json; this generated review does not apply source_refs.
54,37,m1_geo_figure,도형,도형,중학교(교육과정 학년군: 중1-3),도형과 측정,도형과 측정,medium,12,연구보고서 p. 12,achievement_level_context; assessment_context; teaching_learning_context; curriculum_context,broad_report_context_only,manual_review_required,low,do_not_add_from_this_row,not_applicable_from_this_row,keep_current_confidence_until_source_review,no,"Page appears to be table-of-contents, overview, or broad curriculum context.",Review source page before changing concepts.json; this generated review does not apply source_refs.
55,66,m1_num_divisor,약수,약수,중1(교육과정 학년군: 중1-3),수와 연산,소인수분해,medium,13,연구보고서 p. 13,achievement_level_context; assessment_context; teaching_learning_context; curriculum_context,broad_report_context_only,manual_review_required,low,do_not_add_from_this_row,not_applicable_from_this_row,keep_current_confidence_until_source_review,no,"Page appears to be table-of-contents, overview, or broad curriculum context.",Review source page before changing concepts.json; this generated review does not apply source_refs.
56,64,m1_num_multiple,배수,배수,중1(교육과정 학년군: 중1-3),수와 연산,소인수분해,medium,13,연구보고서 p. 13,achievement_level_context; assessment_context; teaching_learning_context; curriculum_context,broad_report_context_only,manual_review_required,low,do_not_add_from_this_row,not_applicable_from_this_row,keep_current_confidence_until_source_review,no,"Page appears to be table-of-contents, overview, or broad curriculum context.",Review source page before changing concepts.json; this generated review does not apply source_refs.
57,40,m1_num_addition,덧셈,덧셈,중1(교육과정 학년군: 중1-3),수와 연산,정수와 유리수,medium,26,연구보고서 p. 26,achievement_level_context; teaching_learning_context; curriculum_context,broad_report_context_only,manual_review_required,low,do_not_add_from_this_row,not_applicable_from_this_row,keep_current_confidence_until_source_review,no,"Page appears to be table-of-contents, overview, or broad curriculum context.",Review source page before changing concepts.json; this generated review does not apply source_refs.
58,50,m1_num_division,나눗셈,나눗셈,중1(교육과정 학년군: 중1-3),수와 연산,정수와 유리수,medium,26,연구보고서 p. 26,achievement_level_context; teaching_learning_context; curriculum_context,broad_report_context_only,manual_review_required,low,do_not_add_from_this_row,not_applicable_from_this_row,keep_current_confidence_until_source_review,no,"Page appears to be table-of-contents, overview, or broad curriculum context.",Review source page before changing concepts.json; this generated review does not apply source_refs.
59,67,m1_num_divisor,약수,약수,중1(교육과정 학년군: 중1-3),수와 연산,소인수분해,medium,26,연구보고서 p. 26,achievement_level_context; teaching_learning_context; curriculum_context,broad_report_context_only,manual_review_required,low,do_not_add_from_this_row,not_applicable_from_this_row,keep_current_confidence_until_source_review,no,"Page appears to be table-of-contents, overview, or broad curriculum context.",Review source page before changing concepts.json; this generated review does not apply source_refs.
60,65,m1_num_multiple,배수,배수,중1(교육과정 학년군: 중1-3),수와 연산,소인수분해,medium,26,연구보고서 p. 26,achievement_level_context; teaching_learning_context; curriculum_context,broad_report_context_only,manual_review_required,low,do_not_add_from_this_row,not_applicable_from_this_row,keep_current_confidence_until_source_review,no,"Page appears to be table-of-contents, overview, or broad curriculum context.",Review source page before changing concepts.json; this generated review does not apply source_refs.
61,46,m1_num_multiplication,곱셈,곱셈,중1(교육과정 학년군: 중1-3),수와 연산,정수와 유리수,medium,26,연구보고서 p. 26,achievement_level_context; teaching_learning_context; curriculum_context,broad_report_context_only,manual_review_required,low,do_not_add_from_this_row,not_applicable_from_this_row,keep_current_confidence_until_source_review,no,"Page appears to be table-of-contents, overview, or broad curriculum context.",Review source page before changing concepts.json; this generated review does not apply source_refs.
62,42,m1_num_subtraction,뺄셈,뺄셈,중1(교육과정 학년군: 중1-3),수와 연산,정수와 유리수,medium,26,연구보고서 p. 26,achievement_level_context; teaching_learning_context; curriculum_context,broad_report_context_only,manual_review_required,low,do_not_add_from_this_row,not_applicable_from_this_row,keep_current_confidence_until_source_review,no,"Page appears to be table-of-contents, overview, or broad curriculum context.",Review source page before changing concepts.json; this generated review does not apply source_refs.
63,70,m1_quad_eq_coefficients_in_standard_form,이차방정식의 계수,"a, b, c",중3(교육과정 학년군: 중1-3),변화와 관계,이차방정식,medium,35,연구보고서 p. 35,achievement_level_context; assessment_context; teaching_learning_context; curriculum_context,broad_report_context_only,manual_review_required,low,do_not_add_from_this_row,not_applicable_from_this_row,keep_current_confidence_until_source_review,no,"Page appears to be table-of-contents, overview, or broad curriculum context.",Review source page before changing concepts.json; this generated review does not apply source_refs.
64,71,m1_quad_eq_coefficients_in_standard_form,이차방정식의 계수,"a, b, c",중3(교육과정 학년군: 중1-3),변화와 관계,이차방정식,medium,37,연구보고서 p. 37,achievement_level_context; curriculum_context,broad_report_context_only,manual_review_required,low,do_not_add_from_this_row,not_applicable_from_this_row,keep_current_confidence_until_source_review,no,"Page appears to be table-of-contents, overview, or broad curriculum context.",Review source page before changing concepts.json; this generated review does not apply source_refs.
65,41,m1_num_addition,덧셈,덧셈,중1(교육과정 학년군: 중1-3),수와 연산,정수와 유리수,medium,47,연구보고서 p. 47,achievement_level_context; assessment_context; teaching_learning_context; curriculum_context,broad_report_context_only,manual_review_required,low,do_not_add_from_this_row,not_applicable_from_this_row,keep_current_confidence_until_source_review,no,"Page appears to be table-of-contents, overview, or broad curriculum context.",Review source page before changing concepts.json; this generated review does not apply source_refs.
66,47,m1_num_multiplication,곱셈,곱셈,중1(교육과정 학년군: 중1-3),수와 연산,정수와 유리수,medium,47,연구보고서 p. 47,achievement_level_context; assessment_context; teaching_learning_context; curriculum_context,broad_report_context_only,manual_review_required,low,do_not_add_from_this_row,not_applicable_from_this_row,keep_current_confidence_until_source_review,no,"Page appears to be table-of-contents, overview, or broad curriculum context.",Review source page before changing concepts.json; this generated review does not apply source_refs.
67,43,m1_num_subtraction,뺄셈,뺄셈,중1(교육과정 학년군: 중1-3),수와 연산,정수와 유리수,medium,47,연구보고서 p. 47,achievement_level_context; assessment_context; teaching_learning_context; curriculum_context,broad_report_context_only,manual_review_required,low,do_not_add_from_this_row,not_applicable_from_this_row,keep_current_confidence_until_source_review,no,"Page appears to be table-of-contents, overview, or broad curriculum context.",Review source page before changing concepts.json; this generated review does not apply source_refs.
68,62,m1_func_intersection_point,교점,그래프의 교점,중1(교육과정 학년군: 중1-3),변화와 관계,일차함수와 일차방정식의 관계,medium,57,연구보고서 p. 57,achievement_level_context,broad_report_context_only,manual_review_required,low,do_not_add_from_this_row,not_applicable_from_this_row,keep_current_confidence_until_source_review,no,"Page appears to be table-of-contents, overview, or broad curriculum context.",Review source page before changing concepts.json; this generated review does not apply source_refs.
69,51,m1_num_division,나눗셈,나눗셈,중1(교육과정 학년군: 중1-3),수와 연산,정수와 유리수,medium,57,연구보고서 p. 57,achievement_level_context,broad_report_context_only,manual_review_required,low,do_not_add_from_this_row,not_applicable_from_this_row,keep_current_confidence_until_source_review,no,"Page appears to be table-of-contents, overview, or broad curriculum context.",Review source page before changing concepts.json; this generated review does not apply source_refs.
70,52,m1_prop_inverse_proportion,반비례,반비례 관계,중1(교육과정 학년군: 중1-3),변화와 관계,좌표평면과 그래프,medium,57,연구보고서 p. 57,achievement_level_context,broad_report_context_only,manual_review_required,low,do_not_add_from_this_row,not_applicable_from_this_row,keep_current_confidence_until_source_review,no,"Page appears to be table-of-contents, overview, or broad curriculum context.",Review source page before changing concepts.json; this generated review does not apply source_refs.
71,60,m1_data_route_path,이동 경로,경로,중2(교육과정 학년군: 중1-3),자료와 가능성,경우의 수와 확률,medium,60,연구보고서 p. 60,achievement_level_context; example_assessment_tool_context; assessment_context; curriculum_context,broad_report_context_only,manual_review_required,low,do_not_add_from_this_row,not_applicable_from_this_row,keep_current_confidence_until_source_review,no,"Page appears to be table-of-contents, overview, or broad curriculum context.",Review source page before changing concepts.json; this generated review does not apply source_refs.
72,38,m1_geo_triangle,삼각형,삼각형,중학교(교육과정 학년군: 중1-3),도형과 측정,도형과 측정,medium,60,연구보고서 p. 60,achievement_level_context; example_assessment_tool_context; assessment_context; curriculum_context,broad_report_context_only,manual_review_required,low,do_not_add_from_this_row,not_applicable_from_this_row,keep_current_confidence_until_source_review,no,"Page appears to be table-of-contents, overview, or broad curriculum context.",Review source page before changing concepts.json; this generated review does not apply source_refs.
73,49,m1_geo_area,넓이,넓이,중학교(교육과정 학년군: 중1-3),도형과 측정,도형과 측정,medium,77,연구보고서 p. 77,achievement_level_context; curriculum_context,broad_report_context_only,manual_review_required,low,do_not_add_from_this_row,not_applicable_from_this_row,keep_current_confidence_until_source_review,no,"Page appears to be table-of-contents, overview, or broad curriculum context.",Review source page before changing concepts.json; this generated review does not apply source_refs.
74,45,m1_geo_length,길이,길이,중학교(교육과정 학년군: 중1-3),도형과 측정,도형과 측정,medium,77,연구보고서 p. 77,achievement_level_context; curriculum_context,broad_report_context_only,manual_review_required,low,do_not_add_from_this_row,not_applicable_from_this_row,keep_current_confidence_until_source_review,no,"Page appears to be table-of-contents, overview, or broad curriculum context.",Review source page before changing concepts.json; this generated review does not apply source_refs.
75,74,m1_data_mean,평균,평균,중1(교육과정 학년군: 중1-3),자료와 가능성,대푯값,medium,91,연구보고서 p. 91,achievement_level_context; example_assessment_tool_context; assessment_context; teaching_learning_context; curriculum_context,broad_report_context_only,manual_review_required,low,do_not_add_from_this_row,not_applicable_from_this_row,keep_current_confidence_until_source_review,no,"Page appears to be table-of-contents, overview, or broad curriculum context.",Review source page before changing concepts.json; this generated review does not apply source_refs.
